entity	entity_type	member	kind	process	platforms	tags	inherited_from	family	tier	keld_status	keld_subsystem	linear_owners	demand_drawio	demand_zettlr	demand_quickstart	github_ticket	electron_doc
app	Module	quit	method	main	all			F01-app-lifecycle	1	BEHAVIOR_MATCH ▲ (Promise<void>)	@keld/electron + @keld/api + keld-core lifecycle + keld-native(deeplink/autostart/dock)	KEL-72,KEL-142,KEL-139	6	14	1		https://electronjs.org/docs/api/app
app	Module	exit	method	main	all			F01-app-lifecycle	1	UNSUPPORTED	@keld/electron + @keld/api + keld-core lifecycle + keld-native(deeplink/autostart/dock)	KEL-72,KEL-142,KEL-139	7	14	0		https://electronjs.org/docs/api/app
app	Module	relaunch	method	main	all			F01-app-lifecycle	1	UNSUPPORTED	@keld/electron + @keld/api + keld-core lifecycle + keld-native(deeplink/autostart/dock)	KEL-72,KEL-142,KEL-139	0	4	0		https://electronjs.org/docs/api/app
app	Module	isReady	method	main	all			F01-app-lifecycle	1	PARTIAL	@keld/electron + @keld/api + keld-core lifecycle + keld-native(deeplink/autostart/dock)	KEL-72,KEL-142,KEL-139	0	0	0		https://electronjs.org/docs/api/app
app	Module	whenReady	method	main	all			F01-app-lifecycle	1	BEHAVIOR_MATCH	@keld/electron + @keld/api + keld-core lifecycle + keld-native(deeplink/autostart/dock)	KEL-72,KEL-142,KEL-139	2	1	1		https://electronjs.org/docs/api/app
app	Module	focus	method	main	all			F01-app-lifecycle	1	UNSUPPORTED	@keld/electron + @keld/api + keld-core lifecycle + keld-native(deeplink/autostart/dock)	KEL-72,KEL-142,KEL-139	0	26	0		https://electronjs.org/docs/api/app
app	Module	isActive	method	main	macos			F01-app-lifecycle	1	UNSUPPORTED	@keld/electron + @keld/api + keld-core lifecycle + keld-native(deeplink/autostart/dock)	KEL-72,KEL-142,KEL-139	0	0	0		https://electronjs.org/docs/api/app
app	Module	hide	method	main	macos			F01-app-lifecycle	1	UNSUPPORTED	@keld/electron + @keld/api + keld-core lifecycle + keld-native(deeplink/autostart/dock)	KEL-72,KEL-142,KEL-139	0	0	0		https://electronjs.org/docs/api/app
app	Module	isHidden	method	main	macos			F01-app-lifecycle	1	UNSUPPORTED	@keld/electron + @keld/api + keld-core lifecycle + keld-native(deeplink/autostart/dock)	KEL-72,KEL-142,KEL-139	0	0	0		https://electronjs.org/docs/api/app
app	Module	show	method	main	macos			F01-app-lifecycle	1	UNSUPPORTED	@keld/electron + @keld/api + keld-core lifecycle + keld-native(deeplink/autostart/dock)	KEL-72,KEL-142,KEL-139	1	18	0		https://electronjs.org/docs/api/app
app	Module	setAppLogsPath	method	main	all			F01-app-lifecycle	1	UNSUPPORTED	@keld/electron + @keld/api + keld-core lifecycle + keld-native(deeplink/autostart/dock)	KEL-72,KEL-142,KEL-139	0	1	0		https://electronjs.org/docs/api/app
app	Module	getAppPath	method	main	all			F01-app-lifecycle	1	UNSUPPORTED	@keld/electron + @keld/api + keld-core lifecycle + keld-native(deeplink/autostart/dock)	KEL-72,KEL-142,KEL-139	0	0	0		https://electronjs.org/docs/api/app
app	Module	getPath	method	main	all			F01-app-lifecycle	1	UNSUPPORTED	@keld/electron + @keld/api + keld-core lifecycle + keld-native(deeplink/autostart/dock)	KEL-72,KEL-142,KEL-139	3	40	0		https://electronjs.org/docs/api/app
app	Module	getFileIcon	method	main	all			F01-app-lifecycle	1	UNSUPPORTED	@keld/electron + @keld/api + keld-core lifecycle + keld-native(deeplink/autostart/dock)	KEL-72,KEL-142,KEL-139	0	0	0		https://electronjs.org/docs/api/app
app	Module	setPath	method	main	all			F01-app-lifecycle	1	UNSUPPORTED	@keld/electron + @keld/api + keld-core lifecycle + keld-native(deeplink/autostart/dock)	KEL-72,KEL-142,KEL-139	0	1	0		https://electronjs.org/docs/api/app
app	Module	getVersion	method	main	all			F01-app-lifecycle	1	UNSUPPORTED	@keld/electron + @keld/api + keld-core lifecycle + keld-native(deeplink/autostart/dock)	KEL-72,KEL-142,KEL-139	4	6	0		https://electronjs.org/docs/api/app
app	Module	getName	method	main	all			F01-app-lifecycle	1	UNSUPPORTED	@keld/electron + @keld/api + keld-core lifecycle + keld-native(deeplink/autostart/dock)	KEL-72,KEL-142,KEL-139	0	2	0		https://electronjs.org/docs/api/app
app	Module	setName	method	main	all			F01-app-lifecycle	1	UNSUPPORTED	@keld/electron + @keld/api + keld-core lifecycle + keld-native(deeplink/autostart/dock)	KEL-72,KEL-142,KEL-139	0	0	0		https://electronjs.org/docs/api/app
app	Module	setDesktopName	method	main	linux			F01-app-lifecycle	1	UNSUPPORTED	@keld/electron + @keld/api + keld-core lifecycle + keld-native(deeplink/autostart/dock)	KEL-72,KEL-142,KEL-139	0	0	0		https://electronjs.org/docs/api/app
app	Module	getLocale	method	main	all			F01-app-lifecycle	1	UNSUPPORTED	@keld/electron + @keld/api + keld-core lifecycle + keld-native(deeplink/autostart/dock)	KEL-72,KEL-142,KEL-139	1	3	0		https://electronjs.org/docs/api/app
app	Module	getLocaleCountryCode	method	main	all			F01-app-lifecycle	1	UNSUPPORTED	@keld/electron + @keld/api + keld-core lifecycle + keld-native(deeplink/autostart/dock)	KEL-72,KEL-142,KEL-139	0	0	0		https://electronjs.org/docs/api/app
app	Module	getSystemLocale	method	main	all			F01-app-lifecycle	1	UNSUPPORTED	@keld/electron + @keld/api + keld-core lifecycle + keld-native(deeplink/autostart/dock)	KEL-72,KEL-142,KEL-139	0	0	0		https://electronjs.org/docs/api/app
app	Module	getPreferredSystemLanguages	method	main	all			F01-app-lifecycle	1	UNSUPPORTED	@keld/electron + @keld/api + keld-core lifecycle + keld-native(deeplink/autostart/dock)	KEL-72,KEL-142,KEL-139	0	0	0		https://electronjs.org/docs/api/app
app	Module	addRecentDocument	method	main	macos,windows			F01-app-lifecycle	1	UNSUPPORTED	@keld/electron + @keld/api + keld-core lifecycle + keld-native(deeplink/autostart/dock)	KEL-72,KEL-142,KEL-139	0	1	0		https://electronjs.org/docs/api/app
app	Module	clearRecentDocuments	method	main	macos,windows			F01-app-lifecycle	1	UNSUPPORTED	@keld/electron + @keld/api + keld-core lifecycle + keld-native(deeplink/autostart/dock)	KEL-72,KEL-142,KEL-139	0	1	0		https://electronjs.org/docs/api/app
app	Module	getRecentDocuments	method	main	macos,windows			F01-app-lifecycle	1	UNSUPPORTED	@keld/electron + @keld/api + keld-core lifecycle + keld-native(deeplink/autostart/dock)	KEL-72,KEL-142,KEL-139	0	1	0		https://electronjs.org/docs/api/app
app	Module	setAsDefaultProtocolClient	method	main	all			F01-app-lifecycle	1	UNSUPPORTED	@keld/electron + @keld/api + keld-core lifecycle + keld-native(deeplink/autostart/dock)	KEL-72,KEL-142,KEL-139	0	0	0		https://electronjs.org/docs/api/app
app	Module	removeAsDefaultProtocolClient	method	main	macos,windows			F01-app-lifecycle	1	UNSUPPORTED	@keld/electron + @keld/api + keld-core lifecycle + keld-native(deeplink/autostart/dock)	KEL-72,KEL-142,KEL-139	0	0	0		https://electronjs.org/docs/api/app
app	Module	isDefaultProtocolClient	method	main	all			F01-app-lifecycle	1	UNSUPPORTED	@keld/electron + @keld/api + keld-core lifecycle + keld-native(deeplink/autostart/dock)	KEL-72,KEL-142,KEL-139	0	0	0		https://electronjs.org/docs/api/app
app	Module	getApplicationNameForProtocol	method	main	all			F01-app-lifecycle	1	UNSUPPORTED	@keld/electron + @keld/api + keld-core lifecycle + keld-native(deeplink/autostart/dock)	KEL-72,KEL-142,KEL-139	0	0	0		https://electronjs.org/docs/api/app
app	Module	getApplicationInfoForProtocol	method	main	all			F01-app-lifecycle	1	UNSUPPORTED	@keld/electron + @keld/api + keld-core lifecycle + keld-native(deeplink/autostart/dock)	KEL-72,KEL-142,KEL-139	0	0	0		https://electronjs.org/docs/api/app
app	Module	setUserTasks	method	main	windows			F01-app-lifecycle	1	UNSUPPORTED	@keld/electron + @keld/api + keld-core lifecycle + keld-native(deeplink/autostart/dock)	KEL-72,KEL-142,KEL-139	0	0	0		https://electronjs.org/docs/api/app
app	Module	getJumpListSettings	method	main	windows			F01-app-lifecycle	1	UNSUPPORTED	@keld/electron + @keld/api + keld-core lifecycle + keld-native(deeplink/autostart/dock)	KEL-72,KEL-142,KEL-139	0	0	0		https://electronjs.org/docs/api/app
app	Module	setJumpList	method	main	windows			F01-app-lifecycle	1	UNSUPPORTED	@keld/electron + @keld/api + keld-core lifecycle + keld-native(deeplink/autostart/dock)	KEL-72,KEL-142,KEL-139	0	0	0		https://electronjs.org/docs/api/app
app	Module	requestSingleInstanceLock	method	main	all			F01-app-lifecycle	1	UNSUPPORTED	@keld/electron + @keld/api + keld-core lifecycle + keld-native(deeplink/autostart/dock)	KEL-72,KEL-142,KEL-139	1	1	0		https://electronjs.org/docs/api/app
app	Module	hasSingleInstanceLock	method	main	all			F01-app-lifecycle	1	UNSUPPORTED	@keld/electron + @keld/api + keld-core lifecycle + keld-native(deeplink/autostart/dock)	KEL-72,KEL-142,KEL-139	0	0	0		https://electronjs.org/docs/api/app
app	Module	releaseSingleInstanceLock	method	main	all			F01-app-lifecycle	1	UNSUPPORTED	@keld/electron + @keld/api + keld-core lifecycle + keld-native(deeplink/autostart/dock)	KEL-72,KEL-142,KEL-139	0	0	0		https://electronjs.org/docs/api/app
app	Module	setUserActivity	method	main	macos			F01-app-lifecycle	1	UNSUPPORTED	@keld/electron + @keld/api + keld-core lifecycle + keld-native(deeplink/autostart/dock)	KEL-72,KEL-142,KEL-139	0	0	0		https://electronjs.org/docs/api/app
app	Module	getCurrentActivityType	method	main	macos			F01-app-lifecycle	1	UNSUPPORTED	@keld/electron + @keld/api + keld-core lifecycle + keld-native(deeplink/autostart/dock)	KEL-72,KEL-142,KEL-139	0	0	0		https://electronjs.org/docs/api/app
app	Module	invalidateCurrentActivity	method	main	macos			F01-app-lifecycle	1	UNSUPPORTED	@keld/electron + @keld/api + keld-core lifecycle + keld-native(deeplink/autostart/dock)	KEL-72,KEL-142,KEL-139	0	0	0		https://electronjs.org/docs/api/app
app	Module	resignCurrentActivity	method	main	macos			F01-app-lifecycle	1	UNSUPPORTED	@keld/electron + @keld/api + keld-core lifecycle + keld-native(deeplink/autostart/dock)	KEL-72,KEL-142,KEL-139	0	0	0		https://electronjs.org/docs/api/app
app	Module	updateCurrentActivity	method	main	macos			F01-app-lifecycle	1	UNSUPPORTED	@keld/electron + @keld/api + keld-core lifecycle + keld-native(deeplink/autostart/dock)	KEL-72,KEL-142,KEL-139	0	0	0		https://electronjs.org/docs/api/app
app	Module	setAppUserModelId	method	main	windows			F01-app-lifecycle	1	UNSUPPORTED	@keld/electron + @keld/api + keld-core lifecycle + keld-native(deeplink/autostart/dock)	KEL-72,KEL-142,KEL-139	0	1	0		https://electronjs.org/docs/api/app
app	Module	setToastActivatorCLSID	method	main	windows			F01-app-lifecycle	1	UNSUPPORTED	@keld/electron + @keld/api + keld-core lifecycle + keld-native(deeplink/autostart/dock)	KEL-72,KEL-142,KEL-139	0	0	0		https://electronjs.org/docs/api/app
app	Module	setActivationPolicy	method	main	macos			F01-app-lifecycle	1	UNSUPPORTED	@keld/electron + @keld/api + keld-core lifecycle + keld-native(deeplink/autostart/dock)	KEL-72,KEL-142,KEL-139	0	0	0		https://electronjs.org/docs/api/app
app	Module	importCertificate	method	main	linux			F01-app-lifecycle	1	UNSUPPORTED	@keld/electron + @keld/api + keld-core lifecycle + keld-native(deeplink/autostart/dock)	KEL-72,KEL-142,KEL-139	0	0	0		https://electronjs.org/docs/api/app
app	Module	configureHostResolver	method	main	all			F01-app-lifecycle	1	UNSUPPORTED	@keld/electron + @keld/api + keld-core lifecycle + keld-native(deeplink/autostart/dock)	KEL-72,KEL-142,KEL-139	0	0	0		https://electronjs.org/docs/api/app
app	Module	configureWebAuthn	method	main	macos			F01-app-lifecycle	1	UNSUPPORTED	@keld/electron + @keld/api + keld-core lifecycle + keld-native(deeplink/autostart/dock)	KEL-72,KEL-142,KEL-139	0	0	0		https://electronjs.org/docs/api/app
app	Module	disableHardwareAcceleration	method	main	all			F01-app-lifecycle	1	UNSUPPORTED	@keld/electron + @keld/api + keld-core lifecycle + keld-native(deeplink/autostart/dock)	KEL-72,KEL-142,KEL-139	1	1	0		https://electronjs.org/docs/api/app
app	Module	isHardwareAccelerationEnabled	method	main	all			F01-app-lifecycle	1	UNSUPPORTED	@keld/electron + @keld/api + keld-core lifecycle + keld-native(deeplink/autostart/dock)	KEL-72,KEL-142,KEL-139	0	0	0		https://electronjs.org/docs/api/app
app	Module	disableDomainBlockingFor3DAPIs	method	main	all			F01-app-lifecycle	1	UNSUPPORTED	@keld/electron + @keld/api + keld-core lifecycle + keld-native(deeplink/autostart/dock)	KEL-72,KEL-142,KEL-139	0	0	0		https://electronjs.org/docs/api/app
app	Module	getAppMetrics	method	main	all			F01-app-lifecycle	1	UNSUPPORTED	@keld/electron + @keld/api + keld-core lifecycle + keld-native(deeplink/autostart/dock)	KEL-72,KEL-142,KEL-139	0	0	0		https://electronjs.org/docs/api/app
app	Module	getGPUFeatureStatus	method	main	all			F01-app-lifecycle	1	UNSUPPORTED	@keld/electron + @keld/api + keld-core lifecycle + keld-native(deeplink/autostart/dock)	KEL-72,KEL-142,KEL-139	0	0	0		https://electronjs.org/docs/api/app
app	Module	getGPUInfo	method	main	all			F01-app-lifecycle	1	UNSUPPORTED	@keld/electron + @keld/api + keld-core lifecycle + keld-native(deeplink/autostart/dock)	KEL-72,KEL-142,KEL-139	0	0	0		https://electronjs.org/docs/api/app
app	Module	setBadgeCount	method	main	linux,macos			F01-app-lifecycle	1	UNSUPPORTED	@keld/electron + @keld/api + keld-core lifecycle + keld-native(deeplink/autostart/dock)	KEL-72,KEL-142,KEL-139	0	0	0		https://electronjs.org/docs/api/app
app	Module	getBadgeCount	method	main	macos			F01-app-lifecycle	1	UNSUPPORTED	@keld/electron + @keld/api + keld-core lifecycle + keld-native(deeplink/autostart/dock)	KEL-72,KEL-142,KEL-139	0	0	0		https://electronjs.org/docs/api/app
app	Module	getLoginItemSettings	method	main	macos,windows			F01-app-lifecycle	1	UNSUPPORTED	@keld/electron + @keld/api + keld-core lifecycle + keld-native(deeplink/autostart/dock)	KEL-72,KEL-142,KEL-139	0	0	0		https://electronjs.org/docs/api/app
app	Module	setLoginItemSettings	method	main	macos,windows			F01-app-lifecycle	1	UNSUPPORTED	@keld/electron + @keld/api + keld-core lifecycle + keld-native(deeplink/autostart/dock)	KEL-72,KEL-142,KEL-139	0	0	0		https://electronjs.org/docs/api/app
app	Module	isAccessibilitySupportEnabled	method	main	macos,windows			F01-app-lifecycle	1	UNSUPPORTED	@keld/electron + @keld/api + keld-core lifecycle + keld-native(deeplink/autostart/dock)	KEL-72,KEL-142,KEL-139	0	0	0		https://electronjs.org/docs/api/app
app	Module	setAccessibilitySupportEnabled	method	main	macos,windows			F01-app-lifecycle	1	UNSUPPORTED	@keld/electron + @keld/api + keld-core lifecycle + keld-native(deeplink/autostart/dock)	KEL-72,KEL-142,KEL-139	0	0	0		https://electronjs.org/docs/api/app
app	Module	getAccessibilitySupportFeatures	method	main	macos,windows			F01-app-lifecycle	1	UNSUPPORTED	@keld/electron + @keld/api + keld-core lifecycle + keld-native(deeplink/autostart/dock)	KEL-72,KEL-142,KEL-139	0	0	0		https://electronjs.org/docs/api/app
app	Module	setAccessibilitySupportFeatures	method	main	macos,windows			F01-app-lifecycle	1	UNSUPPORTED	@keld/electron + @keld/api + keld-core lifecycle + keld-native(deeplink/autostart/dock)	KEL-72,KEL-142,KEL-139	0	0	0		https://electronjs.org/docs/api/app
app	Module	showAboutPanel	method	main	all			F01-app-lifecycle	1	UNSUPPORTED	@keld/electron + @keld/api + keld-core lifecycle + keld-native(deeplink/autostart/dock)	KEL-72,KEL-142,KEL-139	0	0	0		https://electronjs.org/docs/api/app
app	Module	setAboutPanelOptions	method	main	all			F01-app-lifecycle	1	UNSUPPORTED	@keld/electron + @keld/api + keld-core lifecycle + keld-native(deeplink/autostart/dock)	KEL-72,KEL-142,KEL-139	0	1	0		https://electronjs.org/docs/api/app
app	Module	isEmojiPanelSupported	method	main	all			F01-app-lifecycle	1	UNSUPPORTED	@keld/electron + @keld/api + keld-core lifecycle + keld-native(deeplink/autostart/dock)	KEL-72,KEL-142,KEL-139	0	0	0		https://electronjs.org/docs/api/app
app	Module	showEmojiPanel	method	main	macos,windows			F01-app-lifecycle	1	UNSUPPORTED	@keld/electron + @keld/api + keld-core lifecycle + keld-native(deeplink/autostart/dock)	KEL-72,KEL-142,KEL-139	0	0	0		https://electronjs.org/docs/api/app
app	Module	startAccessingSecurityScopedResource	method	main	mas			F01-app-lifecycle	1	UNSUPPORTED	@keld/electron + @keld/api + keld-core lifecycle + keld-native(deeplink/autostart/dock)	KEL-72,KEL-142,KEL-139	0	0	0		https://electronjs.org/docs/api/app
app	Module	enableSandbox	method	main	all			F01-app-lifecycle	1	UNSUPPORTED	@keld/electron + @keld/api + keld-core lifecycle + keld-native(deeplink/autostart/dock)	KEL-72,KEL-142,KEL-139	1	0	0		https://electronjs.org/docs/api/app
app	Module	isInApplicationsFolder	method	main	macos			F01-app-lifecycle	1	UNSUPPORTED	@keld/electron + @keld/api + keld-core lifecycle + keld-native(deeplink/autostart/dock)	KEL-72,KEL-142,KEL-139	0	0	0		https://electronjs.org/docs/api/app
app	Module	moveToApplicationsFolder	method	main	macos			F01-app-lifecycle	1	UNSUPPORTED	@keld/electron + @keld/api + keld-core lifecycle + keld-native(deeplink/autostart/dock)	KEL-72,KEL-142,KEL-139	0	0	0		https://electronjs.org/docs/api/app
app	Module	isSecureKeyboardEntryEnabled	method	main	macos			F01-app-lifecycle	1	UNSUPPORTED	@keld/electron + @keld/api + keld-core lifecycle + keld-native(deeplink/autostart/dock)	KEL-72,KEL-142,KEL-139	0	0	0		https://electronjs.org/docs/api/app
app	Module	setSecureKeyboardEntryEnabled	method	main	macos			F01-app-lifecycle	1	UNSUPPORTED	@keld/electron + @keld/api + keld-core lifecycle + keld-native(deeplink/autostart/dock)	KEL-72,KEL-142,KEL-139	0	0	0		https://electronjs.org/docs/api/app
app	Module	setProxy	method	main	all			F01-app-lifecycle	1	UNSUPPORTED	@keld/electron + @keld/api + keld-core lifecycle + keld-native(deeplink/autostart/dock)	KEL-72,KEL-142,KEL-139	0	0	0		https://electronjs.org/docs/api/app
app	Module	resolveProxy	method	main	all			F01-app-lifecycle	1	UNSUPPORTED	@keld/electron + @keld/api + keld-core lifecycle + keld-native(deeplink/autostart/dock)	KEL-72,KEL-142,KEL-139	0	0	0		https://electronjs.org/docs/api/app
app	Module	setClientCertRequestPasswordHandler	method	main	all			F01-app-lifecycle	1	UNSUPPORTED	@keld/electron + @keld/api + keld-core lifecycle + keld-native(deeplink/autostart/dock)	KEL-72,KEL-142,KEL-139	0	0	0		https://electronjs.org/docs/api/app
app	Module	will-finish-launching	event	main	all			F01-app-lifecycle	1	UNSUPPORTED	@keld/electron + @keld/api + keld-core lifecycle + keld-native(deeplink/autostart/dock)	KEL-72,KEL-142,KEL-139	1	0	0		https://electronjs.org/docs/api/app
app	Module	ready	event	main	all			F01-app-lifecycle	1	BEHAVIOR_MATCH	@keld/electron + @keld/api + keld-core lifecycle + keld-native(deeplink/autostart/dock)	KEL-72,KEL-142,KEL-139	4	1	0		https://electronjs.org/docs/api/app
app	Module	window-all-closed	event	main	all			F01-app-lifecycle	1	BEHAVIOR_MATCH	@keld/electron + @keld/api + keld-core lifecycle + keld-native(deeplink/autostart/dock)	KEL-72,KEL-142,KEL-139	2	1	1		https://electronjs.org/docs/api/app
app	Module	before-quit	event	main	all			F01-app-lifecycle	1	UNSUPPORTED	@keld/electron + @keld/api + keld-core lifecycle + keld-native(deeplink/autostart/dock)	KEL-72,KEL-142,KEL-139	1	1	0		https://electronjs.org/docs/api/app
app	Module	will-quit	event	main	all			F01-app-lifecycle	1	UNSUPPORTED	@keld/electron + @keld/api + keld-core lifecycle + keld-native(deeplink/autostart/dock)	KEL-72,KEL-142,KEL-139	0	1	0		https://electronjs.org/docs/api/app
app	Module	quit	event	main	all			F01-app-lifecycle	1	BEHAVIOR_MATCH ▲ (Promise<void>)	@keld/electron + @keld/api + keld-core lifecycle + keld-native(deeplink/autostart/dock)	KEL-72,KEL-142,KEL-139	6	14	1		https://electronjs.org/docs/api/app
app	Module	open-file	event	main	macos			F01-app-lifecycle	1	UNSUPPORTED	@keld/electron + @keld/api + keld-core lifecycle + keld-native(deeplink/autostart/dock)	KEL-72,KEL-142,KEL-139	1	20	0		https://electronjs.org/docs/api/app
app	Module	open-url	event	main	macos			F01-app-lifecycle	1	UNSUPPORTED	@keld/electron + @keld/api + keld-core lifecycle + keld-native(deeplink/autostart/dock)	KEL-72,KEL-142,KEL-139	0	0	0		https://electronjs.org/docs/api/app
app	Module	activate	event	main	macos			F01-app-lifecycle	1	UNSUPPORTED	@keld/electron + @keld/api + keld-core lifecycle + keld-native(deeplink/autostart/dock)	KEL-72,KEL-142,KEL-139	1	3	1		https://electronjs.org/docs/api/app
app	Module	did-become-active	event	main	macos			F01-app-lifecycle	1	UNSUPPORTED	@keld/electron + @keld/api + keld-core lifecycle + keld-native(deeplink/autostart/dock)	KEL-72,KEL-142,KEL-139	0	0	0		https://electronjs.org/docs/api/app
app	Module	did-resign-active	event	main	macos			F01-app-lifecycle	1	UNSUPPORTED	@keld/electron + @keld/api + keld-core lifecycle + keld-native(deeplink/autostart/dock)	KEL-72,KEL-142,KEL-139	0	0	0		https://electronjs.org/docs/api/app
app	Module	continue-activity	event	main	macos			F01-app-lifecycle	1	UNSUPPORTED	@keld/electron + @keld/api + keld-core lifecycle + keld-native(deeplink/autostart/dock)	KEL-72,KEL-142,KEL-139	0	0	0		https://electronjs.org/docs/api/app
app	Module	will-continue-activity	event	main	macos			F01-app-lifecycle	1	UNSUPPORTED	@keld/electron + @keld/api + keld-core lifecycle + keld-native(deeplink/autostart/dock)	KEL-72,KEL-142,KEL-139	0	0	0		https://electronjs.org/docs/api/app
app	Module	continue-activity-error	event	main	macos			F01-app-lifecycle	1	UNSUPPORTED	@keld/electron + @keld/api + keld-core lifecycle + keld-native(deeplink/autostart/dock)	KEL-72,KEL-142,KEL-139	0	0	0		https://electronjs.org/docs/api/app
app	Module	activity-was-continued	event	main	macos			F01-app-lifecycle	1	UNSUPPORTED	@keld/electron + @keld/api + keld-core lifecycle + keld-native(deeplink/autostart/dock)	KEL-72,KEL-142,KEL-139	0	0	0		https://electronjs.org/docs/api/app
app	Module	update-activity-state	event	main	macos			F01-app-lifecycle	1	UNSUPPORTED	@keld/electron + @keld/api + keld-core lifecycle + keld-native(deeplink/autostart/dock)	KEL-72,KEL-142,KEL-139	0	0	0		https://electronjs.org/docs/api/app
app	Module	new-window-for-tab	event	main	macos			F01-app-lifecycle	1	UNSUPPORTED	@keld/electron + @keld/api + keld-core lifecycle + keld-native(deeplink/autostart/dock)	KEL-72,KEL-142,KEL-139	0	0	0		https://electronjs.org/docs/api/app
app	Module	browser-window-blur	event	main	all			F01-app-lifecycle	1	UNSUPPORTED	@keld/electron + @keld/api + keld-core lifecycle + keld-native(deeplink/autostart/dock)	KEL-72,KEL-142,KEL-139	0	0	0		https://electronjs.org/docs/api/app
app	Module	browser-window-focus	event	main	all			F01-app-lifecycle	1	UNSUPPORTED	@keld/electron + @keld/api + keld-core lifecycle + keld-native(deeplink/autostart/dock)	KEL-72,KEL-142,KEL-139	0	0	0		https://electronjs.org/docs/api/app
app	Module	browser-window-created	event	main	all			F01-app-lifecycle	1	UNSUPPORTED	@keld/electron + @keld/api + keld-core lifecycle + keld-native(deeplink/autostart/dock)	KEL-72,KEL-142,KEL-139	0	0	0		https://electronjs.org/docs/api/app
app	Module	web-contents-created	event	main	all			F01-app-lifecycle	1	UNSUPPORTED	@keld/electron + @keld/api + keld-core lifecycle + keld-native(deeplink/autostart/dock)	KEL-72,KEL-142,KEL-139	1	1	0		https://electronjs.org/docs/api/app
app	Module	certificate-error	event	main	all			F01-app-lifecycle	1	UNSUPPORTED	@keld/electron + @keld/api + keld-core lifecycle + keld-native(deeplink/autostart/dock)	KEL-72,KEL-142,KEL-139	0	0	0		https://electronjs.org/docs/api/app
app	Module	select-client-certificate	event	main	all			F01-app-lifecycle	1	UNSUPPORTED	@keld/electron + @keld/api + keld-core lifecycle + keld-native(deeplink/autostart/dock)	KEL-72,KEL-142,KEL-139	0	0	0		https://electronjs.org/docs/api/app
app	Module	login	event	main	all			F01-app-lifecycle	1	UNSUPPORTED	@keld/electron + @keld/api + keld-core lifecycle + keld-native(deeplink/autostart/dock)	KEL-72,KEL-142,KEL-139	0	0	0		https://electronjs.org/docs/api/app
app	Module	gpu-info-update	event	main	all			F01-app-lifecycle	1	UNSUPPORTED	@keld/electron + @keld/api + keld-core lifecycle + keld-native(deeplink/autostart/dock)	KEL-72,KEL-142,KEL-139	0	0	0		https://electronjs.org/docs/api/app
app	Module	render-process-gone	event	main	all			F01-app-lifecycle	1	UNSUPPORTED	@keld/electron + @keld/api + keld-core lifecycle + keld-native(deeplink/autostart/dock)	KEL-72,KEL-142,KEL-139	2	0	0		https://electronjs.org/docs/api/app
app	Module	child-process-gone	event	main	all			F01-app-lifecycle	1	UNSUPPORTED	@keld/electron + @keld/api + keld-core lifecycle + keld-native(deeplink/autostart/dock)	KEL-72,KEL-142,KEL-139	0	0	0		https://electronjs.org/docs/api/app
app	Module	accessibility-support-changed	event	main	macos,windows			F01-app-lifecycle	1	UNSUPPORTED	@keld/electron + @keld/api + keld-core lifecycle + keld-native(deeplink/autostart/dock)	KEL-72,KEL-142,KEL-139	0	0	0		https://electronjs.org/docs/api/app
app	Module	session-created	event	main	all			F01-app-lifecycle	1	UNSUPPORTED	@keld/electron + @keld/api + keld-core lifecycle + keld-native(deeplink/autostart/dock)	KEL-72,KEL-142,KEL-139	0	0	0		https://electronjs.org/docs/api/app
app	Module	second-instance	event	main	all			F01-app-lifecycle	1	UNSUPPORTED	@keld/electron + @keld/api + keld-core lifecycle + keld-native(deeplink/autostart/dock)	KEL-72,KEL-142,KEL-139	1	1	0		https://electronjs.org/docs/api/app
app	Module	accessibilitySupportEnabled	property	main	macos,windows			F01-app-lifecycle	1	UNSUPPORTED	@keld/electron + @keld/api + keld-core lifecycle + keld-native(deeplink/autostart/dock)	KEL-72,KEL-142,KEL-139	0	0	0		https://electronjs.org/docs/api/app
app	Module	applicationMenu	property	main	all			F01-app-lifecycle	1	UNSUPPORTED	@keld/electron + @keld/api + keld-core lifecycle + keld-native(deeplink/autostart/dock)	KEL-72,KEL-142,KEL-139	0	0	0		https://electronjs.org/docs/api/app
app	Module	badgeCount	property	main	linux,macos			F01-app-lifecycle	1	UNSUPPORTED	@keld/electron + @keld/api + keld-core lifecycle + keld-native(deeplink/autostart/dock)	KEL-72,KEL-142,KEL-139	0	0	0		https://electronjs.org/docs/api/app
app	Module	commandLine	property	main	all	availability_readonly		F01-app-lifecycle	1	UNSUPPORTED	@keld/electron + @keld/api + keld-core lifecycle + keld-native(deeplink/autostart/dock)	KEL-72,KEL-142,KEL-139	0	0	0		https://electronjs.org/docs/api/app
app	Module	dock	property	main	macos	availability_readonly		F01-app-lifecycle	1	UNSUPPORTED	@keld/electron + @keld/api + keld-core lifecycle + keld-native(deeplink/autostart/dock)	KEL-72,KEL-142,KEL-139	0	0	0		https://electronjs.org/docs/api/app
app	Module	isPackaged	property	main	all	availability_readonly		F01-app-lifecycle	1	UNSUPPORTED	@keld/electron + @keld/api + keld-core lifecycle + keld-native(deeplink/autostart/dock)	KEL-72,KEL-142,KEL-139	0	0	0		https://electronjs.org/docs/api/app
app	Module	toastActivatorCLSID	property	main	windows	availability_readonly		F01-app-lifecycle	1	UNSUPPORTED	@keld/electron + @keld/api + keld-core lifecycle + keld-native(deeplink/autostart/dock)	KEL-72,KEL-142,KEL-139	0	0	0		https://electronjs.org/docs/api/app
app	Module	name	property	main	all			F01-app-lifecycle	1	UNSUPPORTED	@keld/electron + @keld/api + keld-core lifecycle + keld-native(deeplink/autostart/dock)	KEL-72,KEL-142,KEL-139	0	0	0		https://electronjs.org/docs/api/app
app	Module	userAgentFallback	property	main	all			F01-app-lifecycle	1	UNSUPPORTED	@keld/electron + @keld/api + keld-core lifecycle + keld-native(deeplink/autostart/dock)	KEL-72,KEL-142,KEL-139	0	0	0		https://electronjs.org/docs/api/app
app	Module	runningUnderARM64Translation	property	main	macos,windows	availability_readonly		F01-app-lifecycle	1	UNSUPPORTED	@keld/electron + @keld/api + keld-core lifecycle + keld-native(deeplink/autostart/dock)	KEL-72,KEL-142,KEL-139	0	0	0		https://electronjs.org/docs/api/app
autoUpdater	Module	setFeedURL	method	main	all			F09-update-packaging	2	UNSUPPORTED	keld-update + keld-pack + keld-cli migrate	KEL-53,KEL-254,KEL-270,KEL-103,KEL-141,KEL-19	0	0	0		https://electronjs.org/docs/api/auto-updater
autoUpdater	Module	getFeedURL	method	main	all			F09-update-packaging	2	UNSUPPORTED	keld-update + keld-pack + keld-cli migrate	KEL-53,KEL-254,KEL-270,KEL-103,KEL-141,KEL-19	0	0	0		https://electronjs.org/docs/api/auto-updater
autoUpdater	Module	checkForUpdates	method	main	all			F09-update-packaging	2	UNSUPPORTED	keld-update + keld-pack + keld-cli migrate	KEL-53,KEL-254,KEL-270,KEL-103,KEL-141,KEL-19	0	0	0		https://electronjs.org/docs/api/auto-updater
autoUpdater	Module	quitAndInstall	method	main	all			F09-update-packaging	2	UNSUPPORTED	keld-update + keld-pack + keld-cli migrate	KEL-53,KEL-254,KEL-270,KEL-103,KEL-141,KEL-19	0	0	0		https://electronjs.org/docs/api/auto-updater
autoUpdater	Module	error	event	main	all			F09-update-packaging	2	UNSUPPORTED	keld-update + keld-pack + keld-cli migrate	KEL-53,KEL-254,KEL-270,KEL-103,KEL-141,KEL-19	0	0	0		https://electronjs.org/docs/api/auto-updater
autoUpdater	Module	checking-for-update	event	main	all			F09-update-packaging	2	UNSUPPORTED	keld-update + keld-pack + keld-cli migrate	KEL-53,KEL-254,KEL-270,KEL-103,KEL-141,KEL-19	0	0	0		https://electronjs.org/docs/api/auto-updater
autoUpdater	Module	update-available	event	main	all			F09-update-packaging	2	UNSUPPORTED	keld-update + keld-pack + keld-cli migrate	KEL-53,KEL-254,KEL-270,KEL-103,KEL-141,KEL-19	0	0	0		https://electronjs.org/docs/api/auto-updater
autoUpdater	Module	update-not-available	event	main	all			F09-update-packaging	2	UNSUPPORTED	keld-update + keld-pack + keld-cli migrate	KEL-53,KEL-254,KEL-270,KEL-103,KEL-141,KEL-19	0	0	0		https://electronjs.org/docs/api/auto-updater
autoUpdater	Module	update-downloaded	event	main	all			F09-update-packaging	2	UNSUPPORTED	keld-update + keld-pack + keld-cli migrate	KEL-53,KEL-254,KEL-270,KEL-103,KEL-141,KEL-19	0	0	0		https://electronjs.org/docs/api/auto-updater
autoUpdater	Module	before-quit-for-update	event	main	all			F09-update-packaging	2	UNSUPPORTED	keld-update + keld-pack + keld-cli migrate	KEL-53,KEL-254,KEL-270,KEL-103,KEL-141,KEL-19	0	0	0		https://electronjs.org/docs/api/auto-updater
BaseWindow	Class	setContentView	instance-method	main	all			F02-windowing	1	UNSUPPORTED	@keld/electron + keld-core window registry + keld-wv	KEL-139,KEL-142,KEL-143,KEL-135	0	0	0		https://electronjs.org/docs/api/base-window
BaseWindow	Class	getContentView	instance-method	main	all			F02-windowing	1	UNSUPPORTED	@keld/electron + keld-core window registry + keld-wv	KEL-139,KEL-142,KEL-143,KEL-135	0	0	0		https://electronjs.org/docs/api/base-window
BaseWindow	Class	destroy	instance-method	main	all			F02-windowing	1	UNSUPPORTED	@keld/electron + keld-core window registry + keld-wv	KEL-139,KEL-142,KEL-143,KEL-135	10	10	0		https://electronjs.org/docs/api/base-window
BaseWindow	Class	close	instance-method	main	all			F02-windowing	1	UNSUPPORTED	@keld/electron + keld-core window registry + keld-wv	KEL-139,KEL-142,KEL-143,KEL-135	14	82	0		https://electronjs.org/docs/api/base-window
BaseWindow	Class	focus	instance-method	main	all			F02-windowing	1	UNSUPPORTED	@keld/electron + keld-core window registry + keld-wv	KEL-139,KEL-142,KEL-143,KEL-135	0	30	0		https://electronjs.org/docs/api/base-window
BaseWindow	Class	blur	instance-method	main	all			F02-windowing	1	UNSUPPORTED	@keld/electron + keld-core window registry + keld-wv	KEL-139,KEL-142,KEL-143,KEL-135	0	8	0		https://electronjs.org/docs/api/base-window
BaseWindow	Class	isFocused	instance-method	main	all			F02-windowing	1	UNSUPPORTED	@keld/electron + keld-core window registry + keld-wv	KEL-139,KEL-142,KEL-143,KEL-135	0	0	0		https://electronjs.org/docs/api/base-window
BaseWindow	Class	isDestroyed	instance-method	main	all			F02-windowing	1	UNSUPPORTED	@keld/electron + keld-core window registry + keld-wv	KEL-139,KEL-142,KEL-143,KEL-135	6	0	0		https://electronjs.org/docs/api/base-window
BaseWindow	Class	show	instance-method	main	all			F02-windowing	1	UNSUPPORTED	@keld/electron + keld-core window registry + keld-wv	KEL-139,KEL-142,KEL-143,KEL-135	1	18	0		https://electronjs.org/docs/api/base-window
BaseWindow	Class	showInactive	instance-method	main	all			F02-windowing	1	UNSUPPORTED	@keld/electron + keld-core window registry + keld-wv	KEL-139,KEL-142,KEL-143,KEL-135	0	0	0		https://electronjs.org/docs/api/base-window
BaseWindow	Class	hide	instance-method	main	all			F02-windowing	1	UNSUPPORTED	@keld/electron + keld-core window registry + keld-wv	KEL-139,KEL-142,KEL-143,KEL-135	1	1	0		https://electronjs.org/docs/api/base-window
BaseWindow	Class	isVisible	instance-method	main	all			F02-windowing	1	UNSUPPORTED	@keld/electron + keld-core window registry + keld-wv	KEL-139,KEL-142,KEL-143,KEL-135	0	0	0		https://electronjs.org/docs/api/base-window
BaseWindow	Class	isModal	instance-method	main	all			F02-windowing	1	UNSUPPORTED	@keld/electron + keld-core window registry + keld-wv	KEL-139,KEL-142,KEL-143,KEL-135	0	0	0		https://electronjs.org/docs/api/base-window
BaseWindow	Class	maximize	instance-method	main	all			F02-windowing	1	UNSUPPORTED	@keld/electron + keld-core window registry + keld-wv	KEL-139,KEL-142,KEL-143,KEL-135	5	3	0		https://electronjs.org/docs/api/base-window
BaseWindow	Class	unmaximize	instance-method	main	all			F02-windowing	1	UNSUPPORTED	@keld/electron + keld-core window registry + keld-wv	KEL-139,KEL-142,KEL-143,KEL-135	4	1	0		https://electronjs.org/docs/api/base-window
BaseWindow	Class	isMaximized	instance-method	main	all			F02-windowing	1	UNSUPPORTED	@keld/electron + keld-core window registry + keld-wv	KEL-139,KEL-142,KEL-143,KEL-135	2	3	0		https://electronjs.org/docs/api/base-window
BaseWindow	Class	minimize	instance-method	main	all			F02-windowing	1	UNSUPPORTED	@keld/electron + keld-core window registry + keld-wv	KEL-139,KEL-142,KEL-143,KEL-135	2	4	0		https://electronjs.org/docs/api/base-window
BaseWindow	Class	restore	instance-method	main	all			F02-windowing	1	UNSUPPORTED	@keld/electron + keld-core window registry + keld-wv	KEL-139,KEL-142,KEL-143,KEL-135	0	0	0		https://electronjs.org/docs/api/base-window
BaseWindow	Class	isMinimized	instance-method	main	all			F02-windowing	1	UNSUPPORTED	@keld/electron + keld-core window registry + keld-wv	KEL-139,KEL-142,KEL-143,KEL-135	0	0	0		https://electronjs.org/docs/api/base-window
BaseWindow	Class	setFullScreen	instance-method	main	all			F02-windowing	1	UNSUPPORTED	@keld/electron + keld-core window registry + keld-wv	KEL-139,KEL-142,KEL-143,KEL-135	2	1	0		https://electronjs.org/docs/api/base-window
BaseWindow	Class	isFullScreen	instance-method	main	all			F02-windowing	1	UNSUPPORTED	@keld/electron + keld-core window registry + keld-wv	KEL-139,KEL-142,KEL-143,KEL-135	3	1	0		https://electronjs.org/docs/api/base-window
BaseWindow	Class	setSimpleFullScreen	instance-method	main	macos			F02-windowing	1	UNSUPPORTED	@keld/electron + keld-core window registry + keld-wv	KEL-139,KEL-142,KEL-143,KEL-135	0	0	0		https://electronjs.org/docs/api/base-window
BaseWindow	Class	isSimpleFullScreen	instance-method	main	macos			F02-windowing	1	UNSUPPORTED	@keld/electron + keld-core window registry + keld-wv	KEL-139,KEL-142,KEL-143,KEL-135	0	0	0		https://electronjs.org/docs/api/base-window
BaseWindow	Class	isNormal	instance-method	main	all			F02-windowing	1	UNSUPPORTED	@keld/electron + keld-core window registry + keld-wv	KEL-139,KEL-142,KEL-143,KEL-135	0	0	0		https://electronjs.org/docs/api/base-window
BaseWindow	Class	setAspectRatio	instance-method	main	all			F02-windowing	1	UNSUPPORTED	@keld/electron + keld-core window registry + keld-wv	KEL-139,KEL-142,KEL-143,KEL-135	0	0	0		https://electronjs.org/docs/api/base-window
BaseWindow	Class	setBackgroundColor	instance-method	main	all			F02-windowing	1	UNSUPPORTED	@keld/electron + keld-core window registry + keld-wv	KEL-139,KEL-142,KEL-143,KEL-135	0	0	0		https://electronjs.org/docs/api/base-window
BaseWindow	Class	previewFile	instance-method	main	macos			F02-windowing	1	UNSUPPORTED	@keld/electron + keld-core window registry + keld-wv	KEL-139,KEL-142,KEL-143,KEL-135	0	0	0		https://electronjs.org/docs/api/base-window
BaseWindow	Class	closeFilePreview	instance-method	main	macos			F02-windowing	1	UNSUPPORTED	@keld/electron + keld-core window registry + keld-wv	KEL-139,KEL-142,KEL-143,KEL-135	0	0	0		https://electronjs.org/docs/api/base-window
BaseWindow	Class	setBounds	instance-method	main	all			F02-windowing	1	UNSUPPORTED	@keld/electron + keld-core window registry + keld-wv	KEL-139,KEL-142,KEL-143,KEL-135	1	0	0		https://electronjs.org/docs/api/base-window
BaseWindow	Class	getBounds	instance-method	main	all			F02-windowing	1	UNSUPPORTED	@keld/electron + keld-core window registry + keld-wv	KEL-139,KEL-142,KEL-143,KEL-135	0	2	0		https://electronjs.org/docs/api/base-window
BaseWindow	Class	getBackgroundColor	instance-method	main	all			F02-windowing	1	UNSUPPORTED	@keld/electron + keld-core window registry + keld-wv	KEL-139,KEL-142,KEL-143,KEL-135	0	0	0		https://electronjs.org/docs/api/base-window
BaseWindow	Class	setContentBounds	instance-method	main	all			F02-windowing	1	UNSUPPORTED	@keld/electron + keld-core window registry + keld-wv	KEL-139,KEL-142,KEL-143,KEL-135	0	0	0		https://electronjs.org/docs/api/base-window
BaseWindow	Class	getContentBounds	instance-method	main	all			F02-windowing	1	UNSUPPORTED	@keld/electron + keld-core window registry + keld-wv	KEL-139,KEL-142,KEL-143,KEL-135	0	0	0		https://electronjs.org/docs/api/base-window
BaseWindow	Class	getNormalBounds	instance-method	main	all			F02-windowing	1	UNSUPPORTED	@keld/electron + keld-core window registry + keld-wv	KEL-139,KEL-142,KEL-143,KEL-135	0	0	0		https://electronjs.org/docs/api/base-window
BaseWindow	Class	setEnabled	instance-method	main	all			F02-windowing	1	UNSUPPORTED	@keld/electron + keld-core window registry + keld-wv	KEL-139,KEL-142,KEL-143,KEL-135	0	0	0		https://electronjs.org/docs/api/base-window
BaseWindow	Class	isEnabled	instance-method	main	all			F02-windowing	1	UNSUPPORTED	@keld/electron + keld-core window registry + keld-wv	KEL-139,KEL-142,KEL-143,KEL-135	0	0	0		https://electronjs.org/docs/api/base-window
BaseWindow	Class	setSize	instance-method	main	all			F02-windowing	1	UNSUPPORTED	@keld/electron + keld-core window registry + keld-wv	KEL-139,KEL-142,KEL-143,KEL-135	0	0	0		https://electronjs.org/docs/api/base-window
BaseWindow	Class	getSize	instance-method	main	all			F02-windowing	1	UNSUPPORTED	@keld/electron + keld-core window registry + keld-wv	KEL-139,KEL-142,KEL-143,KEL-135	1	3	0		https://electronjs.org/docs/api/base-window
BaseWindow	Class	setContentSize	instance-method	main	all			F02-windowing	1	UNSUPPORTED	@keld/electron + keld-core window registry + keld-wv	KEL-139,KEL-142,KEL-143,KEL-135	0	0	0		https://electronjs.org/docs/api/base-window
BaseWindow	Class	getContentSize	instance-method	main	all			F02-windowing	1	UNSUPPORTED	@keld/electron + keld-core window registry + keld-wv	KEL-139,KEL-142,KEL-143,KEL-135	0	0	0		https://electronjs.org/docs/api/base-window
BaseWindow	Class	setMinimumSize	instance-method	main	all			F02-windowing	1	UNSUPPORTED	@keld/electron + keld-core window registry + keld-wv	KEL-139,KEL-142,KEL-143,KEL-135	0	0	0		https://electronjs.org/docs/api/base-window
BaseWindow	Class	getMinimumSize	instance-method	main	all			F02-windowing	1	UNSUPPORTED	@keld/electron + keld-core window registry + keld-wv	KEL-139,KEL-142,KEL-143,KEL-135	0	0	0		https://electronjs.org/docs/api/base-window
BaseWindow	Class	setMaximumSize	instance-method	main	all			F02-windowing	1	UNSUPPORTED	@keld/electron + keld-core window registry + keld-wv	KEL-139,KEL-142,KEL-143,KEL-135	0	0	0		https://electronjs.org/docs/api/base-window
BaseWindow	Class	getMaximumSize	instance-method	main	all			F02-windowing	1	UNSUPPORTED	@keld/electron + keld-core window registry + keld-wv	KEL-139,KEL-142,KEL-143,KEL-135	0	0	0		https://electronjs.org/docs/api/base-window
BaseWindow	Class	setResizable	instance-method	main	all			F02-windowing	1	UNSUPPORTED	@keld/electron + keld-core window registry + keld-wv	KEL-139,KEL-142,KEL-143,KEL-135	0	0	0		https://electronjs.org/docs/api/base-window
BaseWindow	Class	isResizable	instance-method	main	all			F02-windowing	1	UNSUPPORTED	@keld/electron + keld-core window registry + keld-wv	KEL-139,KEL-142,KEL-143,KEL-135	0	0	0		https://electronjs.org/docs/api/base-window
BaseWindow	Class	setMovable	instance-method	main	macos,windows			F02-windowing	1	UNSUPPORTED	@keld/electron + keld-core window registry + keld-wv	KEL-139,KEL-142,KEL-143,KEL-135	0	0	0		https://electronjs.org/docs/api/base-window
BaseWindow	Class	isMovable	instance-method	main	macos,windows			F02-windowing	1	UNSUPPORTED	@keld/electron + keld-core window registry + keld-wv	KEL-139,KEL-142,KEL-143,KEL-135	0	0	0		https://electronjs.org/docs/api/base-window
BaseWindow	Class	setMinimizable	instance-method	main	macos,windows			F02-windowing	1	UNSUPPORTED	@keld/electron + keld-core window registry + keld-wv	KEL-139,KEL-142,KEL-143,KEL-135	0	0	0		https://electronjs.org/docs/api/base-window
BaseWindow	Class	isMinimizable	instance-method	main	macos,windows			F02-windowing	1	UNSUPPORTED	@keld/electron + keld-core window registry + keld-wv	KEL-139,KEL-142,KEL-143,KEL-135	0	0	0		https://electronjs.org/docs/api/base-window
BaseWindow	Class	setMaximizable	instance-method	main	macos,windows			F02-windowing	1	UNSUPPORTED	@keld/electron + keld-core window registry + keld-wv	KEL-139,KEL-142,KEL-143,KEL-135	0	0	0		https://electronjs.org/docs/api/base-window
BaseWindow	Class	isMaximizable	instance-method	main	macos,windows			F02-windowing	1	UNSUPPORTED	@keld/electron + keld-core window registry + keld-wv	KEL-139,KEL-142,KEL-143,KEL-135	0	0	0		https://electronjs.org/docs/api/base-window
BaseWindow	Class	setFullScreenable	instance-method	main	all			F02-windowing	1	UNSUPPORTED	@keld/electron + keld-core window registry + keld-wv	KEL-139,KEL-142,KEL-143,KEL-135	0	0	0		https://electronjs.org/docs/api/base-window
BaseWindow	Class	isFullScreenable	instance-method	main	all			F02-windowing	1	UNSUPPORTED	@keld/electron + keld-core window registry + keld-wv	KEL-139,KEL-142,KEL-143,KEL-135	0	0	0		https://electronjs.org/docs/api/base-window
BaseWindow	Class	setClosable	instance-method	main	macos,windows			F02-windowing	1	UNSUPPORTED	@keld/electron + keld-core window registry + keld-wv	KEL-139,KEL-142,KEL-143,KEL-135	1	0	0		https://electronjs.org/docs/api/base-window
BaseWindow	Class	isClosable	instance-method	main	macos,windows			F02-windowing	1	UNSUPPORTED	@keld/electron + keld-core window registry + keld-wv	KEL-139,KEL-142,KEL-143,KEL-135	0	0	0		https://electronjs.org/docs/api/base-window
BaseWindow	Class	setHiddenInMissionControl	instance-method	main	macos			F02-windowing	1	UNSUPPORTED	@keld/electron + keld-core window registry + keld-wv	KEL-139,KEL-142,KEL-143,KEL-135	0	0	0		https://electronjs.org/docs/api/base-window
BaseWindow	Class	isHiddenInMissionControl	instance-method	main	macos			F02-windowing	1	UNSUPPORTED	@keld/electron + keld-core window registry + keld-wv	KEL-139,KEL-142,KEL-143,KEL-135	0	0	0		https://electronjs.org/docs/api/base-window
BaseWindow	Class	setAlwaysOnTop	instance-method	main	all			F02-windowing	1	UNSUPPORTED	@keld/electron + keld-core window registry + keld-wv	KEL-139,KEL-142,KEL-143,KEL-135	0	0	0		https://electronjs.org/docs/api/base-window
BaseWindow	Class	isAlwaysOnTop	instance-method	main	all			F02-windowing	1	UNSUPPORTED	@keld/electron + keld-core window registry + keld-wv	KEL-139,KEL-142,KEL-143,KEL-135	0	0	0		https://electronjs.org/docs/api/base-window
BaseWindow	Class	moveAbove	instance-method	main	all			F02-windowing	1	UNSUPPORTED	@keld/electron + keld-core window registry + keld-wv	KEL-139,KEL-142,KEL-143,KEL-135	0	0	0		https://electronjs.org/docs/api/base-window
BaseWindow	Class	moveTop	instance-method	main	all			F02-windowing	1	UNSUPPORTED	@keld/electron + keld-core window registry + keld-wv	KEL-139,KEL-142,KEL-143,KEL-135	0	0	0		https://electronjs.org/docs/api/base-window
BaseWindow	Class	center	instance-method	main	all			F02-windowing	1	UNSUPPORTED	@keld/electron + keld-core window registry + keld-wv	KEL-139,KEL-142,KEL-143,KEL-135	0	0	0		https://electronjs.org/docs/api/base-window
BaseWindow	Class	setPosition	instance-method	main	all			F02-windowing	1	UNSUPPORTED	@keld/electron + keld-core window registry + keld-wv	KEL-139,KEL-142,KEL-143,KEL-135	0	0	0		https://electronjs.org/docs/api/base-window
BaseWindow	Class	getPosition	instance-method	main	all			F02-windowing	1	UNSUPPORTED	@keld/electron + keld-core window registry + keld-wv	KEL-139,KEL-142,KEL-143,KEL-135	1	0	0		https://electronjs.org/docs/api/base-window
BaseWindow	Class	setTitle	instance-method	main	all			F02-windowing	1	UNSUPPORTED	@keld/electron + keld-core window registry + keld-wv	KEL-139,KEL-142,KEL-143,KEL-135	0	0	0		https://electronjs.org/docs/api/base-window
BaseWindow	Class	getTitle	instance-method	main	all			F02-windowing	1	UNSUPPORTED	@keld/electron + keld-core window registry + keld-wv	KEL-139,KEL-142,KEL-143,KEL-135	0	0	0		https://electronjs.org/docs/api/base-window
BaseWindow	Class	setSheetOffset	instance-method	main	macos			F02-windowing	1	UNSUPPORTED	@keld/electron + keld-core window registry + keld-wv	KEL-139,KEL-142,KEL-143,KEL-135	0	0	0		https://electronjs.org/docs/api/base-window
BaseWindow	Class	flashFrame	instance-method	main	all			F02-windowing	1	UNSUPPORTED	@keld/electron + keld-core window registry + keld-wv	KEL-139,KEL-142,KEL-143,KEL-135	0	0	0		https://electronjs.org/docs/api/base-window
BaseWindow	Class	setSkipTaskbar	instance-method	main	macos,windows			F02-windowing	1	UNSUPPORTED	@keld/electron + keld-core window registry + keld-wv	KEL-139,KEL-142,KEL-143,KEL-135	0	0	0		https://electronjs.org/docs/api/base-window
BaseWindow	Class	setKiosk	instance-method	main	all			F02-windowing	1	UNSUPPORTED	@keld/electron + keld-core window registry + keld-wv	KEL-139,KEL-142,KEL-143,KEL-135	0	0	0		https://electronjs.org/docs/api/base-window
BaseWindow	Class	isKiosk	instance-method	main	all			F02-windowing	1	UNSUPPORTED	@keld/electron + keld-core window registry + keld-wv	KEL-139,KEL-142,KEL-143,KEL-135	0	0	0		https://electronjs.org/docs/api/base-window
BaseWindow	Class	isTabletMode	instance-method	main	windows			F02-windowing	1	UNSUPPORTED	@keld/electron + keld-core window registry + keld-wv	KEL-139,KEL-142,KEL-143,KEL-135	0	0	0		https://electronjs.org/docs/api/base-window
BaseWindow	Class	getMediaSourceId	instance-method	main	all			F02-windowing	1	UNSUPPORTED	@keld/electron + keld-core window registry + keld-wv	KEL-139,KEL-142,KEL-143,KEL-135	0	0	0		https://electronjs.org/docs/api/base-window
BaseWindow	Class	getNativeWindowHandle	instance-method	main	all			F02-windowing	1	UNSUPPORTED	@keld/electron + keld-core window registry + keld-wv	KEL-139,KEL-142,KEL-143,KEL-135	0	0	0		https://electronjs.org/docs/api/base-window
BaseWindow	Class	hookWindowMessage	instance-method	main	windows			F02-windowing	1	UNSUPPORTED	@keld/electron + keld-core window registry + keld-wv	KEL-139,KEL-142,KEL-143,KEL-135	0	0	0		https://electronjs.org/docs/api/base-window
BaseWindow	Class	isWindowMessageHooked	instance-method	main	windows			F02-windowing	1	UNSUPPORTED	@keld/electron + keld-core window registry + keld-wv	KEL-139,KEL-142,KEL-143,KEL-135	0	0	0		https://electronjs.org/docs/api/base-window
BaseWindow	Class	unhookWindowMessage	instance-method	main	windows			F02-windowing	1	UNSUPPORTED	@keld/electron + keld-core window registry + keld-wv	KEL-139,KEL-142,KEL-143,KEL-135	0	0	0		https://electronjs.org/docs/api/base-window
BaseWindow	Class	unhookAllWindowMessages	instance-method	main	windows			F02-windowing	1	UNSUPPORTED	@keld/electron + keld-core window registry + keld-wv	KEL-139,KEL-142,KEL-143,KEL-135	0	0	0		https://electronjs.org/docs/api/base-window
BaseWindow	Class	setRepresentedFilename	instance-method	main	macos			F02-windowing	1	UNSUPPORTED	@keld/electron + keld-core window registry + keld-wv	KEL-139,KEL-142,KEL-143,KEL-135	0	0	0		https://electronjs.org/docs/api/base-window
BaseWindow	Class	getRepresentedFilename	instance-method	main	macos			F02-windowing	1	UNSUPPORTED	@keld/electron + keld-core window registry + keld-wv	KEL-139,KEL-142,KEL-143,KEL-135	0	0	0		https://electronjs.org/docs/api/base-window
BaseWindow	Class	setDocumentEdited	instance-method	main	macos			F02-windowing	1	UNSUPPORTED	@keld/electron + keld-core window registry + keld-wv	KEL-139,KEL-142,KEL-143,KEL-135	0	0	0		https://electronjs.org/docs/api/base-window
BaseWindow	Class	isDocumentEdited	instance-method	main	macos			F02-windowing	1	UNSUPPORTED	@keld/electron + keld-core window registry + keld-wv	KEL-139,KEL-142,KEL-143,KEL-135	0	0	0		https://electronjs.org/docs/api/base-window
BaseWindow	Class	setMenu	instance-method	main	linux,windows			F02-windowing	1	UNSUPPORTED	@keld/electron + keld-core window registry + keld-wv	KEL-139,KEL-142,KEL-143,KEL-135	1	0	0		https://electronjs.org/docs/api/base-window
BaseWindow	Class	removeMenu	instance-method	main	linux,windows			F02-windowing	1	UNSUPPORTED	@keld/electron + keld-core window registry + keld-wv	KEL-139,KEL-142,KEL-143,KEL-135	0	0	0		https://electronjs.org/docs/api/base-window
BaseWindow	Class	setProgressBar	instance-method	main	all			F02-windowing	1	UNSUPPORTED	@keld/electron + keld-core window registry + keld-wv	KEL-139,KEL-142,KEL-143,KEL-135	0	0	0		https://electronjs.org/docs/api/base-window
BaseWindow	Class	setOverlayIcon	instance-method	main	windows			F02-windowing	1	UNSUPPORTED	@keld/electron + keld-core window registry + keld-wv	KEL-139,KEL-142,KEL-143,KEL-135	0	0	0		https://electronjs.org/docs/api/base-window
BaseWindow	Class	invalidateShadow	instance-method	main	macos			F02-windowing	1	UNSUPPORTED	@keld/electron + keld-core window registry + keld-wv	KEL-139,KEL-142,KEL-143,KEL-135	0	0	0		https://electronjs.org/docs/api/base-window
BaseWindow	Class	setHasShadow	instance-method	main	all			F02-windowing	1	UNSUPPORTED	@keld/electron + keld-core window registry + keld-wv	KEL-139,KEL-142,KEL-143,KEL-135	0	0	0		https://electronjs.org/docs/api/base-window
BaseWindow	Class	hasShadow	instance-method	main	all			F02-windowing	1	UNSUPPORTED	@keld/electron + keld-core window registry + keld-wv	KEL-139,KEL-142,KEL-143,KEL-135	0	0	0		https://electronjs.org/docs/api/base-window
BaseWindow	Class	setOpacity	instance-method	main	windows,macos			F02-windowing	1	UNSUPPORTED	@keld/electron + keld-core window registry + keld-wv	KEL-139,KEL-142,KEL-143,KEL-135	0	0	0		https://electronjs.org/docs/api/base-window
BaseWindow	Class	getOpacity	instance-method	main	all			F02-windowing	1	UNSUPPORTED	@keld/electron + keld-core window registry + keld-wv	KEL-139,KEL-142,KEL-143,KEL-135	0	0	0		https://electronjs.org/docs/api/base-window
BaseWindow	Class	setShape	instance-method	main	windows,linux	stability_experimental		F02-windowing	1	UNSUPPORTED	@keld/electron + keld-core window registry + keld-wv	KEL-139,KEL-142,KEL-143,KEL-135	0	0	0		https://electronjs.org/docs/api/base-window
BaseWindow	Class	setThumbarButtons	instance-method	main	windows			F02-windowing	1	UNSUPPORTED	@keld/electron + keld-core window registry + keld-wv	KEL-139,KEL-142,KEL-143,KEL-135	0	0	0		https://electronjs.org/docs/api/base-window
BaseWindow	Class	setThumbnailClip	instance-method	main	windows			F02-windowing	1	UNSUPPORTED	@keld/electron + keld-core window registry + keld-wv	KEL-139,KEL-142,KEL-143,KEL-135	0	0	0		https://electronjs.org/docs/api/base-window
BaseWindow	Class	setThumbnailToolTip	instance-method	main	windows			F02-windowing	1	UNSUPPORTED	@keld/electron + keld-core window registry + keld-wv	KEL-139,KEL-142,KEL-143,KEL-135	0	0	0		https://electronjs.org/docs/api/base-window
BaseWindow	Class	setAppDetails	instance-method	main	windows			F02-windowing	1	UNSUPPORTED	@keld/electron + keld-core window registry + keld-wv	KEL-139,KEL-142,KEL-143,KEL-135	0	0	0		https://electronjs.org/docs/api/base-window
BaseWindow	Class	setAccentColor	instance-method	main	windows			F02-windowing	1	UNSUPPORTED	@keld/electron + keld-core window registry + keld-wv	KEL-139,KEL-142,KEL-143,KEL-135	0	0	0		https://electronjs.org/docs/api/base-window
BaseWindow	Class	getAccentColor	instance-method	main	windows			F02-windowing	1	UNSUPPORTED	@keld/electron + keld-core window registry + keld-wv	KEL-139,KEL-142,KEL-143,KEL-135	0	0	0		https://electronjs.org/docs/api/base-window
BaseWindow	Class	setIcon	instance-method	main	windows,linux			F02-windowing	1	UNSUPPORTED	@keld/electron + keld-core window registry + keld-wv	KEL-139,KEL-142,KEL-143,KEL-135	0	0	0		https://electronjs.org/docs/api/base-window
BaseWindow	Class	setWindowButtonVisibility	instance-method	main	macos			F02-windowing	1	UNSUPPORTED	@keld/electron + keld-core window registry + keld-wv	KEL-139,KEL-142,KEL-143,KEL-135	0	0	0		https://electronjs.org/docs/api/base-window
BaseWindow	Class	setAutoHideMenuBar	instance-method	main	windows,linux			F02-windowing	1	UNSUPPORTED	@keld/electron + keld-core window registry + keld-wv	KEL-139,KEL-142,KEL-143,KEL-135	0	0	0		https://electronjs.org/docs/api/base-window
BaseWindow	Class	isMenuBarAutoHide	instance-method	main	windows,linux			F02-windowing	1	UNSUPPORTED	@keld/electron + keld-core window registry + keld-wv	KEL-139,KEL-142,KEL-143,KEL-135	0	0	0		https://electronjs.org/docs/api/base-window
BaseWindow	Class	setMenuBarVisibility	instance-method	main	windows,linux			F02-windowing	1	UNSUPPORTED	@keld/electron + keld-core window registry + keld-wv	KEL-139,KEL-142,KEL-143,KEL-135	0	0	0		https://electronjs.org/docs/api/base-window
BaseWindow	Class	isMenuBarVisible	instance-method	main	windows,linux			F02-windowing	1	UNSUPPORTED	@keld/electron + keld-core window registry + keld-wv	KEL-139,KEL-142,KEL-143,KEL-135	0	0	0		https://electronjs.org/docs/api/base-window
BaseWindow	Class	isSnapped	instance-method	main	windows			F02-windowing	1	UNSUPPORTED	@keld/electron + keld-core window registry + keld-wv	KEL-139,KEL-142,KEL-143,KEL-135	0	0	0		https://electronjs.org/docs/api/base-window
BaseWindow	Class	setVisibleOnAllWorkspaces	instance-method	main	macos,linux			F02-windowing	1	UNSUPPORTED	@keld/electron + keld-core window registry + keld-wv	KEL-139,KEL-142,KEL-143,KEL-135	0	0	0		https://electronjs.org/docs/api/base-window
BaseWindow	Class	isVisibleOnAllWorkspaces	instance-method	main	macos,linux			F02-windowing	1	UNSUPPORTED	@keld/electron + keld-core window registry + keld-wv	KEL-139,KEL-142,KEL-143,KEL-135	0	0	0		https://electronjs.org/docs/api/base-window
BaseWindow	Class	setIgnoreMouseEvents	instance-method	main	all			F02-windowing	1	UNSUPPORTED	@keld/electron + keld-core window registry + keld-wv	KEL-139,KEL-142,KEL-143,KEL-135	0	0	0		https://electronjs.org/docs/api/base-window
BaseWindow	Class	setContentProtection	instance-method	main	macos,windows			F02-windowing	1	UNSUPPORTED	@keld/electron + keld-core window registry + keld-wv	KEL-139,KEL-142,KEL-143,KEL-135	0	0	0		https://electronjs.org/docs/api/base-window
BaseWindow	Class	isContentProtected	instance-method	main	macos,windows			F02-windowing	1	UNSUPPORTED	@keld/electron + keld-core window registry + keld-wv	KEL-139,KEL-142,KEL-143,KEL-135	0	0	0		https://electronjs.org/docs/api/base-window
BaseWindow	Class	setFocusable	instance-method	main	macos,windows			F02-windowing	1	UNSUPPORTED	@keld/electron + keld-core window registry + keld-wv	KEL-139,KEL-142,KEL-143,KEL-135	0	0	0		https://electronjs.org/docs/api/base-window
BaseWindow	Class	isFocusable	instance-method	main	macos,windows			F02-windowing	1	UNSUPPORTED	@keld/electron + keld-core window registry + keld-wv	KEL-139,KEL-142,KEL-143,KEL-135	0	0	0		https://electronjs.org/docs/api/base-window
BaseWindow	Class	setParentWindow	instance-method	main	all			F02-windowing	1	UNSUPPORTED	@keld/electron + keld-core window registry + keld-wv	KEL-139,KEL-142,KEL-143,KEL-135	0	0	0		https://electronjs.org/docs/api/base-window
BaseWindow	Class	getParentWindow	instance-method	main	all			F02-windowing	1	UNSUPPORTED	@keld/electron + keld-core window registry + keld-wv	KEL-139,KEL-142,KEL-143,KEL-135	0	0	0		https://electronjs.org/docs/api/base-window
BaseWindow	Class	getChildWindows	instance-method	main	all			F02-windowing	1	UNSUPPORTED	@keld/electron + keld-core window registry + keld-wv	KEL-139,KEL-142,KEL-143,KEL-135	0	0	0		https://electronjs.org/docs/api/base-window
BaseWindow	Class	setAutoHideCursor	instance-method	main	macos			F02-windowing	1	UNSUPPORTED	@keld/electron + keld-core window registry + keld-wv	KEL-139,KEL-142,KEL-143,KEL-135	0	0	0		https://electronjs.org/docs/api/base-window
BaseWindow	Class	selectPreviousTab	instance-method	main	macos			F02-windowing	1	UNSUPPORTED	@keld/electron + keld-core window registry + keld-wv	KEL-139,KEL-142,KEL-143,KEL-135	0	0	0		https://electronjs.org/docs/api/base-window
BaseWindow	Class	selectNextTab	instance-method	main	macos			F02-windowing	1	UNSUPPORTED	@keld/electron + keld-core window registry + keld-wv	KEL-139,KEL-142,KEL-143,KEL-135	0	0	0		https://electronjs.org/docs/api/base-window
BaseWindow	Class	showAllTabs	instance-method	main	macos			F02-windowing	1	UNSUPPORTED	@keld/electron + keld-core window registry + keld-wv	KEL-139,KEL-142,KEL-143,KEL-135	0	0	0		https://electronjs.org/docs/api/base-window
BaseWindow	Class	mergeAllWindows	instance-method	main	macos			F02-windowing	1	UNSUPPORTED	@keld/electron + keld-core window registry + keld-wv	KEL-139,KEL-142,KEL-143,KEL-135	0	0	0		https://electronjs.org/docs/api/base-window
BaseWindow	Class	moveTabToNewWindow	instance-method	main	macos			F02-windowing	1	UNSUPPORTED	@keld/electron + keld-core window registry + keld-wv	KEL-139,KEL-142,KEL-143,KEL-135	0	0	0		https://electronjs.org/docs/api/base-window
BaseWindow	Class	toggleTabBar	instance-method	main	macos			F02-windowing	1	UNSUPPORTED	@keld/electron + keld-core window registry + keld-wv	KEL-139,KEL-142,KEL-143,KEL-135	0	0	0		https://electronjs.org/docs/api/base-window
BaseWindow	Class	addTabbedWindow	instance-method	main	macos			F02-windowing	1	UNSUPPORTED	@keld/electron + keld-core window registry + keld-wv	KEL-139,KEL-142,KEL-143,KEL-135	0	0	0		https://electronjs.org/docs/api/base-window
BaseWindow	Class	setVibrancy	instance-method	main	macos			F02-windowing	1	UNSUPPORTED	@keld/electron + keld-core window registry + keld-wv	KEL-139,KEL-142,KEL-143,KEL-135	0	0	0		https://electronjs.org/docs/api/base-window
BaseWindow	Class	setBackgroundMaterial	instance-method	main	windows			F02-windowing	1	UNSUPPORTED	@keld/electron + keld-core window registry + keld-wv	KEL-139,KEL-142,KEL-143,KEL-135	0	0	0		https://electronjs.org/docs/api/base-window
BaseWindow	Class	setWindowButtonPosition	instance-method	main	macos			F02-windowing	1	UNSUPPORTED	@keld/electron + keld-core window registry + keld-wv	KEL-139,KEL-142,KEL-143,KEL-135	0	0	0		https://electronjs.org/docs/api/base-window
BaseWindow	Class	getWindowButtonPosition	instance-method	main	macos			F02-windowing	1	UNSUPPORTED	@keld/electron + keld-core window registry + keld-wv	KEL-139,KEL-142,KEL-143,KEL-135	0	0	0		https://electronjs.org/docs/api/base-window
BaseWindow	Class	setTouchBar	instance-method	main	macos			F02-windowing	1	UNSUPPORTED	@keld/electron + keld-core window registry + keld-wv	KEL-139,KEL-142,KEL-143,KEL-135	0	0	0		https://electronjs.org/docs/api/base-window
BaseWindow	Class	setTitleBarOverlay	instance-method	main	windows,linux			F02-windowing	1	UNSUPPORTED	@keld/electron + keld-core window registry + keld-wv	KEL-139,KEL-142,KEL-143,KEL-135	0	1	0		https://electronjs.org/docs/api/base-window
BaseWindow	Class	getAllWindows	static-method	main	all			F02-windowing	1	UNSUPPORTED	@keld/electron + keld-core window registry + keld-wv	KEL-139,KEL-142,KEL-143,KEL-135	1	5	1		https://electronjs.org/docs/api/base-window
BaseWindow	Class	getFocusedWindow	static-method	main	all			F02-windowing	1	UNSUPPORTED	@keld/electron + keld-core window registry + keld-wv	KEL-139,KEL-142,KEL-143,KEL-135	6	5	0		https://electronjs.org/docs/api/base-window
BaseWindow	Class	fromId	static-method	main	all			F02-windowing	1	UNSUPPORTED	@keld/electron + keld-core window registry + keld-wv	KEL-139,KEL-142,KEL-143,KEL-135	0	0	0		https://electronjs.org/docs/api/base-window
BaseWindow	Class	clearPersistedState	static-method	main	all			F02-windowing	1	UNSUPPORTED	@keld/electron + keld-core window registry + keld-wv	KEL-139,KEL-142,KEL-143,KEL-135	0	0	0		https://electronjs.org/docs/api/base-window
BaseWindow	Class	close	instance-event	main	all			F02-windowing	1	UNSUPPORTED	@keld/electron + keld-core window registry + keld-wv	KEL-139,KEL-142,KEL-143,KEL-135	14	82	0		https://electronjs.org/docs/api/base-window
BaseWindow	Class	closed	instance-event	main	all			F02-windowing	1	UNSUPPORTED	@keld/electron + keld-core window registry + keld-wv	KEL-139,KEL-142,KEL-143,KEL-135	2	14	0		https://electronjs.org/docs/api/base-window
BaseWindow	Class	query-session-end	instance-event	main	windows			F02-windowing	1	UNSUPPORTED	@keld/electron + keld-core window registry + keld-wv	KEL-139,KEL-142,KEL-143,KEL-135	0	0	0		https://electronjs.org/docs/api/base-window
BaseWindow	Class	session-end	instance-event	main	windows			F02-windowing	1	UNSUPPORTED	@keld/electron + keld-core window registry + keld-wv	KEL-139,KEL-142,KEL-143,KEL-135	0	0	0		https://electronjs.org/docs/api/base-window
BaseWindow	Class	blur	instance-event	main	all			F02-windowing	1	UNSUPPORTED	@keld/electron + keld-core window registry + keld-wv	KEL-139,KEL-142,KEL-143,KEL-135	0	8	0		https://electronjs.org/docs/api/base-window
BaseWindow	Class	focus	instance-event	main	all			F02-windowing	1	UNSUPPORTED	@keld/electron + keld-core window registry + keld-wv	KEL-139,KEL-142,KEL-143,KEL-135	0	30	0		https://electronjs.org/docs/api/base-window
BaseWindow	Class	show	instance-event	main	all			F02-windowing	1	UNSUPPORTED	@keld/electron + keld-core window registry + keld-wv	KEL-139,KEL-142,KEL-143,KEL-135	1	18	0		https://electronjs.org/docs/api/base-window
BaseWindow	Class	hide	instance-event	main	all			F02-windowing	1	UNSUPPORTED	@keld/electron + keld-core window registry + keld-wv	KEL-139,KEL-142,KEL-143,KEL-135	1	1	0		https://electronjs.org/docs/api/base-window
BaseWindow	Class	maximize	instance-event	main	all			F02-windowing	1	UNSUPPORTED	@keld/electron + keld-core window registry + keld-wv	KEL-139,KEL-142,KEL-143,KEL-135	5	3	0		https://electronjs.org/docs/api/base-window
BaseWindow	Class	unmaximize	instance-event	main	all			F02-windowing	1	UNSUPPORTED	@keld/electron + keld-core window registry + keld-wv	KEL-139,KEL-142,KEL-143,KEL-135	4	1	0		https://electronjs.org/docs/api/base-window
BaseWindow	Class	minimize	instance-event	main	all			F02-windowing	1	UNSUPPORTED	@keld/electron + keld-core window registry + keld-wv	KEL-139,KEL-142,KEL-143,KEL-135	2	4	0		https://electronjs.org/docs/api/base-window
BaseWindow	Class	restore	instance-event	main	all			F02-windowing	1	UNSUPPORTED	@keld/electron + keld-core window registry + keld-wv	KEL-139,KEL-142,KEL-143,KEL-135	0	0	0		https://electronjs.org/docs/api/base-window
BaseWindow	Class	will-resize	instance-event	main	macos,windows			F02-windowing	1	UNSUPPORTED	@keld/electron + keld-core window registry + keld-wv	KEL-139,KEL-142,KEL-143,KEL-135	0	0	0		https://electronjs.org/docs/api/base-window
BaseWindow	Class	resize	instance-event	main	all			F02-windowing	1	UNSUPPORTED	@keld/electron + keld-core window registry + keld-wv	KEL-139,KEL-142,KEL-143,KEL-135	2	7	0		https://electronjs.org/docs/api/base-window
BaseWindow	Class	resized	instance-event	main	macos,windows			F02-windowing	1	UNSUPPORTED	@keld/electron + keld-core window registry + keld-wv	KEL-139,KEL-142,KEL-143,KEL-135	0	0	0		https://electronjs.org/docs/api/base-window
BaseWindow	Class	will-move	instance-event	main	macos,windows			F02-windowing	1	UNSUPPORTED	@keld/electron + keld-core window registry + keld-wv	KEL-139,KEL-142,KEL-143,KEL-135	0	0	0		https://electronjs.org/docs/api/base-window
BaseWindow	Class	move	instance-event	main	all			F02-windowing	1	UNSUPPORTED	@keld/electron + keld-core window registry + keld-wv	KEL-139,KEL-142,KEL-143,KEL-135	0	4	0		https://electronjs.org/docs/api/base-window
BaseWindow	Class	moved	instance-event	main	macos,windows			F02-windowing	1	UNSUPPORTED	@keld/electron + keld-core window registry + keld-wv	KEL-139,KEL-142,KEL-143,KEL-135	0	0	0		https://electronjs.org/docs/api/base-window
BaseWindow	Class	enter-full-screen	instance-event	main	all			F02-windowing	1	UNSUPPORTED	@keld/electron + keld-core window registry + keld-wv	KEL-139,KEL-142,KEL-143,KEL-135	0	1	0		https://electronjs.org/docs/api/base-window
BaseWindow	Class	leave-full-screen	instance-event	main	all			F02-windowing	1	UNSUPPORTED	@keld/electron + keld-core window registry + keld-wv	KEL-139,KEL-142,KEL-143,KEL-135	0	1	0		https://electronjs.org/docs/api/base-window
BaseWindow	Class	always-on-top-changed	instance-event	main	all			F02-windowing	1	UNSUPPORTED	@keld/electron + keld-core window registry + keld-wv	KEL-139,KEL-142,KEL-143,KEL-135	0	0	0		https://electronjs.org/docs/api/base-window
BaseWindow	Class	app-command	instance-event	main	windows,linux			F02-windowing	1	UNSUPPORTED	@keld/electron + keld-core window registry + keld-wv	KEL-139,KEL-142,KEL-143,KEL-135	0	1	0		https://electronjs.org/docs/api/base-window
BaseWindow	Class	swipe	instance-event	main	macos			F02-windowing	1	UNSUPPORTED	@keld/electron + keld-core window registry + keld-wv	KEL-139,KEL-142,KEL-143,KEL-135	0	1	0		https://electronjs.org/docs/api/base-window
BaseWindow	Class	rotate-gesture	instance-event	main	macos			F02-windowing	1	UNSUPPORTED	@keld/electron + keld-core window registry + keld-wv	KEL-139,KEL-142,KEL-143,KEL-135	0	0	0		https://electronjs.org/docs/api/base-window
BaseWindow	Class	sheet-begin	instance-event	main	macos			F02-windowing	1	UNSUPPORTED	@keld/electron + keld-core window registry + keld-wv	KEL-139,KEL-142,KEL-143,KEL-135	0	0	0		https://electronjs.org/docs/api/base-window
BaseWindow	Class	sheet-end	instance-event	main	macos			F02-windowing	1	UNSUPPORTED	@keld/electron + keld-core window registry + keld-wv	KEL-139,KEL-142,KEL-143,KEL-135	0	0	0		https://electronjs.org/docs/api/base-window
BaseWindow	Class	new-window-for-tab	instance-event	main	macos			F02-windowing	1	UNSUPPORTED	@keld/electron + keld-core window registry + keld-wv	KEL-139,KEL-142,KEL-143,KEL-135	0	0	0		https://electronjs.org/docs/api/base-window
BaseWindow	Class	system-context-menu	instance-event	main	windows,linux			F02-windowing	1	UNSUPPORTED	@keld/electron + keld-core window registry + keld-wv	KEL-139,KEL-142,KEL-143,KEL-135	0	0	0		https://electronjs.org/docs/api/base-window
BaseWindow	Class	persisted-state-restored	instance-event	main	all			F02-windowing	1	UNSUPPORTED	@keld/electron + keld-core window registry + keld-wv	KEL-139,KEL-142,KEL-143,KEL-135	0	0	0		https://electronjs.org/docs/api/base-window
BaseWindow	Class	id	instance-property	main	all	availability_readonly		F02-windowing	1	UNSUPPORTED	@keld/electron + keld-core window registry + keld-wv	KEL-139,KEL-142,KEL-143,KEL-135	0	0	0		https://electronjs.org/docs/api/base-window
BaseWindow	Class	contentView	instance-property	main	all			F02-windowing	1	UNSUPPORTED	@keld/electron + keld-core window registry + keld-wv	KEL-139,KEL-142,KEL-143,KEL-135	0	0	0		https://electronjs.org/docs/api/base-window
BaseWindow	Class	tabbingIdentifier	instance-property	main	macos	availability_readonly		F02-windowing	1	UNSUPPORTED	@keld/electron + keld-core window registry + keld-wv	KEL-139,KEL-142,KEL-143,KEL-135	0	0	0		https://electronjs.org/docs/api/base-window
BaseWindow	Class	autoHideMenuBar	instance-property	main	linux,windows			F02-windowing	1	UNSUPPORTED	@keld/electron + keld-core window registry + keld-wv	KEL-139,KEL-142,KEL-143,KEL-135	0	0	0		https://electronjs.org/docs/api/base-window
BaseWindow	Class	simpleFullScreen	instance-property	main	all			F02-windowing	1	UNSUPPORTED	@keld/electron + keld-core window registry + keld-wv	KEL-139,KEL-142,KEL-143,KEL-135	0	0	0		https://electronjs.org/docs/api/base-window
BaseWindow	Class	fullScreen	instance-property	main	all			F02-windowing	1	UNSUPPORTED	@keld/electron + keld-core window registry + keld-wv	KEL-139,KEL-142,KEL-143,KEL-135	0	0	0		https://electronjs.org/docs/api/base-window
BaseWindow	Class	focusable	instance-property	main	windows,macos			F02-windowing	1	UNSUPPORTED	@keld/electron + keld-core window registry + keld-wv	KEL-139,KEL-142,KEL-143,KEL-135	0	0	0		https://electronjs.org/docs/api/base-window
BaseWindow	Class	visibleOnAllWorkspaces	instance-property	main	macos,linux			F02-windowing	1	UNSUPPORTED	@keld/electron + keld-core window registry + keld-wv	KEL-139,KEL-142,KEL-143,KEL-135	0	0	0		https://electronjs.org/docs/api/base-window
BaseWindow	Class	shadow	instance-property	main	all			F02-windowing	1	UNSUPPORTED	@keld/electron + keld-core window registry + keld-wv	KEL-139,KEL-142,KEL-143,KEL-135	0	0	0		https://electronjs.org/docs/api/base-window
BaseWindow	Class	menuBarVisible	instance-property	main	windows,linux			F02-windowing	1	UNSUPPORTED	@keld/electron + keld-core window registry + keld-wv	KEL-139,KEL-142,KEL-143,KEL-135	0	0	0		https://electronjs.org/docs/api/base-window
BaseWindow	Class	kiosk	instance-property	main	all			F02-windowing	1	UNSUPPORTED	@keld/electron + keld-core window registry + keld-wv	KEL-139,KEL-142,KEL-143,KEL-135	0	0	0		https://electronjs.org/docs/api/base-window
BaseWindow	Class	documentEdited	instance-property	main	macos			F02-windowing	1	UNSUPPORTED	@keld/electron + keld-core window registry + keld-wv	KEL-139,KEL-142,KEL-143,KEL-135	0	0	0		https://electronjs.org/docs/api/base-window
BaseWindow	Class	representedFilename	instance-property	main	macos			F02-windowing	1	UNSUPPORTED	@keld/electron + keld-core window registry + keld-wv	KEL-139,KEL-142,KEL-143,KEL-135	0	0	0		https://electronjs.org/docs/api/base-window
BaseWindow	Class	title	instance-property	main	all			F02-windowing	1	UNSUPPORTED	@keld/electron + keld-core window registry + keld-wv	KEL-139,KEL-142,KEL-143,KEL-135	0	0	0		https://electronjs.org/docs/api/base-window
BaseWindow	Class	minimizable	instance-property	main	macos,windows			F02-windowing	1	UNSUPPORTED	@keld/electron + keld-core window registry + keld-wv	KEL-139,KEL-142,KEL-143,KEL-135	0	0	0		https://electronjs.org/docs/api/base-window
BaseWindow	Class	maximizable	instance-property	main	macos,windows			F02-windowing	1	UNSUPPORTED	@keld/electron + keld-core window registry + keld-wv	KEL-139,KEL-142,KEL-143,KEL-135	0	0	0		https://electronjs.org/docs/api/base-window
BaseWindow	Class	fullScreenable	instance-property	main	all			F02-windowing	1	UNSUPPORTED	@keld/electron + keld-core window registry + keld-wv	KEL-139,KEL-142,KEL-143,KEL-135	0	0	0		https://electronjs.org/docs/api/base-window
BaseWindow	Class	resizable	instance-property	main	all			F02-windowing	1	UNSUPPORTED	@keld/electron + keld-core window registry + keld-wv	KEL-139,KEL-142,KEL-143,KEL-135	0	0	0		https://electronjs.org/docs/api/base-window
BaseWindow	Class	closable	instance-property	main	macos,windows			F02-windowing	1	UNSUPPORTED	@keld/electron + keld-core window registry + keld-wv	KEL-139,KEL-142,KEL-143,KEL-135	0	0	0		https://electronjs.org/docs/api/base-window
BaseWindow	Class	movable	instance-property	main	macos,windows			F02-windowing	1	UNSUPPORTED	@keld/electron + keld-core window registry + keld-wv	KEL-139,KEL-142,KEL-143,KEL-135	0	0	0		https://electronjs.org/docs/api/base-window
BaseWindow	Class	excludedFromShownWindowsMenu	instance-property	main	macos			F02-windowing	1	UNSUPPORTED	@keld/electron + keld-core window registry + keld-wv	KEL-139,KEL-142,KEL-143,KEL-135	0	0	0		https://electronjs.org/docs/api/base-window
BaseWindow	Class	accessibleTitle	instance-property	main	all			F02-windowing	1	UNSUPPORTED	@keld/electron + keld-core window registry + keld-wv	KEL-139,KEL-142,KEL-143,KEL-135	0	0	0		https://electronjs.org/docs/api/base-window
BaseWindow	Class	snapped	instance-property	main	windows	availability_readonly		F02-windowing	1	UNSUPPORTED	@keld/electron + keld-core window registry + keld-wv	KEL-139,KEL-142,KEL-143,KEL-135	0	0	0		https://electronjs.org/docs/api/base-window
BaseWindow	Class	constructor	constructor	main	all			F02-windowing	1	UNSUPPORTED	@keld/electron + keld-core window registry + keld-wv	KEL-139,KEL-142,KEL-143,KEL-135	0	0	0		https://electronjs.org/docs/api/base-window
BrowserView	Class	setAutoResize	instance-method	main	all	stability_experimental,stability_deprecated		F02-windowing	3	UNSUPPORTED	@keld/electron + keld-core window registry + keld-wv	KEL-139,KEL-142,KEL-143,KEL-135	0	0	0		https://electronjs.org/docs/api/browser-view
BrowserView	Class	setBounds	instance-method	main	all	stability_experimental,stability_deprecated		F02-windowing	3	UNSUPPORTED	@keld/electron + keld-core window registry + keld-wv	KEL-139,KEL-142,KEL-143,KEL-135	0	0	0		https://electronjs.org/docs/api/browser-view
BrowserView	Class	getBounds	instance-method	main	all	stability_experimental,stability_deprecated		F02-windowing	3	UNSUPPORTED	@keld/electron + keld-core window registry + keld-wv	KEL-139,KEL-142,KEL-143,KEL-135	0	0	0		https://electronjs.org/docs/api/browser-view
BrowserView	Class	setBackgroundColor	instance-method	main	all	stability_experimental,stability_deprecated		F02-windowing	3	UNSUPPORTED	@keld/electron + keld-core window registry + keld-wv	KEL-139,KEL-142,KEL-143,KEL-135	0	0	0		https://electronjs.org/docs/api/browser-view
BrowserView	Class	webContents	instance-property	main	all	stability_experimental,stability_deprecated		F02-windowing	3	UNSUPPORTED	@keld/electron + keld-core window registry + keld-wv	KEL-139,KEL-142,KEL-143,KEL-135	0	0	0		https://electronjs.org/docs/api/browser-view
BrowserView	Class	constructor	constructor	main	all			F02-windowing	3	UNSUPPORTED	@keld/electron + keld-core window registry + keld-wv	KEL-139,KEL-142,KEL-143,KEL-135	0	0	0		https://electronjs.org/docs/api/browser-view
BrowserWindow	Class	destroy	instance-method	main	all		BaseWindow	F02-windowing	1	UNSUPPORTED	@keld/electron + keld-core window registry + keld-wv	KEL-139,KEL-142,KEL-143,KEL-135	10	10	0		https://electronjs.org/docs/api/browser-window
BrowserWindow	Class	close	instance-method	main	all		BaseWindow	F02-windowing	1	UNSUPPORTED	@keld/electron + keld-core window registry + keld-wv	KEL-139,KEL-142,KEL-143,KEL-135	14	82	0		https://electronjs.org/docs/api/browser-window
BrowserWindow	Class	focus	instance-method	main	all		BaseWindow	F02-windowing	1	UNSUPPORTED	@keld/electron + keld-core window registry + keld-wv	KEL-139,KEL-142,KEL-143,KEL-135	0	30	0		https://electronjs.org/docs/api/browser-window
BrowserWindow	Class	blur	instance-method	main	all		BaseWindow	F02-windowing	1	UNSUPPORTED	@keld/electron + keld-core window registry + keld-wv	KEL-139,KEL-142,KEL-143,KEL-135	0	8	0		https://electronjs.org/docs/api/browser-window
BrowserWindow	Class	isFocused	instance-method	main	all		BaseWindow	F02-windowing	1	UNSUPPORTED	@keld/electron + keld-core window registry + keld-wv	KEL-139,KEL-142,KEL-143,KEL-135	0	0	0		https://electronjs.org/docs/api/browser-window
BrowserWindow	Class	isDestroyed	instance-method	main	all		BaseWindow	F02-windowing	1	UNSUPPORTED	@keld/electron + keld-core window registry + keld-wv	KEL-139,KEL-142,KEL-143,KEL-135	6	0	0		https://electronjs.org/docs/api/browser-window
BrowserWindow	Class	show	instance-method	main	all		BaseWindow	F02-windowing	1	UNSUPPORTED	@keld/electron + keld-core window registry + keld-wv	KEL-139,KEL-142,KEL-143,KEL-135	1	18	0		https://electronjs.org/docs/api/browser-window
BrowserWindow	Class	showInactive	instance-method	main	all		BaseWindow	F02-windowing	1	UNSUPPORTED	@keld/electron + keld-core window registry + keld-wv	KEL-139,KEL-142,KEL-143,KEL-135	0	0	0		https://electronjs.org/docs/api/browser-window
BrowserWindow	Class	hide	instance-method	main	all		BaseWindow	F02-windowing	1	UNSUPPORTED	@keld/electron + keld-core window registry + keld-wv	KEL-139,KEL-142,KEL-143,KEL-135	1	1	0		https://electronjs.org/docs/api/browser-window
BrowserWindow	Class	isVisible	instance-method	main	all		BaseWindow	F02-windowing	1	UNSUPPORTED	@keld/electron + keld-core window registry + keld-wv	KEL-139,KEL-142,KEL-143,KEL-135	0	0	0		https://electronjs.org/docs/api/browser-window
BrowserWindow	Class	isModal	instance-method	main	all		BaseWindow	F02-windowing	1	UNSUPPORTED	@keld/electron + keld-core window registry + keld-wv	KEL-139,KEL-142,KEL-143,KEL-135	0	0	0		https://electronjs.org/docs/api/browser-window
BrowserWindow	Class	maximize	instance-method	main	all		BaseWindow	F02-windowing	1	UNSUPPORTED	@keld/electron + keld-core window registry + keld-wv	KEL-139,KEL-142,KEL-143,KEL-135	5	3	0		https://electronjs.org/docs/api/browser-window
BrowserWindow	Class	unmaximize	instance-method	main	all		BaseWindow	F02-windowing	1	UNSUPPORTED	@keld/electron + keld-core window registry + keld-wv	KEL-139,KEL-142,KEL-143,KEL-135	4	1	0		https://electronjs.org/docs/api/browser-window
BrowserWindow	Class	isMaximized	instance-method	main	all		BaseWindow	F02-windowing	1	UNSUPPORTED	@keld/electron + keld-core window registry + keld-wv	KEL-139,KEL-142,KEL-143,KEL-135	2	3	0		https://electronjs.org/docs/api/browser-window
BrowserWindow	Class	minimize	instance-method	main	all		BaseWindow	F02-windowing	1	UNSUPPORTED	@keld/electron + keld-core window registry + keld-wv	KEL-139,KEL-142,KEL-143,KEL-135	2	4	0		https://electronjs.org/docs/api/browser-window
BrowserWindow	Class	restore	instance-method	main	all		BaseWindow	F02-windowing	1	UNSUPPORTED	@keld/electron + keld-core window registry + keld-wv	KEL-139,KEL-142,KEL-143,KEL-135	0	0	0		https://electronjs.org/docs/api/browser-window
BrowserWindow	Class	isMinimized	instance-method	main	all		BaseWindow	F02-windowing	1	UNSUPPORTED	@keld/electron + keld-core window registry + keld-wv	KEL-139,KEL-142,KEL-143,KEL-135	0	0	0		https://electronjs.org/docs/api/browser-window
BrowserWindow	Class	setFullScreen	instance-method	main	all		BaseWindow	F02-windowing	1	UNSUPPORTED	@keld/electron + keld-core window registry + keld-wv	KEL-139,KEL-142,KEL-143,KEL-135	2	1	0		https://electronjs.org/docs/api/browser-window
BrowserWindow	Class	isFullScreen	instance-method	main	all		BaseWindow	F02-windowing	1	UNSUPPORTED	@keld/electron + keld-core window registry + keld-wv	KEL-139,KEL-142,KEL-143,KEL-135	3	1	0		https://electronjs.org/docs/api/browser-window
BrowserWindow	Class	setSimpleFullScreen	instance-method	main	macos		BaseWindow	F02-windowing	1	UNSUPPORTED	@keld/electron + keld-core window registry + keld-wv	KEL-139,KEL-142,KEL-143,KEL-135	0	0	0		https://electronjs.org/docs/api/browser-window
BrowserWindow	Class	isSimpleFullScreen	instance-method	main	macos		BaseWindow	F02-windowing	1	UNSUPPORTED	@keld/electron + keld-core window registry + keld-wv	KEL-139,KEL-142,KEL-143,KEL-135	0	0	0		https://electronjs.org/docs/api/browser-window
BrowserWindow	Class	isNormal	instance-method	main	all		BaseWindow	F02-windowing	1	UNSUPPORTED	@keld/electron + keld-core window registry + keld-wv	KEL-139,KEL-142,KEL-143,KEL-135	0	0	0		https://electronjs.org/docs/api/browser-window
BrowserWindow	Class	setAspectRatio	instance-method	main	all		BaseWindow	F02-windowing	1	UNSUPPORTED	@keld/electron + keld-core window registry + keld-wv	KEL-139,KEL-142,KEL-143,KEL-135	0	0	0		https://electronjs.org/docs/api/browser-window
BrowserWindow	Class	setBackgroundColor	instance-method	main	all		BaseWindow	F02-windowing	1	UNSUPPORTED	@keld/electron + keld-core window registry + keld-wv	KEL-139,KEL-142,KEL-143,KEL-135	0	0	0		https://electronjs.org/docs/api/browser-window
BrowserWindow	Class	previewFile	instance-method	main	macos		BaseWindow	F02-windowing	1	UNSUPPORTED	@keld/electron + keld-core window registry + keld-wv	KEL-139,KEL-142,KEL-143,KEL-135	0	0	0		https://electronjs.org/docs/api/browser-window
BrowserWindow	Class	closeFilePreview	instance-method	main	macos		BaseWindow	F02-windowing	1	UNSUPPORTED	@keld/electron + keld-core window registry + keld-wv	KEL-139,KEL-142,KEL-143,KEL-135	0	0	0		https://electronjs.org/docs/api/browser-window
BrowserWindow	Class	setBounds	instance-method	main	all		BaseWindow	F02-windowing	1	UNSUPPORTED	@keld/electron + keld-core window registry + keld-wv	KEL-139,KEL-142,KEL-143,KEL-135	1	0	0		https://electronjs.org/docs/api/browser-window
BrowserWindow	Class	getBounds	instance-method	main	all		BaseWindow	F02-windowing	1	UNSUPPORTED	@keld/electron + keld-core window registry + keld-wv	KEL-139,KEL-142,KEL-143,KEL-135	0	2	0		https://electronjs.org/docs/api/browser-window
BrowserWindow	Class	getBackgroundColor	instance-method	main	all		BaseWindow	F02-windowing	1	UNSUPPORTED	@keld/electron + keld-core window registry + keld-wv	KEL-139,KEL-142,KEL-143,KEL-135	0	0	0		https://electronjs.org/docs/api/browser-window
BrowserWindow	Class	setContentBounds	instance-method	main	all		BaseWindow	F02-windowing	1	UNSUPPORTED	@keld/electron + keld-core window registry + keld-wv	KEL-139,KEL-142,KEL-143,KEL-135	0	0	0		https://electronjs.org/docs/api/browser-window
BrowserWindow	Class	getContentBounds	instance-method	main	all		BaseWindow	F02-windowing	1	UNSUPPORTED	@keld/electron + keld-core window registry + keld-wv	KEL-139,KEL-142,KEL-143,KEL-135	0	0	0		https://electronjs.org/docs/api/browser-window
BrowserWindow	Class	getNormalBounds	instance-method	main	all		BaseWindow	F02-windowing	1	UNSUPPORTED	@keld/electron + keld-core window registry + keld-wv	KEL-139,KEL-142,KEL-143,KEL-135	0	0	0		https://electronjs.org/docs/api/browser-window
BrowserWindow	Class	setEnabled	instance-method	main	all		BaseWindow	F02-windowing	1	UNSUPPORTED	@keld/electron + keld-core window registry + keld-wv	KEL-139,KEL-142,KEL-143,KEL-135	0	0	0		https://electronjs.org/docs/api/browser-window
BrowserWindow	Class	isEnabled	instance-method	main	all		BaseWindow	F02-windowing	1	UNSUPPORTED	@keld/electron + keld-core window registry + keld-wv	KEL-139,KEL-142,KEL-143,KEL-135	0	0	0		https://electronjs.org/docs/api/browser-window
BrowserWindow	Class	setSize	instance-method	main	all		BaseWindow	F02-windowing	1	UNSUPPORTED	@keld/electron + keld-core window registry + keld-wv	KEL-139,KEL-142,KEL-143,KEL-135	0	0	0		https://electronjs.org/docs/api/browser-window
BrowserWindow	Class	getSize	instance-method	main	all		BaseWindow	F02-windowing	1	UNSUPPORTED	@keld/electron + keld-core window registry + keld-wv	KEL-139,KEL-142,KEL-143,KEL-135	1	3	0		https://electronjs.org/docs/api/browser-window
BrowserWindow	Class	setContentSize	instance-method	main	all		BaseWindow	F02-windowing	1	UNSUPPORTED	@keld/electron + keld-core window registry + keld-wv	KEL-139,KEL-142,KEL-143,KEL-135	0	0	0		https://electronjs.org/docs/api/browser-window
BrowserWindow	Class	getContentSize	instance-method	main	all		BaseWindow	F02-windowing	1	UNSUPPORTED	@keld/electron + keld-core window registry + keld-wv	KEL-139,KEL-142,KEL-143,KEL-135	0	0	0		https://electronjs.org/docs/api/browser-window
BrowserWindow	Class	setMinimumSize	instance-method	main	all		BaseWindow	F02-windowing	1	UNSUPPORTED	@keld/electron + keld-core window registry + keld-wv	KEL-139,KEL-142,KEL-143,KEL-135	0	0	0		https://electronjs.org/docs/api/browser-window
BrowserWindow	Class	getMinimumSize	instance-method	main	all		BaseWindow	F02-windowing	1	UNSUPPORTED	@keld/electron + keld-core window registry + keld-wv	KEL-139,KEL-142,KEL-143,KEL-135	0	0	0		https://electronjs.org/docs/api/browser-window
BrowserWindow	Class	setMaximumSize	instance-method	main	all		BaseWindow	F02-windowing	1	UNSUPPORTED	@keld/electron + keld-core window registry + keld-wv	KEL-139,KEL-142,KEL-143,KEL-135	0	0	0		https://electronjs.org/docs/api/browser-window
BrowserWindow	Class	getMaximumSize	instance-method	main	all		BaseWindow	F02-windowing	1	UNSUPPORTED	@keld/electron + keld-core window registry + keld-wv	KEL-139,KEL-142,KEL-143,KEL-135	0	0	0		https://electronjs.org/docs/api/browser-window
BrowserWindow	Class	setResizable	instance-method	main	all		BaseWindow	F02-windowing	1	UNSUPPORTED	@keld/electron + keld-core window registry + keld-wv	KEL-139,KEL-142,KEL-143,KEL-135	0	0	0		https://electronjs.org/docs/api/browser-window
BrowserWindow	Class	isResizable	instance-method	main	all		BaseWindow	F02-windowing	1	UNSUPPORTED	@keld/electron + keld-core window registry + keld-wv	KEL-139,KEL-142,KEL-143,KEL-135	0	0	0		https://electronjs.org/docs/api/browser-window
BrowserWindow	Class	setMovable	instance-method	main	macos,windows		BaseWindow	F02-windowing	1	UNSUPPORTED	@keld/electron + keld-core window registry + keld-wv	KEL-139,KEL-142,KEL-143,KEL-135	0	0	0		https://electronjs.org/docs/api/browser-window
BrowserWindow	Class	isMovable	instance-method	main	macos,windows		BaseWindow	F02-windowing	1	UNSUPPORTED	@keld/electron + keld-core window registry + keld-wv	KEL-139,KEL-142,KEL-143,KEL-135	0	0	0		https://electronjs.org/docs/api/browser-window
BrowserWindow	Class	setMinimizable	instance-method	main	macos,windows		BaseWindow	F02-windowing	1	UNSUPPORTED	@keld/electron + keld-core window registry + keld-wv	KEL-139,KEL-142,KEL-143,KEL-135	0	0	0		https://electronjs.org/docs/api/browser-window
BrowserWindow	Class	isMinimizable	instance-method	main	macos,windows		BaseWindow	F02-windowing	1	UNSUPPORTED	@keld/electron + keld-core window registry + keld-wv	KEL-139,KEL-142,KEL-143,KEL-135	0	0	0		https://electronjs.org/docs/api/browser-window
BrowserWindow	Class	setMaximizable	instance-method	main	macos,windows		BaseWindow	F02-windowing	1	UNSUPPORTED	@keld/electron + keld-core window registry + keld-wv	KEL-139,KEL-142,KEL-143,KEL-135	0	0	0		https://electronjs.org/docs/api/browser-window
BrowserWindow	Class	isMaximizable	instance-method	main	macos,windows		BaseWindow	F02-windowing	1	UNSUPPORTED	@keld/electron + keld-core window registry + keld-wv	KEL-139,KEL-142,KEL-143,KEL-135	0	0	0		https://electronjs.org/docs/api/browser-window
BrowserWindow	Class	setFullScreenable	instance-method	main	all		BaseWindow	F02-windowing	1	UNSUPPORTED	@keld/electron + keld-core window registry + keld-wv	KEL-139,KEL-142,KEL-143,KEL-135	0	0	0		https://electronjs.org/docs/api/browser-window
BrowserWindow	Class	isFullScreenable	instance-method	main	all		BaseWindow	F02-windowing	1	UNSUPPORTED	@keld/electron + keld-core window registry + keld-wv	KEL-139,KEL-142,KEL-143,KEL-135	0	0	0		https://electronjs.org/docs/api/browser-window
BrowserWindow	Class	setClosable	instance-method	main	macos,windows		BaseWindow	F02-windowing	1	UNSUPPORTED	@keld/electron + keld-core window registry + keld-wv	KEL-139,KEL-142,KEL-143,KEL-135	1	0	0		https://electronjs.org/docs/api/browser-window
BrowserWindow	Class	isClosable	instance-method	main	macos,windows		BaseWindow	F02-windowing	1	UNSUPPORTED	@keld/electron + keld-core window registry + keld-wv	KEL-139,KEL-142,KEL-143,KEL-135	0	0	0		https://electronjs.org/docs/api/browser-window
BrowserWindow	Class	setHiddenInMissionControl	instance-method	main	macos		BaseWindow	F02-windowing	1	UNSUPPORTED	@keld/electron + keld-core window registry + keld-wv	KEL-139,KEL-142,KEL-143,KEL-135	0	0	0		https://electronjs.org/docs/api/browser-window
BrowserWindow	Class	isHiddenInMissionControl	instance-method	main	macos		BaseWindow	F02-windowing	1	UNSUPPORTED	@keld/electron + keld-core window registry + keld-wv	KEL-139,KEL-142,KEL-143,KEL-135	0	0	0		https://electronjs.org/docs/api/browser-window
BrowserWindow	Class	setAlwaysOnTop	instance-method	main	all		BaseWindow	F02-windowing	1	UNSUPPORTED	@keld/electron + keld-core window registry + keld-wv	KEL-139,KEL-142,KEL-143,KEL-135	0	0	0		https://electronjs.org/docs/api/browser-window
BrowserWindow	Class	isAlwaysOnTop	instance-method	main	all		BaseWindow	F02-windowing	1	UNSUPPORTED	@keld/electron + keld-core window registry + keld-wv	KEL-139,KEL-142,KEL-143,KEL-135	0	0	0		https://electronjs.org/docs/api/browser-window
BrowserWindow	Class	moveAbove	instance-method	main	all		BaseWindow	F02-windowing	1	UNSUPPORTED	@keld/electron + keld-core window registry + keld-wv	KEL-139,KEL-142,KEL-143,KEL-135	0	0	0		https://electronjs.org/docs/api/browser-window
BrowserWindow	Class	moveTop	instance-method	main	all		BaseWindow	F02-windowing	1	UNSUPPORTED	@keld/electron + keld-core window registry + keld-wv	KEL-139,KEL-142,KEL-143,KEL-135	0	0	0		https://electronjs.org/docs/api/browser-window
BrowserWindow	Class	center	instance-method	main	all		BaseWindow	F02-windowing	1	UNSUPPORTED	@keld/electron + keld-core window registry + keld-wv	KEL-139,KEL-142,KEL-143,KEL-135	0	0	0		https://electronjs.org/docs/api/browser-window
BrowserWindow	Class	setPosition	instance-method	main	all		BaseWindow	F02-windowing	1	UNSUPPORTED	@keld/electron + keld-core window registry + keld-wv	KEL-139,KEL-142,KEL-143,KEL-135	0	0	0		https://electronjs.org/docs/api/browser-window
BrowserWindow	Class	getPosition	instance-method	main	all		BaseWindow	F02-windowing	1	UNSUPPORTED	@keld/electron + keld-core window registry + keld-wv	KEL-139,KEL-142,KEL-143,KEL-135	1	0	0		https://electronjs.org/docs/api/browser-window
BrowserWindow	Class	setTitle	instance-method	main	all		BaseWindow	F02-windowing	1	UNSUPPORTED	@keld/electron + keld-core window registry + keld-wv	KEL-139,KEL-142,KEL-143,KEL-135	0	0	0		https://electronjs.org/docs/api/browser-window
BrowserWindow	Class	getTitle	instance-method	main	all		BaseWindow	F02-windowing	1	UNSUPPORTED	@keld/electron + keld-core window registry + keld-wv	KEL-139,KEL-142,KEL-143,KEL-135	0	0	0		https://electronjs.org/docs/api/browser-window
BrowserWindow	Class	setSheetOffset	instance-method	main	macos		BaseWindow	F02-windowing	1	UNSUPPORTED	@keld/electron + keld-core window registry + keld-wv	KEL-139,KEL-142,KEL-143,KEL-135	0	0	0		https://electronjs.org/docs/api/browser-window
BrowserWindow	Class	flashFrame	instance-method	main	all		BaseWindow	F02-windowing	1	UNSUPPORTED	@keld/electron + keld-core window registry + keld-wv	KEL-139,KEL-142,KEL-143,KEL-135	0	0	0		https://electronjs.org/docs/api/browser-window
BrowserWindow	Class	setSkipTaskbar	instance-method	main	macos,windows		BaseWindow	F02-windowing	1	UNSUPPORTED	@keld/electron + keld-core window registry + keld-wv	KEL-139,KEL-142,KEL-143,KEL-135	0	0	0		https://electronjs.org/docs/api/browser-window
BrowserWindow	Class	setKiosk	instance-method	main	all		BaseWindow	F02-windowing	1	UNSUPPORTED	@keld/electron + keld-core window registry + keld-wv	KEL-139,KEL-142,KEL-143,KEL-135	0	0	0		https://electronjs.org/docs/api/browser-window
BrowserWindow	Class	isKiosk	instance-method	main	all		BaseWindow	F02-windowing	1	UNSUPPORTED	@keld/electron + keld-core window registry + keld-wv	KEL-139,KEL-142,KEL-143,KEL-135	0	0	0		https://electronjs.org/docs/api/browser-window
BrowserWindow	Class	isTabletMode	instance-method	main	windows		BaseWindow	F02-windowing	1	UNSUPPORTED	@keld/electron + keld-core window registry + keld-wv	KEL-139,KEL-142,KEL-143,KEL-135	0	0	0		https://electronjs.org/docs/api/browser-window
BrowserWindow	Class	getMediaSourceId	instance-method	main	all		BaseWindow	F02-windowing	1	UNSUPPORTED	@keld/electron + keld-core window registry + keld-wv	KEL-139,KEL-142,KEL-143,KEL-135	0	0	0		https://electronjs.org/docs/api/browser-window
BrowserWindow	Class	getNativeWindowHandle	instance-method	main	all		BaseWindow	F02-windowing	1	UNSUPPORTED	@keld/electron + keld-core window registry + keld-wv	KEL-139,KEL-142,KEL-143,KEL-135	0	0	0		https://electronjs.org/docs/api/browser-window
BrowserWindow	Class	hookWindowMessage	instance-method	main	windows		BaseWindow	F02-windowing	1	UNSUPPORTED	@keld/electron + keld-core window registry + keld-wv	KEL-139,KEL-142,KEL-143,KEL-135	0	0	0		https://electronjs.org/docs/api/browser-window
BrowserWindow	Class	isWindowMessageHooked	instance-method	main	windows		BaseWindow	F02-windowing	1	UNSUPPORTED	@keld/electron + keld-core window registry + keld-wv	KEL-139,KEL-142,KEL-143,KEL-135	0	0	0		https://electronjs.org/docs/api/browser-window
BrowserWindow	Class	unhookWindowMessage	instance-method	main	windows		BaseWindow	F02-windowing	1	UNSUPPORTED	@keld/electron + keld-core window registry + keld-wv	KEL-139,KEL-142,KEL-143,KEL-135	0	0	0		https://electronjs.org/docs/api/browser-window
BrowserWindow	Class	unhookAllWindowMessages	instance-method	main	windows		BaseWindow	F02-windowing	1	UNSUPPORTED	@keld/electron + keld-core window registry + keld-wv	KEL-139,KEL-142,KEL-143,KEL-135	0	0	0		https://electronjs.org/docs/api/browser-window
BrowserWindow	Class	setRepresentedFilename	instance-method	main	macos		BaseWindow	F02-windowing	1	UNSUPPORTED	@keld/electron + keld-core window registry + keld-wv	KEL-139,KEL-142,KEL-143,KEL-135	0	0	0		https://electronjs.org/docs/api/browser-window
BrowserWindow	Class	getRepresentedFilename	instance-method	main	macos		BaseWindow	F02-windowing	1	UNSUPPORTED	@keld/electron + keld-core window registry + keld-wv	KEL-139,KEL-142,KEL-143,KEL-135	0	0	0		https://electronjs.org/docs/api/browser-window
BrowserWindow	Class	setDocumentEdited	instance-method	main	macos		BaseWindow	F02-windowing	1	UNSUPPORTED	@keld/electron + keld-core window registry + keld-wv	KEL-139,KEL-142,KEL-143,KEL-135	0	0	0		https://electronjs.org/docs/api/browser-window
BrowserWindow	Class	isDocumentEdited	instance-method	main	macos		BaseWindow	F02-windowing	1	UNSUPPORTED	@keld/electron + keld-core window registry + keld-wv	KEL-139,KEL-142,KEL-143,KEL-135	0	0	0		https://electronjs.org/docs/api/browser-window
BrowserWindow	Class	focusOnWebView	instance-method	main	all			F02-windowing	1	UNSUPPORTED	@keld/electron + keld-core window registry + keld-wv	KEL-139,KEL-142,KEL-143,KEL-135	0	0	0		https://electronjs.org/docs/api/browser-window
BrowserWindow	Class	blurWebView	instance-method	main	all			F02-windowing	1	UNSUPPORTED	@keld/electron + keld-core window registry + keld-wv	KEL-139,KEL-142,KEL-143,KEL-135	0	0	0		https://electronjs.org/docs/api/browser-window
BrowserWindow	Class	capturePage	instance-method	main	all			F02-windowing	1	UNSUPPORTED	@keld/electron + keld-core window registry + keld-wv	KEL-139,KEL-142,KEL-143,KEL-135	1	0	0		https://electronjs.org/docs/api/browser-window
BrowserWindow	Class	loadURL	instance-method	main	all			F02-windowing	1	UNSUPPORTED	@keld/electron + keld-core window registry + keld-wv	KEL-139,KEL-142,KEL-143,KEL-135	4	14	0		https://electronjs.org/docs/api/browser-window
BrowserWindow	Class	loadFile	instance-method	main	all			F02-windowing	1	UNSUPPORTED	@keld/electron + keld-core window registry + keld-wv	KEL-139,KEL-142,KEL-143,KEL-135	0	0	1		https://electronjs.org/docs/api/browser-window
BrowserWindow	Class	reload	instance-method	main	all			F02-windowing	1	UNSUPPORTED	@keld/electron + keld-core window registry + keld-wv	KEL-139,KEL-142,KEL-143,KEL-135	0	5	0		https://electronjs.org/docs/api/browser-window
BrowserWindow	Class	setMenu	instance-method	main	linux,windows		BaseWindow	F02-windowing	1	UNSUPPORTED	@keld/electron + keld-core window registry + keld-wv	KEL-139,KEL-142,KEL-143,KEL-135	1	0	0		https://electronjs.org/docs/api/browser-window
BrowserWindow	Class	removeMenu	instance-method	main	linux,windows		BaseWindow	F02-windowing	1	UNSUPPORTED	@keld/electron + keld-core window registry + keld-wv	KEL-139,KEL-142,KEL-143,KEL-135	0	0	0		https://electronjs.org/docs/api/browser-window
BrowserWindow	Class	setProgressBar	instance-method	main	all		BaseWindow	F02-windowing	1	UNSUPPORTED	@keld/electron + keld-core window registry + keld-wv	KEL-139,KEL-142,KEL-143,KEL-135	0	0	0		https://electronjs.org/docs/api/browser-window
BrowserWindow	Class	setOverlayIcon	instance-method	main	windows		BaseWindow	F02-windowing	1	UNSUPPORTED	@keld/electron + keld-core window registry + keld-wv	KEL-139,KEL-142,KEL-143,KEL-135	0	0	0		https://electronjs.org/docs/api/browser-window
BrowserWindow	Class	invalidateShadow	instance-method	main	macos		BaseWindow	F02-windowing	1	UNSUPPORTED	@keld/electron + keld-core window registry + keld-wv	KEL-139,KEL-142,KEL-143,KEL-135	0	0	0		https://electronjs.org/docs/api/browser-window
BrowserWindow	Class	setHasShadow	instance-method	main	all		BaseWindow	F02-windowing	1	UNSUPPORTED	@keld/electron + keld-core window registry + keld-wv	KEL-139,KEL-142,KEL-143,KEL-135	0	0	0		https://electronjs.org/docs/api/browser-window
BrowserWindow	Class	hasShadow	instance-method	main	all		BaseWindow	F02-windowing	1	UNSUPPORTED	@keld/electron + keld-core window registry + keld-wv	KEL-139,KEL-142,KEL-143,KEL-135	0	0	0		https://electronjs.org/docs/api/browser-window
BrowserWindow	Class	setOpacity	instance-method	main	all		BaseWindow	F02-windowing	1	UNSUPPORTED	@keld/electron + keld-core window registry + keld-wv	KEL-139,KEL-142,KEL-143,KEL-135	0	0	0		https://electronjs.org/docs/api/browser-window
BrowserWindow	Class	getOpacity	instance-method	main	all		BaseWindow	F02-windowing	1	UNSUPPORTED	@keld/electron + keld-core window registry + keld-wv	KEL-139,KEL-142,KEL-143,KEL-135	0	0	0		https://electronjs.org/docs/api/browser-window
BrowserWindow	Class	setShape	instance-method	main	windows,linux	stability_experimental	BaseWindow	F02-windowing	1	UNSUPPORTED	@keld/electron + keld-core window registry + keld-wv	KEL-139,KEL-142,KEL-143,KEL-135	0	0	0		https://electronjs.org/docs/api/browser-window
BrowserWindow	Class	setThumbarButtons	instance-method	main	windows		BaseWindow	F02-windowing	1	UNSUPPORTED	@keld/electron + keld-core window registry + keld-wv	KEL-139,KEL-142,KEL-143,KEL-135	0	0	0		https://electronjs.org/docs/api/browser-window
BrowserWindow	Class	setThumbnailClip	instance-method	main	windows		BaseWindow	F02-windowing	1	UNSUPPORTED	@keld/electron + keld-core window registry + keld-wv	KEL-139,KEL-142,KEL-143,KEL-135	0	0	0		https://electronjs.org/docs/api/browser-window
BrowserWindow	Class	setThumbnailToolTip	instance-method	main	windows		BaseWindow	F02-windowing	1	UNSUPPORTED	@keld/electron + keld-core window registry + keld-wv	KEL-139,KEL-142,KEL-143,KEL-135	0	0	0		https://electronjs.org/docs/api/browser-window
BrowserWindow	Class	setAppDetails	instance-method	main	windows		BaseWindow	F02-windowing	1	UNSUPPORTED	@keld/electron + keld-core window registry + keld-wv	KEL-139,KEL-142,KEL-143,KEL-135	0	0	0		https://electronjs.org/docs/api/browser-window
BrowserWindow	Class	setAccentColor	instance-method	main	windows		BaseWindow	F02-windowing	1	UNSUPPORTED	@keld/electron + keld-core window registry + keld-wv	KEL-139,KEL-142,KEL-143,KEL-135	0	0	0		https://electronjs.org/docs/api/browser-window
BrowserWindow	Class	getAccentColor	instance-method	main	windows		BaseWindow	F02-windowing	1	UNSUPPORTED	@keld/electron + keld-core window registry + keld-wv	KEL-139,KEL-142,KEL-143,KEL-135	0	0	0		https://electronjs.org/docs/api/browser-window
BrowserWindow	Class	showDefinitionForSelection	instance-method	main	macos			F02-windowing	1	UNSUPPORTED	@keld/electron + keld-core window registry + keld-wv	KEL-139,KEL-142,KEL-143,KEL-135	0	0	0		https://electronjs.org/docs/api/browser-window
BrowserWindow	Class	setIcon	instance-method	main	windows,linux		BaseWindow	F02-windowing	1	UNSUPPORTED	@keld/electron + keld-core window registry + keld-wv	KEL-139,KEL-142,KEL-143,KEL-135	0	0	0		https://electronjs.org/docs/api/browser-window
BrowserWindow	Class	setWindowButtonVisibility	instance-method	main	macos		BaseWindow	F02-windowing	1	UNSUPPORTED	@keld/electron + keld-core window registry + keld-wv	KEL-139,KEL-142,KEL-143,KEL-135	0	0	0		https://electronjs.org/docs/api/browser-window
BrowserWindow	Class	setAutoHideMenuBar	instance-method	main	windows,linux		BaseWindow	F02-windowing	1	UNSUPPORTED	@keld/electron + keld-core window registry + keld-wv	KEL-139,KEL-142,KEL-143,KEL-135	0	0	0		https://electronjs.org/docs/api/browser-window
BrowserWindow	Class	isMenuBarAutoHide	instance-method	main	windows,linux		BaseWindow	F02-windowing	1	UNSUPPORTED	@keld/electron + keld-core window registry + keld-wv	KEL-139,KEL-142,KEL-143,KEL-135	0	0	0		https://electronjs.org/docs/api/browser-window
BrowserWindow	Class	setMenuBarVisibility	instance-method	main	windows,linux		BaseWindow	F02-windowing	1	UNSUPPORTED	@keld/electron + keld-core window registry + keld-wv	KEL-139,KEL-142,KEL-143,KEL-135	0	0	0		https://electronjs.org/docs/api/browser-window
BrowserWindow	Class	isMenuBarVisible	instance-method	main	windows,linux		BaseWindow	F02-windowing	1	UNSUPPORTED	@keld/electron + keld-core window registry + keld-wv	KEL-139,KEL-142,KEL-143,KEL-135	0	0	0		https://electronjs.org/docs/api/browser-window
BrowserWindow	Class	isSnapped	instance-method	main	windows		BaseWindow	F02-windowing	1	UNSUPPORTED	@keld/electron + keld-core window registry + keld-wv	KEL-139,KEL-142,KEL-143,KEL-135	0	0	0		https://electronjs.org/docs/api/browser-window
BrowserWindow	Class	setVisibleOnAllWorkspaces	instance-method	main	macos,linux		BaseWindow	F02-windowing	1	UNSUPPORTED	@keld/electron + keld-core window registry + keld-wv	KEL-139,KEL-142,KEL-143,KEL-135	0	0	0		https://electronjs.org/docs/api/browser-window
BrowserWindow	Class	isVisibleOnAllWorkspaces	instance-method	main	macos,linux		BaseWindow	F02-windowing	1	UNSUPPORTED	@keld/electron + keld-core window registry + keld-wv	KEL-139,KEL-142,KEL-143,KEL-135	0	0	0		https://electronjs.org/docs/api/browser-window
BrowserWindow	Class	setIgnoreMouseEvents	instance-method	main	all		BaseWindow	F02-windowing	1	UNSUPPORTED	@keld/electron + keld-core window registry + keld-wv	KEL-139,KEL-142,KEL-143,KEL-135	0	0	0		https://electronjs.org/docs/api/browser-window
BrowserWindow	Class	setContentProtection	instance-method	main	macos,windows		BaseWindow	F02-windowing	1	UNSUPPORTED	@keld/electron + keld-core window registry + keld-wv	KEL-139,KEL-142,KEL-143,KEL-135	0	0	0		https://electronjs.org/docs/api/browser-window
BrowserWindow	Class	isContentProtected	instance-method	main	macos,windows		BaseWindow	F02-windowing	1	UNSUPPORTED	@keld/electron + keld-core window registry + keld-wv	KEL-139,KEL-142,KEL-143,KEL-135	0	0	0		https://electronjs.org/docs/api/browser-window
BrowserWindow	Class	setFocusable	instance-method	main	macos,windows		BaseWindow	F02-windowing	1	UNSUPPORTED	@keld/electron + keld-core window registry + keld-wv	KEL-139,KEL-142,KEL-143,KEL-135	0	0	0		https://electronjs.org/docs/api/browser-window
BrowserWindow	Class	isFocusable	instance-method	main	macos,windows		BaseWindow	F02-windowing	1	UNSUPPORTED	@keld/electron + keld-core window registry + keld-wv	KEL-139,KEL-142,KEL-143,KEL-135	0	0	0		https://electronjs.org/docs/api/browser-window
BrowserWindow	Class	setParentWindow	instance-method	main	all		BaseWindow	F02-windowing	1	UNSUPPORTED	@keld/electron + keld-core window registry + keld-wv	KEL-139,KEL-142,KEL-143,KEL-135	0	0	0		https://electronjs.org/docs/api/browser-window
BrowserWindow	Class	getParentWindow	instance-method	main	all		BaseWindow	F02-windowing	1	UNSUPPORTED	@keld/electron + keld-core window registry + keld-wv	KEL-139,KEL-142,KEL-143,KEL-135	0	0	0		https://electronjs.org/docs/api/browser-window
BrowserWindow	Class	getChildWindows	instance-method	main	all		BaseWindow	F02-windowing	1	UNSUPPORTED	@keld/electron + keld-core window registry + keld-wv	KEL-139,KEL-142,KEL-143,KEL-135	0	0	0		https://electronjs.org/docs/api/browser-window
BrowserWindow	Class	setAutoHideCursor	instance-method	main	macos		BaseWindow	F02-windowing	1	UNSUPPORTED	@keld/electron + keld-core window registry + keld-wv	KEL-139,KEL-142,KEL-143,KEL-135	0	0	0		https://electronjs.org/docs/api/browser-window
BrowserWindow	Class	selectPreviousTab	instance-method	main	macos		BaseWindow	F02-windowing	1	UNSUPPORTED	@keld/electron + keld-core window registry + keld-wv	KEL-139,KEL-142,KEL-143,KEL-135	0	0	0		https://electronjs.org/docs/api/browser-window
BrowserWindow	Class	selectNextTab	instance-method	main	macos		BaseWindow	F02-windowing	1	UNSUPPORTED	@keld/electron + keld-core window registry + keld-wv	KEL-139,KEL-142,KEL-143,KEL-135	0	0	0		https://electronjs.org/docs/api/browser-window
BrowserWindow	Class	showAllTabs	instance-method	main	macos		BaseWindow	F02-windowing	1	UNSUPPORTED	@keld/electron + keld-core window registry + keld-wv	KEL-139,KEL-142,KEL-143,KEL-135	0	0	0		https://electronjs.org/docs/api/browser-window
BrowserWindow	Class	mergeAllWindows	instance-method	main	macos		BaseWindow	F02-windowing	1	UNSUPPORTED	@keld/electron + keld-core window registry + keld-wv	KEL-139,KEL-142,KEL-143,KEL-135	0	0	0		https://electronjs.org/docs/api/browser-window
BrowserWindow	Class	moveTabToNewWindow	instance-method	main	macos		BaseWindow	F02-windowing	1	UNSUPPORTED	@keld/electron + keld-core window registry + keld-wv	KEL-139,KEL-142,KEL-143,KEL-135	0	0	0		https://electronjs.org/docs/api/browser-window
BrowserWindow	Class	toggleTabBar	instance-method	main	macos		BaseWindow	F02-windowing	1	UNSUPPORTED	@keld/electron + keld-core window registry + keld-wv	KEL-139,KEL-142,KEL-143,KEL-135	0	0	0		https://electronjs.org/docs/api/browser-window
BrowserWindow	Class	addTabbedWindow	instance-method	main	macos		BaseWindow	F02-windowing	1	UNSUPPORTED	@keld/electron + keld-core window registry + keld-wv	KEL-139,KEL-142,KEL-143,KEL-135	0	0	0		https://electronjs.org/docs/api/browser-window
BrowserWindow	Class	setVibrancy	instance-method	main	macos		BaseWindow	F02-windowing	1	UNSUPPORTED	@keld/electron + keld-core window registry + keld-wv	KEL-139,KEL-142,KEL-143,KEL-135	0	0	0		https://electronjs.org/docs/api/browser-window
BrowserWindow	Class	setBackgroundMaterial	instance-method	main	windows		BaseWindow	F02-windowing	1	UNSUPPORTED	@keld/electron + keld-core window registry + keld-wv	KEL-139,KEL-142,KEL-143,KEL-135	0	0	0		https://electronjs.org/docs/api/browser-window
BrowserWindow	Class	setWindowButtonPosition	instance-method	main	macos		BaseWindow	F02-windowing	1	UNSUPPORTED	@keld/electron + keld-core window registry + keld-wv	KEL-139,KEL-142,KEL-143,KEL-135	0	0	0		https://electronjs.org/docs/api/browser-window
BrowserWindow	Class	getWindowButtonPosition	instance-method	main	macos		BaseWindow	F02-windowing	1	UNSUPPORTED	@keld/electron + keld-core window registry + keld-wv	KEL-139,KEL-142,KEL-143,KEL-135	0	0	0		https://electronjs.org/docs/api/browser-window
BrowserWindow	Class	setTouchBar	instance-method	main	macos		BaseWindow	F02-windowing	1	UNSUPPORTED	@keld/electron + keld-core window registry + keld-wv	KEL-139,KEL-142,KEL-143,KEL-135	0	0	0		https://electronjs.org/docs/api/browser-window
BrowserWindow	Class	setBrowserView	instance-method	main	all	stability_experimental,stability_deprecated		F02-windowing	1	UNSUPPORTED	@keld/electron + keld-core window registry + keld-wv	KEL-139,KEL-142,KEL-143,KEL-135	0	0	0		https://electronjs.org/docs/api/browser-window
BrowserWindow	Class	getBrowserView	instance-method	main	all	stability_experimental,stability_deprecated		F02-windowing	1	UNSUPPORTED	@keld/electron + keld-core window registry + keld-wv	KEL-139,KEL-142,KEL-143,KEL-135	0	0	0		https://electronjs.org/docs/api/browser-window
BrowserWindow	Class	addBrowserView	instance-method	main	all	stability_experimental,stability_deprecated		F02-windowing	1	UNSUPPORTED	@keld/electron + keld-core window registry + keld-wv	KEL-139,KEL-142,KEL-143,KEL-135	0	0	0		https://electronjs.org/docs/api/browser-window
BrowserWindow	Class	removeBrowserView	instance-method	main	all	stability_experimental,stability_deprecated		F02-windowing	1	UNSUPPORTED	@keld/electron + keld-core window registry + keld-wv	KEL-139,KEL-142,KEL-143,KEL-135	0	0	0		https://electronjs.org/docs/api/browser-window
BrowserWindow	Class	setTopBrowserView	instance-method	main	all	stability_experimental,stability_deprecated		F02-windowing	1	UNSUPPORTED	@keld/electron + keld-core window registry + keld-wv	KEL-139,KEL-142,KEL-143,KEL-135	0	0	0		https://electronjs.org/docs/api/browser-window
BrowserWindow	Class	getBrowserViews	instance-method	main	all	stability_experimental,stability_deprecated		F02-windowing	1	UNSUPPORTED	@keld/electron + keld-core window registry + keld-wv	KEL-139,KEL-142,KEL-143,KEL-135	0	0	0		https://electronjs.org/docs/api/browser-window
BrowserWindow	Class	setTitleBarOverlay	instance-method	main	windows,linux		BaseWindow	F02-windowing	1	UNSUPPORTED	@keld/electron + keld-core window registry + keld-wv	KEL-139,KEL-142,KEL-143,KEL-135	0	1	0		https://electronjs.org/docs/api/browser-window
BrowserWindow	Class	getAllWindows	static-method	main	all		BaseWindow	F02-windowing	1	UNSUPPORTED	@keld/electron + keld-core window registry + keld-wv	KEL-139,KEL-142,KEL-143,KEL-135	1	5	1		https://electronjs.org/docs/api/browser-window
BrowserWindow	Class	getFocusedWindow	static-method	main	all		BaseWindow	F02-windowing	1	UNSUPPORTED	@keld/electron + keld-core window registry + keld-wv	KEL-139,KEL-142,KEL-143,KEL-135	6	5	0		https://electronjs.org/docs/api/browser-window
BrowserWindow	Class	fromWebContents	static-method	main	all			F02-windowing	1	UNSUPPORTED	@keld/electron + keld-core window registry + keld-wv	KEL-139,KEL-142,KEL-143,KEL-135	0	0	0		https://electronjs.org/docs/api/browser-window
BrowserWindow	Class	fromBrowserView	static-method	main	all	stability_deprecated		F02-windowing	1	UNSUPPORTED	@keld/electron + keld-core window registry + keld-wv	KEL-139,KEL-142,KEL-143,KEL-135	0	0	0		https://electronjs.org/docs/api/browser-window
BrowserWindow	Class	fromId	static-method	main	all		BaseWindow	F02-windowing	1	UNSUPPORTED	@keld/electron + keld-core window registry + keld-wv	KEL-139,KEL-142,KEL-143,KEL-135	0	0	0		https://electronjs.org/docs/api/browser-window
BrowserWindow	Class	page-title-updated	instance-event	main	all			F02-windowing	1	UNSUPPORTED	@keld/electron + keld-core window registry + keld-wv	KEL-139,KEL-142,KEL-143,KEL-135	0	0	0		https://electronjs.org/docs/api/browser-window
BrowserWindow	Class	close	instance-event	main	all		BaseWindow	F02-windowing	1	UNSUPPORTED	@keld/electron + keld-core window registry + keld-wv	KEL-139,KEL-142,KEL-143,KEL-135	14	82	0		https://electronjs.org/docs/api/browser-window
BrowserWindow	Class	closed	instance-event	main	all		BaseWindow	F02-windowing	1	UNSUPPORTED	@keld/electron + keld-core window registry + keld-wv	KEL-139,KEL-142,KEL-143,KEL-135	2	14	0		https://electronjs.org/docs/api/browser-window
BrowserWindow	Class	query-session-end	instance-event	main	windows		BaseWindow	F02-windowing	1	UNSUPPORTED	@keld/electron + keld-core window registry + keld-wv	KEL-139,KEL-142,KEL-143,KEL-135	0	0	0		https://electronjs.org/docs/api/browser-window
BrowserWindow	Class	session-end	instance-event	main	windows		BaseWindow	F02-windowing	1	UNSUPPORTED	@keld/electron + keld-core window registry + keld-wv	KEL-139,KEL-142,KEL-143,KEL-135	0	0	0		https://electronjs.org/docs/api/browser-window
BrowserWindow	Class	unresponsive	instance-event	main	all			F02-windowing	1	UNSUPPORTED	@keld/electron + keld-core window registry + keld-wv	KEL-139,KEL-142,KEL-143,KEL-135	0	1	0		https://electronjs.org/docs/api/browser-window
BrowserWindow	Class	responsive	instance-event	main	all			F02-windowing	1	UNSUPPORTED	@keld/electron + keld-core window registry + keld-wv	KEL-139,KEL-142,KEL-143,KEL-135	0	0	0		https://electronjs.org/docs/api/browser-window
BrowserWindow	Class	blur	instance-event	main	all		BaseWindow	F02-windowing	1	UNSUPPORTED	@keld/electron + keld-core window registry + keld-wv	KEL-139,KEL-142,KEL-143,KEL-135	0	8	0		https://electronjs.org/docs/api/browser-window
BrowserWindow	Class	focus	instance-event	main	all		BaseWindow	F02-windowing	1	UNSUPPORTED	@keld/electron + keld-core window registry + keld-wv	KEL-139,KEL-142,KEL-143,KEL-135	0	30	0		https://electronjs.org/docs/api/browser-window
BrowserWindow	Class	show	instance-event	main	all		BaseWindow	F02-windowing	1	UNSUPPORTED	@keld/electron + keld-core window registry + keld-wv	KEL-139,KEL-142,KEL-143,KEL-135	1	18	0		https://electronjs.org/docs/api/browser-window
BrowserWindow	Class	hide	instance-event	main	all		BaseWindow	F02-windowing	1	UNSUPPORTED	@keld/electron + keld-core window registry + keld-wv	KEL-139,KEL-142,KEL-143,KEL-135	1	1	0		https://electronjs.org/docs/api/browser-window
BrowserWindow	Class	ready-to-show	instance-event	main	all			F02-windowing	1	UNSUPPORTED	@keld/electron + keld-core window registry + keld-wv	KEL-139,KEL-142,KEL-143,KEL-135	1	14	0		https://electronjs.org/docs/api/browser-window
BrowserWindow	Class	maximize	instance-event	main	all		BaseWindow	F02-windowing	1	UNSUPPORTED	@keld/electron + keld-core window registry + keld-wv	KEL-139,KEL-142,KEL-143,KEL-135	5	3	0		https://electronjs.org/docs/api/browser-window
BrowserWindow	Class	unmaximize	instance-event	main	all		BaseWindow	F02-windowing	1	UNSUPPORTED	@keld/electron + keld-core window registry + keld-wv	KEL-139,KEL-142,KEL-143,KEL-135	4	1	0		https://electronjs.org/docs/api/browser-window
BrowserWindow	Class	minimize	instance-event	main	all		BaseWindow	F02-windowing	1	UNSUPPORTED	@keld/electron + keld-core window registry + keld-wv	KEL-139,KEL-142,KEL-143,KEL-135	2	4	0		https://electronjs.org/docs/api/browser-window
BrowserWindow	Class	restore	instance-event	main	all		BaseWindow	F02-windowing	1	UNSUPPORTED	@keld/electron + keld-core window registry + keld-wv	KEL-139,KEL-142,KEL-143,KEL-135	0	0	0		https://electronjs.org/docs/api/browser-window
BrowserWindow	Class	will-resize	instance-event	main	macos,windows		BaseWindow	F02-windowing	1	UNSUPPORTED	@keld/electron + keld-core window registry + keld-wv	KEL-139,KEL-142,KEL-143,KEL-135	0	0	0		https://electronjs.org/docs/api/browser-window
BrowserWindow	Class	resize	instance-event	main	all		BaseWindow	F02-windowing	1	UNSUPPORTED	@keld/electron + keld-core window registry + keld-wv	KEL-139,KEL-142,KEL-143,KEL-135	2	7	0		https://electronjs.org/docs/api/browser-window
BrowserWindow	Class	resized	instance-event	main	macos,windows		BaseWindow	F02-windowing	1	UNSUPPORTED	@keld/electron + keld-core window registry + keld-wv	KEL-139,KEL-142,KEL-143,KEL-135	0	0	0		https://electronjs.org/docs/api/browser-window
BrowserWindow	Class	will-move	instance-event	main	macos,windows		BaseWindow	F02-windowing	1	UNSUPPORTED	@keld/electron + keld-core window registry + keld-wv	KEL-139,KEL-142,KEL-143,KEL-135	0	0	0		https://electronjs.org/docs/api/browser-window
BrowserWindow	Class	move	instance-event	main	all		BaseWindow	F02-windowing	1	UNSUPPORTED	@keld/electron + keld-core window registry + keld-wv	KEL-139,KEL-142,KEL-143,KEL-135	0	4	0		https://electronjs.org/docs/api/browser-window
BrowserWindow	Class	moved	instance-event	main	macos,windows		BaseWindow	F02-windowing	1	UNSUPPORTED	@keld/electron + keld-core window registry + keld-wv	KEL-139,KEL-142,KEL-143,KEL-135	0	0	0		https://electronjs.org/docs/api/browser-window
BrowserWindow	Class	enter-full-screen	instance-event	main	all		BaseWindow	F02-windowing	1	UNSUPPORTED	@keld/electron + keld-core window registry + keld-wv	KEL-139,KEL-142,KEL-143,KEL-135	0	1	0		https://electronjs.org/docs/api/browser-window
BrowserWindow	Class	leave-full-screen	instance-event	main	all		BaseWindow	F02-windowing	1	UNSUPPORTED	@keld/electron + keld-core window registry + keld-wv	KEL-139,KEL-142,KEL-143,KEL-135	0	1	0		https://electronjs.org/docs/api/browser-window
BrowserWindow	Class	enter-html-full-screen	instance-event	main	all			F02-windowing	1	UNSUPPORTED	@keld/electron + keld-core window registry + keld-wv	KEL-139,KEL-142,KEL-143,KEL-135	0	0	0		https://electronjs.org/docs/api/browser-window
BrowserWindow	Class	leave-html-full-screen	instance-event	main	all			F02-windowing	1	UNSUPPORTED	@keld/electron + keld-core window registry + keld-wv	KEL-139,KEL-142,KEL-143,KEL-135	0	0	0		https://electronjs.org/docs/api/browser-window
BrowserWindow	Class	always-on-top-changed	instance-event	main	all		BaseWindow	F02-windowing	1	UNSUPPORTED	@keld/electron + keld-core window registry + keld-wv	KEL-139,KEL-142,KEL-143,KEL-135	0	0	0		https://electronjs.org/docs/api/browser-window
BrowserWindow	Class	app-command	instance-event	main	windows,linux		BaseWindow	F02-windowing	1	UNSUPPORTED	@keld/electron + keld-core window registry + keld-wv	KEL-139,KEL-142,KEL-143,KEL-135	0	1	0		https://electronjs.org/docs/api/browser-window
BrowserWindow	Class	swipe	instance-event	main	macos		BaseWindow	F02-windowing	1	UNSUPPORTED	@keld/electron + keld-core window registry + keld-wv	KEL-139,KEL-142,KEL-143,KEL-135	0	1	0		https://electronjs.org/docs/api/browser-window
BrowserWindow	Class	rotate-gesture	instance-event	main	macos		BaseWindow	F02-windowing	1	UNSUPPORTED	@keld/electron + keld-core window registry + keld-wv	KEL-139,KEL-142,KEL-143,KEL-135	0	0	0		https://electronjs.org/docs/api/browser-window
BrowserWindow	Class	sheet-begin	instance-event	main	macos		BaseWindow	F02-windowing	1	UNSUPPORTED	@keld/electron + keld-core window registry + keld-wv	KEL-139,KEL-142,KEL-143,KEL-135	0	0	0		https://electronjs.org/docs/api/browser-window
BrowserWindow	Class	sheet-end	instance-event	main	macos		BaseWindow	F02-windowing	1	UNSUPPORTED	@keld/electron + keld-core window registry + keld-wv	KEL-139,KEL-142,KEL-143,KEL-135	0	0	0		https://electronjs.org/docs/api/browser-window
BrowserWindow	Class	new-window-for-tab	instance-event	main	macos		BaseWindow	F02-windowing	1	UNSUPPORTED	@keld/electron + keld-core window registry + keld-wv	KEL-139,KEL-142,KEL-143,KEL-135	0	0	0		https://electronjs.org/docs/api/browser-window
BrowserWindow	Class	system-context-menu	instance-event	main	windows,linux		BaseWindow	F02-windowing	1	UNSUPPORTED	@keld/electron + keld-core window registry + keld-wv	KEL-139,KEL-142,KEL-143,KEL-135	0	0	0		https://electronjs.org/docs/api/browser-window
BrowserWindow	Class	webContents	instance-property	main	all	availability_readonly		F02-windowing	1	UNSUPPORTED	@keld/electron + keld-core window registry + keld-wv	KEL-139,KEL-142,KEL-143,KEL-135	0	0	0		https://electronjs.org/docs/api/browser-window
BrowserWindow	Class	id	instance-property	main	all	availability_readonly	BaseWindow	F02-windowing	1	UNSUPPORTED	@keld/electron + keld-core window registry + keld-wv	KEL-139,KEL-142,KEL-143,KEL-135	0	0	0		https://electronjs.org/docs/api/browser-window
BrowserWindow	Class	tabbingIdentifier	instance-property	main	macos	availability_readonly	BaseWindow	F02-windowing	1	UNSUPPORTED	@keld/electron + keld-core window registry + keld-wv	KEL-139,KEL-142,KEL-143,KEL-135	0	0	0		https://electronjs.org/docs/api/browser-window
BrowserWindow	Class	autoHideMenuBar	instance-property	main	linux,windows		BaseWindow	F02-windowing	1	UNSUPPORTED	@keld/electron + keld-core window registry + keld-wv	KEL-139,KEL-142,KEL-143,KEL-135	0	0	0		https://electronjs.org/docs/api/browser-window
BrowserWindow	Class	simpleFullScreen	instance-property	main	all		BaseWindow	F02-windowing	1	UNSUPPORTED	@keld/electron + keld-core window registry + keld-wv	KEL-139,KEL-142,KEL-143,KEL-135	0	0	0		https://electronjs.org/docs/api/browser-window
BrowserWindow	Class	fullScreen	instance-property	main	all		BaseWindow	F02-windowing	1	UNSUPPORTED	@keld/electron + keld-core window registry + keld-wv	KEL-139,KEL-142,KEL-143,KEL-135	0	0	0		https://electronjs.org/docs/api/browser-window
BrowserWindow	Class	focusable	instance-property	main	windows,macos		BaseWindow	F02-windowing	1	UNSUPPORTED	@keld/electron + keld-core window registry + keld-wv	KEL-139,KEL-142,KEL-143,KEL-135	0	0	0		https://electronjs.org/docs/api/browser-window
BrowserWindow	Class	visibleOnAllWorkspaces	instance-property	main	macos,linux		BaseWindow	F02-windowing	1	UNSUPPORTED	@keld/electron + keld-core window registry + keld-wv	KEL-139,KEL-142,KEL-143,KEL-135	0	0	0		https://electronjs.org/docs/api/browser-window
BrowserWindow	Class	shadow	instance-property	main	all		BaseWindow	F02-windowing	1	UNSUPPORTED	@keld/electron + keld-core window registry + keld-wv	KEL-139,KEL-142,KEL-143,KEL-135	0	0	0		https://electronjs.org/docs/api/browser-window
BrowserWindow	Class	menuBarVisible	instance-property	main	windows,linux		BaseWindow	F02-windowing	1	UNSUPPORTED	@keld/electron + keld-core window registry + keld-wv	KEL-139,KEL-142,KEL-143,KEL-135	0	0	0		https://electronjs.org/docs/api/browser-window
BrowserWindow	Class	kiosk	instance-property	main	all		BaseWindow	F02-windowing	1	UNSUPPORTED	@keld/electron + keld-core window registry + keld-wv	KEL-139,KEL-142,KEL-143,KEL-135	0	0	0		https://electronjs.org/docs/api/browser-window
BrowserWindow	Class	documentEdited	instance-property	main	macos		BaseWindow	F02-windowing	1	UNSUPPORTED	@keld/electron + keld-core window registry + keld-wv	KEL-139,KEL-142,KEL-143,KEL-135	0	0	0		https://electronjs.org/docs/api/browser-window
BrowserWindow	Class	representedFilename	instance-property	main	macos		BaseWindow	F02-windowing	1	UNSUPPORTED	@keld/electron + keld-core window registry + keld-wv	KEL-139,KEL-142,KEL-143,KEL-135	0	0	0		https://electronjs.org/docs/api/browser-window
BrowserWindow	Class	title	instance-property	main	all		BaseWindow	F02-windowing	1	UNSUPPORTED	@keld/electron + keld-core window registry + keld-wv	KEL-139,KEL-142,KEL-143,KEL-135	0	0	0		https://electronjs.org/docs/api/browser-window
BrowserWindow	Class	minimizable	instance-property	main	macos,windows		BaseWindow	F02-windowing	1	UNSUPPORTED	@keld/electron + keld-core window registry + keld-wv	KEL-139,KEL-142,KEL-143,KEL-135	0	0	0		https://electronjs.org/docs/api/browser-window
BrowserWindow	Class	maximizable	instance-property	main	macos,windows		BaseWindow	F02-windowing	1	UNSUPPORTED	@keld/electron + keld-core window registry + keld-wv	KEL-139,KEL-142,KEL-143,KEL-135	0	0	0		https://electronjs.org/docs/api/browser-window
BrowserWindow	Class	fullScreenable	instance-property	main	all		BaseWindow	F02-windowing	1	UNSUPPORTED	@keld/electron + keld-core window registry + keld-wv	KEL-139,KEL-142,KEL-143,KEL-135	0	0	0		https://electronjs.org/docs/api/browser-window
BrowserWindow	Class	resizable	instance-property	main	all		BaseWindow	F02-windowing	1	UNSUPPORTED	@keld/electron + keld-core window registry + keld-wv	KEL-139,KEL-142,KEL-143,KEL-135	0	0	0		https://electronjs.org/docs/api/browser-window
BrowserWindow	Class	closable	instance-property	main	macos,windows		BaseWindow	F02-windowing	1	UNSUPPORTED	@keld/electron + keld-core window registry + keld-wv	KEL-139,KEL-142,KEL-143,KEL-135	0	0	0		https://electronjs.org/docs/api/browser-window
BrowserWindow	Class	movable	instance-property	main	macos,windows		BaseWindow	F02-windowing	1	UNSUPPORTED	@keld/electron + keld-core window registry + keld-wv	KEL-139,KEL-142,KEL-143,KEL-135	0	0	0		https://electronjs.org/docs/api/browser-window
BrowserWindow	Class	excludedFromShownWindowsMenu	instance-property	main	macos		BaseWindow	F02-windowing	1	UNSUPPORTED	@keld/electron + keld-core window registry + keld-wv	KEL-139,KEL-142,KEL-143,KEL-135	0	0	0		https://electronjs.org/docs/api/browser-window
BrowserWindow	Class	accessibleTitle	instance-property	main	all		BaseWindow	F02-windowing	1	UNSUPPORTED	@keld/electron + keld-core window registry + keld-wv	KEL-139,KEL-142,KEL-143,KEL-135	0	0	0		https://electronjs.org/docs/api/browser-window
BrowserWindow	Class	snapped	instance-property	main	windows	availability_readonly	BaseWindow	F02-windowing	1	UNSUPPORTED	@keld/electron + keld-core window registry + keld-wv	KEL-139,KEL-142,KEL-143,KEL-135	0	0	0		https://electronjs.org/docs/api/browser-window
BrowserWindow	Class	constructor	constructor	main	all		BaseWindow	F02-windowing	1	UNSUPPORTED	@keld/electron + keld-core window registry + keld-wv	KEL-139,KEL-142,KEL-143,KEL-135	0	0	0		https://electronjs.org/docs/api/browser-window
ClientRequest	Class	setHeader	instance-method	main/utility	all			F05-session-network-protocol	3	UNSUPPORTED	keld-compat host emulation + keld-wv + keld-guard net scopes	KEL-79,KEL-135,KEL-74	0	0	0		https://electronjs.org/docs/api/client-request
ClientRequest	Class	getHeader	instance-method	main/utility	all			F05-session-network-protocol	3	UNSUPPORTED	keld-compat host emulation + keld-wv + keld-guard net scopes	KEL-79,KEL-135,KEL-74	0	0	0		https://electronjs.org/docs/api/client-request
ClientRequest	Class	removeHeader	instance-method	main/utility	all			F05-session-network-protocol	3	UNSUPPORTED	keld-compat host emulation + keld-wv + keld-guard net scopes	KEL-79,KEL-135,KEL-74	0	0	0		https://electronjs.org/docs/api/client-request
ClientRequest	Class	write	instance-method	main/utility	all			F05-session-network-protocol	3	UNSUPPORTED	keld-compat host emulation + keld-wv + keld-guard net scopes	KEL-79,KEL-135,KEL-74	5	3	0		https://electronjs.org/docs/api/client-request
ClientRequest	Class	end	instance-method	main/utility	all			F05-session-network-protocol	3	UNSUPPORTED	keld-compat host emulation + keld-wv + keld-guard net scopes	KEL-79,KEL-135,KEL-74	0	0	0		https://electronjs.org/docs/api/client-request
ClientRequest	Class	abort	instance-method	main/utility	all			F05-session-network-protocol	3	UNSUPPORTED	keld-compat host emulation + keld-wv + keld-guard net scopes	KEL-79,KEL-135,KEL-74	0	6	0		https://electronjs.org/docs/api/client-request
ClientRequest	Class	followRedirect	instance-method	main/utility	all			F05-session-network-protocol	3	UNSUPPORTED	keld-compat host emulation + keld-wv + keld-guard net scopes	KEL-79,KEL-135,KEL-74	0	0	0		https://electronjs.org/docs/api/client-request
ClientRequest	Class	getUploadProgress	instance-method	main/utility	all			F05-session-network-protocol	3	UNSUPPORTED	keld-compat host emulation + keld-wv + keld-guard net scopes	KEL-79,KEL-135,KEL-74	0	0	0		https://electronjs.org/docs/api/client-request
ClientRequest	Class	response	instance-event	main/utility	all			F05-session-network-protocol	3	UNSUPPORTED	keld-compat host emulation + keld-wv + keld-guard net scopes	KEL-79,KEL-135,KEL-74	0	2	0		https://electronjs.org/docs/api/client-request
ClientRequest	Class	login	instance-event	main/utility	all			F05-session-network-protocol	3	UNSUPPORTED	keld-compat host emulation + keld-wv + keld-guard net scopes	KEL-79,KEL-135,KEL-74	0	0	0		https://electronjs.org/docs/api/client-request
ClientRequest	Class	finish	instance-event	main/utility	all			F05-session-network-protocol	3	UNSUPPORTED	keld-compat host emulation + keld-wv + keld-guard net scopes	KEL-79,KEL-135,KEL-74	0	3	0		https://electronjs.org/docs/api/client-request
ClientRequest	Class	abort	instance-event	main/utility	all			F05-session-network-protocol	3	UNSUPPORTED	keld-compat host emulation + keld-wv + keld-guard net scopes	KEL-79,KEL-135,KEL-74	0	6	0		https://electronjs.org/docs/api/client-request
ClientRequest	Class	error	instance-event	main/utility	all			F05-session-network-protocol	3	UNSUPPORTED	keld-compat host emulation + keld-wv + keld-guard net scopes	KEL-79,KEL-135,KEL-74	9	86	0		https://electronjs.org/docs/api/client-request
ClientRequest	Class	close	instance-event	main/utility	all			F05-session-network-protocol	3	UNSUPPORTED	keld-compat host emulation + keld-wv + keld-guard net scopes	KEL-79,KEL-135,KEL-74	3	67	0		https://electronjs.org/docs/api/client-request
ClientRequest	Class	redirect	instance-event	main/utility	all			F05-session-network-protocol	3	UNSUPPORTED	keld-compat host emulation + keld-wv + keld-guard net scopes	KEL-79,KEL-135,KEL-74	0	0	0		https://electronjs.org/docs/api/client-request
ClientRequest	Class	chunkedEncoding	instance-property	main/utility	all			F05-session-network-protocol	3	UNSUPPORTED	keld-compat host emulation + keld-wv + keld-guard net scopes	KEL-79,KEL-135,KEL-74	0	0	0		https://electronjs.org/docs/api/client-request
ClientRequest	Class	constructor	constructor	main/utility	all			F05-session-network-protocol	3	UNSUPPORTED	keld-compat host emulation + keld-wv + keld-guard net scopes	KEL-79,KEL-135,KEL-74	0	0	0		https://electronjs.org/docs/api/client-request
ClipboardItem	Class	getType	instance-method	main	all			F06-native-desktop	1	UNSUPPORTED	keld-native brokers + keld-guard system grants + @keld/api	KEL-71,KEL-130,KEL-102,KEL-89,KEL-76	0	0	0		https://electronjs.org/docs/api/clipboard-item
ClipboardItem	Class	getType	instance-method	main	all			F06-native-desktop	1	UNSUPPORTED	keld-native brokers + keld-guard system grants + @keld/api	KEL-71,KEL-130,KEL-102,KEL-89,KEL-76	0	0	0		https://electronjs.org/docs/api/clipboard-item
ClipboardItem	Class	types	instance-property	main	all	availability_readonly		F06-native-desktop	1	UNSUPPORTED	keld-native brokers + keld-guard system grants + @keld/api	KEL-71,KEL-130,KEL-102,KEL-89,KEL-76	0	0	0		https://electronjs.org/docs/api/clipboard-item
ClipboardItem	Class	constructor	constructor	main	all			F06-native-desktop	1	UNSUPPORTED	keld-native brokers + keld-guard system grants + @keld/api	KEL-71,KEL-130,KEL-102,KEL-89,KEL-76	0	0	0		https://electronjs.org/docs/api/clipboard-item
clipboard	Module	readText	method	main	all			F06-native-desktop	1	UNSUPPORTED	keld-native brokers + keld-guard system grants + @keld/api	KEL-71,KEL-130,KEL-102,KEL-89,KEL-76	1	4	0		https://electronjs.org/docs/api/clipboard
clipboard	Module	writeText	method	main	all			F06-native-desktop	1	UNSUPPORTED	keld-native brokers + keld-guard system grants + @keld/api	KEL-71,KEL-130,KEL-102,KEL-89,KEL-76	1	11	0		https://electronjs.org/docs/api/clipboard
clipboard	Module	read	method	main	all			F06-native-desktop	1	UNSUPPORTED	keld-native brokers + keld-guard system grants + @keld/api	KEL-71,KEL-130,KEL-102,KEL-89,KEL-76	1	0	0		https://electronjs.org/docs/api/clipboard
clipboard	Module	write	method	main	all			F06-native-desktop	1	UNSUPPORTED	keld-native brokers + keld-guard system grants + @keld/api	KEL-71,KEL-130,KEL-102,KEL-89,KEL-76	5	3	0		https://electronjs.org/docs/api/clipboard
clipboard	Module	has	method	main	all			F06-native-desktop	1	UNSUPPORTED	keld-native brokers + keld-guard system grants + @keld/api	KEL-71,KEL-130,KEL-102,KEL-89,KEL-76	0	0	0		https://electronjs.org/docs/api/clipboard
clipboard	Module	clear	method	main	all			F06-native-desktop	1	UNSUPPORTED	keld-native brokers + keld-guard system grants + @keld/api	KEL-71,KEL-130,KEL-102,KEL-89,KEL-76	3	8	0		https://electronjs.org/docs/api/clipboard
clipboard	Module	selection	property	main	linux	availability_readonly		F06-native-desktop	1	UNSUPPORTED	keld-native brokers + keld-guard system grants + @keld/api	KEL-71,KEL-130,KEL-102,KEL-89,KEL-76	0	0	0		https://electronjs.org/docs/api/clipboard
CommandLine	Class	appendSwitch	instance-method	main	all			F01-app-lifecycle	1	UNSUPPORTED	@keld/electron + @keld/api + keld-core lifecycle + keld-native(deeplink/autostart/dock)	KEL-72,KEL-142,KEL-139	0	0	0		https://electronjs.org/docs/api/command-line
CommandLine	Class	appendArgument	instance-method	main	all			F01-app-lifecycle	1	UNSUPPORTED	@keld/electron + @keld/api + keld-core lifecycle + keld-native(deeplink/autostart/dock)	KEL-72,KEL-142,KEL-139	0	0	0		https://electronjs.org/docs/api/command-line
CommandLine	Class	hasSwitch	instance-method	main	all			F01-app-lifecycle	1	UNSUPPORTED	@keld/electron + @keld/api + keld-core lifecycle + keld-native(deeplink/autostart/dock)	KEL-72,KEL-142,KEL-139	0	0	0		https://electronjs.org/docs/api/command-line
CommandLine	Class	getSwitchValue	instance-method	main	all			F01-app-lifecycle	1	UNSUPPORTED	@keld/electron + @keld/api + keld-core lifecycle + keld-native(deeplink/autostart/dock)	KEL-72,KEL-142,KEL-139	0	0	0		https://electronjs.org/docs/api/command-line
CommandLine	Class	removeSwitch	instance-method	main	all			F01-app-lifecycle	1	UNSUPPORTED	@keld/electron + @keld/api + keld-core lifecycle + keld-native(deeplink/autostart/dock)	KEL-72,KEL-142,KEL-139	0	0	0		https://electronjs.org/docs/api/command-line
contentTracing	Module	getCategories	method	main	all			F08-diagnostics-crash-tracing	3	UNSUPPORTED	keld-runtime crash ledger + keld-core census	KEL-105,KEL-116,KEL-90,KEL-129	0	0	0		https://electronjs.org/docs/api/content-tracing
contentTracing	Module	startRecording	method	main	all			F08-diagnostics-crash-tracing	3	UNSUPPORTED	keld-runtime crash ledger + keld-core census	KEL-105,KEL-116,KEL-90,KEL-129	0	0	0		https://electronjs.org/docs/api/content-tracing
contentTracing	Module	stopRecording	method	main	all			F08-diagnostics-crash-tracing	3	UNSUPPORTED	keld-runtime crash ledger + keld-core census	KEL-105,KEL-116,KEL-90,KEL-129	0	0	0		https://electronjs.org/docs/api/content-tracing
contentTracing	Module	getTraceBufferUsage	method	main	all			F08-diagnostics-crash-tracing	3	UNSUPPORTED	keld-runtime crash ledger + keld-core census	KEL-105,KEL-116,KEL-90,KEL-129	0	0	0		https://electronjs.org/docs/api/content-tracing
contentTracing	Module	enableHeapProfiling	method	main	all	stability_experimental		F08-diagnostics-crash-tracing	3	UNSUPPORTED	keld-runtime crash ledger + keld-core census	KEL-105,KEL-116,KEL-90,KEL-129	0	0	0		https://electronjs.org/docs/api/content-tracing
contextBridge	Module	exposeInMainWorld	method	renderer	all			F04-ipc-bridge	1	UNSUPPORTED	@keld/electron (main+renderer shim) + kipc + keld-runtime roles/virtual ports	KEL-80,KEL-75,KEL-136,KEL-98,KEL-142	2	5	0		https://electronjs.org/docs/api/context-bridge
contextBridge	Module	exposeInIsolatedWorld	method	renderer	all			F04-ipc-bridge	1	UNSUPPORTED	@keld/electron (main+renderer shim) + kipc + keld-runtime roles/virtual ports	KEL-80,KEL-75,KEL-136,KEL-98,KEL-142	0	0	0		https://electronjs.org/docs/api/context-bridge
contextBridge	Module	executeInMainWorld	method	renderer	all	stability_experimental		F04-ipc-bridge	1	UNSUPPORTED	@keld/electron (main+renderer shim) + kipc + keld-runtime roles/virtual ports	KEL-80,KEL-75,KEL-136,KEL-98,KEL-142	0	0	0		https://electronjs.org/docs/api/context-bridge
Cookies	Class	get	instance-method	main	all			F05-session-network-protocol	2	UNSUPPORTED	keld-compat host emulation + keld-wv + keld-guard net scopes	KEL-79,KEL-135,KEL-74	0	0	0		https://electronjs.org/docs/api/cookies
Cookies	Class	set	instance-method	main	all			F05-session-network-protocol	2	UNSUPPORTED	keld-compat host emulation + keld-wv + keld-guard net scopes	KEL-79,KEL-135,KEL-74	0	0	0		https://electronjs.org/docs/api/cookies
Cookies	Class	remove	instance-method	main	all			F05-session-network-protocol	2	UNSUPPORTED	keld-compat host emulation + keld-wv + keld-guard net scopes	KEL-79,KEL-135,KEL-74	0	12	0		https://electronjs.org/docs/api/cookies
Cookies	Class	flushStore	instance-method	main	all			F05-session-network-protocol	2	UNSUPPORTED	keld-compat host emulation + keld-wv + keld-guard net scopes	KEL-79,KEL-135,KEL-74	0	0	0		https://electronjs.org/docs/api/cookies
Cookies	Class	changed	instance-event	main	all			F05-session-network-protocol	2	UNSUPPORTED	keld-compat host emulation + keld-wv + keld-guard net scopes	KEL-79,KEL-135,KEL-74	0	0	0		https://electronjs.org/docs/api/cookies
crashReporter	Module	start	method	main/renderer	all			F08-diagnostics-crash-tracing	2	UNSUPPORTED	keld-runtime crash ledger + keld-core census	KEL-105,KEL-116,KEL-90,KEL-129	0	0	0		https://electronjs.org/docs/api/crash-reporter
crashReporter	Module	getLastCrashReport	method	main/renderer	all			F08-diagnostics-crash-tracing	2	UNSUPPORTED	keld-runtime crash ledger + keld-core census	KEL-105,KEL-116,KEL-90,KEL-129	0	0	0		https://electronjs.org/docs/api/crash-reporter
crashReporter	Module	getUploadedReports	method	main/renderer	all			F08-diagnostics-crash-tracing	2	UNSUPPORTED	keld-runtime crash ledger + keld-core census	KEL-105,KEL-116,KEL-90,KEL-129	0	0	0		https://electronjs.org/docs/api/crash-reporter
crashReporter	Module	getUploadToServer	method	main/renderer	all			F08-diagnostics-crash-tracing	2	UNSUPPORTED	keld-runtime crash ledger + keld-core census	KEL-105,KEL-116,KEL-90,KEL-129	0	0	0		https://electronjs.org/docs/api/crash-reporter
crashReporter	Module	setUploadToServer	method	main/renderer	all			F08-diagnostics-crash-tracing	2	UNSUPPORTED	keld-runtime crash ledger + keld-core census	KEL-105,KEL-116,KEL-90,KEL-129	0	0	0		https://electronjs.org/docs/api/crash-reporter
crashReporter	Module	addExtraParameter	method	main/renderer	all			F08-diagnostics-crash-tracing	2	UNSUPPORTED	keld-runtime crash ledger + keld-core census	KEL-105,KEL-116,KEL-90,KEL-129	0	0	0		https://electronjs.org/docs/api/crash-reporter
crashReporter	Module	removeExtraParameter	method	main/renderer	all			F08-diagnostics-crash-tracing	2	UNSUPPORTED	keld-runtime crash ledger + keld-core census	KEL-105,KEL-116,KEL-90,KEL-129	0	0	0		https://electronjs.org/docs/api/crash-reporter
crashReporter	Module	getParameters	method	main/renderer	all			F08-diagnostics-crash-tracing	2	UNSUPPORTED	keld-runtime crash ledger + keld-core census	KEL-105,KEL-116,KEL-90,KEL-129	0	0	0		https://electronjs.org/docs/api/crash-reporter
Debugger	Class	attach	instance-method	main	all			F03-webcontents-navigation	2	UNSUPPORTED	@keld/electron + keld-wv + keld-compat (webContents routing)	KEL-79,KEL-132,KEL-142	0	0	0		https://electronjs.org/docs/api/debugger
Debugger	Class	isAttached	instance-method	main	all			F03-webcontents-navigation	2	UNSUPPORTED	@keld/electron + keld-wv + keld-compat (webContents routing)	KEL-79,KEL-132,KEL-142	0	0	0		https://electronjs.org/docs/api/debugger
Debugger	Class	detach	instance-method	main	all			F03-webcontents-navigation	2	UNSUPPORTED	@keld/electron + keld-wv + keld-compat (webContents routing)	KEL-79,KEL-132,KEL-142	0	0	0		https://electronjs.org/docs/api/debugger
Debugger	Class	sendCommand	instance-method	main	all			F03-webcontents-navigation	2	UNSUPPORTED	@keld/electron + keld-wv + keld-compat (webContents routing)	KEL-79,KEL-132,KEL-142	0	0	0		https://electronjs.org/docs/api/debugger
Debugger	Class	detach	instance-event	main	all			F03-webcontents-navigation	2	UNSUPPORTED	@keld/electron + keld-wv + keld-compat (webContents routing)	KEL-79,KEL-132,KEL-142	0	0	0		https://electronjs.org/docs/api/debugger
Debugger	Class	message	instance-event	main	all			F03-webcontents-navigation	2	UNSUPPORTED	@keld/electron + keld-wv + keld-compat (webContents routing)	KEL-79,KEL-132,KEL-142	0	0	0		https://electronjs.org/docs/api/debugger
desktopCapturer	Module	getSources	method	main	all			F06-native-desktop	3	UNSUPPORTED	keld-native brokers + keld-guard system grants + @keld/api	KEL-71,KEL-130,KEL-102,KEL-89,KEL-76	0	0	0		https://electronjs.org/docs/api/desktop-capturer
dialog	Module	showOpenDialogSync	method	main	all			F06-native-desktop	1	UNSUPPORTED	keld-native brokers + keld-guard system grants + @keld/api	KEL-71,KEL-130,KEL-102,KEL-89,KEL-76	0	0	0		https://electronjs.org/docs/api/dialog
dialog	Module	showOpenDialog	method	main	all			F06-native-desktop	1	UNSUPPORTED	keld-native brokers + keld-guard system grants + @keld/api	KEL-71,KEL-130,KEL-102,KEL-89,KEL-76	1	4	0		https://electronjs.org/docs/api/dialog
dialog	Module	showSaveDialogSync	method	main	all			F06-native-desktop	1	UNSUPPORTED	keld-native brokers + keld-guard system grants + @keld/api	KEL-71,KEL-130,KEL-102,KEL-89,KEL-76	0	0	0		https://electronjs.org/docs/api/dialog
dialog	Module	showSaveDialog	method	main	all			F06-native-desktop	1	UNSUPPORTED	keld-native brokers + keld-guard system grants + @keld/api	KEL-71,KEL-130,KEL-102,KEL-89,KEL-76	1	2	0		https://electronjs.org/docs/api/dialog
dialog	Module	showMessageBoxSync	method	main	all			F06-native-desktop	1	UNSUPPORTED	keld-native brokers + keld-guard system grants + @keld/api	KEL-71,KEL-130,KEL-102,KEL-89,KEL-76	1	0	0		https://electronjs.org/docs/api/dialog
dialog	Module	showMessageBox	method	main	all			F06-native-desktop	1	UNSUPPORTED	keld-native brokers + keld-guard system grants + @keld/api	KEL-71,KEL-130,KEL-102,KEL-89,KEL-76	6	22	0		https://electronjs.org/docs/api/dialog
dialog	Module	showErrorBox	method	main	all			F06-native-desktop	1	UNSUPPORTED	keld-native brokers + keld-guard system grants + @keld/api	KEL-71,KEL-130,KEL-102,KEL-89,KEL-76	0	7	0		https://electronjs.org/docs/api/dialog
dialog	Module	showCertificateTrustDialog	method	main	macos,windows			F06-native-desktop	1	UNSUPPORTED	keld-native brokers + keld-guard system grants + @keld/api	KEL-71,KEL-130,KEL-102,KEL-89,KEL-76	0	0	0		https://electronjs.org/docs/api/dialog
Dock	Class	bounce	instance-method	main	macos			F01-app-lifecycle	1	UNSUPPORTED	@keld/electron + @keld/api + keld-core lifecycle + keld-native(deeplink/autostart/dock)	KEL-72,KEL-142,KEL-139	0	0	0		https://electronjs.org/docs/api/dock
Dock	Class	cancelBounce	instance-method	main	macos			F01-app-lifecycle	1	UNSUPPORTED	@keld/electron + @keld/api + keld-core lifecycle + keld-native(deeplink/autostart/dock)	KEL-72,KEL-142,KEL-139	0	0	0		https://electronjs.org/docs/api/dock
Dock	Class	downloadFinished	instance-method	main	macos			F01-app-lifecycle	1	UNSUPPORTED	@keld/electron + @keld/api + keld-core lifecycle + keld-native(deeplink/autostart/dock)	KEL-72,KEL-142,KEL-139	0	0	0		https://electronjs.org/docs/api/dock
Dock	Class	setBadge	instance-method	main	macos			F01-app-lifecycle	1	UNSUPPORTED	@keld/electron + @keld/api + keld-core lifecycle + keld-native(deeplink/autostart/dock)	KEL-72,KEL-142,KEL-139	0	0	0		https://electronjs.org/docs/api/dock
Dock	Class	getBadge	instance-method	main	macos			F01-app-lifecycle	1	UNSUPPORTED	@keld/electron + @keld/api + keld-core lifecycle + keld-native(deeplink/autostart/dock)	KEL-72,KEL-142,KEL-139	0	0	0		https://electronjs.org/docs/api/dock
Dock	Class	hide	instance-method	main	macos			F01-app-lifecycle	1	UNSUPPORTED	@keld/electron + @keld/api + keld-core lifecycle + keld-native(deeplink/autostart/dock)	KEL-72,KEL-142,KEL-139	0	0	0		https://electronjs.org/docs/api/dock
Dock	Class	show	instance-method	main	macos			F01-app-lifecycle	1	UNSUPPORTED	@keld/electron + @keld/api + keld-core lifecycle + keld-native(deeplink/autostart/dock)	KEL-72,KEL-142,KEL-139	0	0	0		https://electronjs.org/docs/api/dock
Dock	Class	isVisible	instance-method	main	macos			F01-app-lifecycle	1	UNSUPPORTED	@keld/electron + @keld/api + keld-core lifecycle + keld-native(deeplink/autostart/dock)	KEL-72,KEL-142,KEL-139	0	0	0		https://electronjs.org/docs/api/dock
Dock	Class	setMenu	instance-method	main	macos			F01-app-lifecycle	1	UNSUPPORTED	@keld/electron + @keld/api + keld-core lifecycle + keld-native(deeplink/autostart/dock)	KEL-72,KEL-142,KEL-139	0	0	0		https://electronjs.org/docs/api/dock
Dock	Class	getMenu	instance-method	main	macos			F01-app-lifecycle	1	UNSUPPORTED	@keld/electron + @keld/api + keld-core lifecycle + keld-native(deeplink/autostart/dock)	KEL-72,KEL-142,KEL-139	0	0	0		https://electronjs.org/docs/api/dock
Dock	Class	setIcon	instance-method	main	macos			F01-app-lifecycle	1	UNSUPPORTED	@keld/electron + @keld/api + keld-core lifecycle + keld-native(deeplink/autostart/dock)	KEL-72,KEL-142,KEL-139	0	0	0		https://electronjs.org/docs/api/dock
DownloadItem	Class	setSavePath	instance-method	main	all			F05-session-network-protocol	2	UNSUPPORTED	keld-compat host emulation + keld-wv + keld-guard net scopes	KEL-79,KEL-135,KEL-74	0	0	0		https://electronjs.org/docs/api/download-item
DownloadItem	Class	getSavePath	instance-method	main	all			F05-session-network-protocol	2	UNSUPPORTED	keld-compat host emulation + keld-wv + keld-guard net scopes	KEL-79,KEL-135,KEL-74	0	0	0		https://electronjs.org/docs/api/download-item
DownloadItem	Class	setSaveDialogOptions	instance-method	main	all			F05-session-network-protocol	2	UNSUPPORTED	keld-compat host emulation + keld-wv + keld-guard net scopes	KEL-79,KEL-135,KEL-74	0	0	0		https://electronjs.org/docs/api/download-item
DownloadItem	Class	getSaveDialogOptions	instance-method	main	all			F05-session-network-protocol	2	UNSUPPORTED	keld-compat host emulation + keld-wv + keld-guard net scopes	KEL-79,KEL-135,KEL-74	0	0	0		https://electronjs.org/docs/api/download-item
DownloadItem	Class	pause	instance-method	main	all			F05-session-network-protocol	2	UNSUPPORTED	keld-compat host emulation + keld-wv + keld-guard net scopes	KEL-79,KEL-135,KEL-74	0	3	0		https://electronjs.org/docs/api/download-item
DownloadItem	Class	isPaused	instance-method	main	all			F05-session-network-protocol	2	UNSUPPORTED	keld-compat host emulation + keld-wv + keld-guard net scopes	KEL-79,KEL-135,KEL-74	0	0	0		https://electronjs.org/docs/api/download-item
DownloadItem	Class	resume	instance-method	main	all			F05-session-network-protocol	2	UNSUPPORTED	keld-compat host emulation + keld-wv + keld-guard net scopes	KEL-79,KEL-135,KEL-74	0	0	0		https://electronjs.org/docs/api/download-item
DownloadItem	Class	canResume	instance-method	main	all			F05-session-network-protocol	2	UNSUPPORTED	keld-compat host emulation + keld-wv + keld-guard net scopes	KEL-79,KEL-135,KEL-74	0	0	0		https://electronjs.org/docs/api/download-item
DownloadItem	Class	cancel	instance-method	main	all			F05-session-network-protocol	2	UNSUPPORTED	keld-compat host emulation + keld-wv + keld-guard net scopes	KEL-79,KEL-135,KEL-74	0	0	0		https://electronjs.org/docs/api/download-item
DownloadItem	Class	getURL	instance-method	main	all			F05-session-network-protocol	2	UNSUPPORTED	keld-compat host emulation + keld-wv + keld-guard net scopes	KEL-79,KEL-135,KEL-74	0	0	0		https://electronjs.org/docs/api/download-item
DownloadItem	Class	getMimeType	instance-method	main	all			F05-session-network-protocol	2	UNSUPPORTED	keld-compat host emulation + keld-wv + keld-guard net scopes	KEL-79,KEL-135,KEL-74	0	0	0		https://electronjs.org/docs/api/download-item
DownloadItem	Class	hasUserGesture	instance-method	main	all			F05-session-network-protocol	2	UNSUPPORTED	keld-compat host emulation + keld-wv + keld-guard net scopes	KEL-79,KEL-135,KEL-74	0	0	0		https://electronjs.org/docs/api/download-item
DownloadItem	Class	getInitiatorOrigin	instance-method	main	all			F05-session-network-protocol	2	UNSUPPORTED	keld-compat host emulation + keld-wv + keld-guard net scopes	KEL-79,KEL-135,KEL-74	0	0	0		https://electronjs.org/docs/api/download-item
DownloadItem	Class	getFilename	instance-method	main	all			F05-session-network-protocol	2	UNSUPPORTED	keld-compat host emulation + keld-wv + keld-guard net scopes	KEL-79,KEL-135,KEL-74	0	0	0		https://electronjs.org/docs/api/download-item
DownloadItem	Class	getCurrentBytesPerSecond	instance-method	main	all			F05-session-network-protocol	2	UNSUPPORTED	keld-compat host emulation + keld-wv + keld-guard net scopes	KEL-79,KEL-135,KEL-74	0	0	0		https://electronjs.org/docs/api/download-item
DownloadItem	Class	getTotalBytes	instance-method	main	all			F05-session-network-protocol	2	UNSUPPORTED	keld-compat host emulation + keld-wv + keld-guard net scopes	KEL-79,KEL-135,KEL-74	0	0	0		https://electronjs.org/docs/api/download-item
DownloadItem	Class	getReceivedBytes	instance-method	main	all			F05-session-network-protocol	2	UNSUPPORTED	keld-compat host emulation + keld-wv + keld-guard net scopes	KEL-79,KEL-135,KEL-74	0	0	0		https://electronjs.org/docs/api/download-item
DownloadItem	Class	getPercentComplete	instance-method	main	all			F05-session-network-protocol	2	UNSUPPORTED	keld-compat host emulation + keld-wv + keld-guard net scopes	KEL-79,KEL-135,KEL-74	0	0	0		https://electronjs.org/docs/api/download-item
DownloadItem	Class	getContentDisposition	instance-method	main	all			F05-session-network-protocol	2	UNSUPPORTED	keld-compat host emulation + keld-wv + keld-guard net scopes	KEL-79,KEL-135,KEL-74	0	0	0		https://electronjs.org/docs/api/download-item
DownloadItem	Class	getState	instance-method	main	all			F05-session-network-protocol	2	UNSUPPORTED	keld-compat host emulation + keld-wv + keld-guard net scopes	KEL-79,KEL-135,KEL-74	0	0	0		https://electronjs.org/docs/api/download-item
DownloadItem	Class	getURLChain	instance-method	main	all			F05-session-network-protocol	2	UNSUPPORTED	keld-compat host emulation + keld-wv + keld-guard net scopes	KEL-79,KEL-135,KEL-74	0	0	0		https://electronjs.org/docs/api/download-item
DownloadItem	Class	getLastModifiedTime	instance-method	main	all			F05-session-network-protocol	2	UNSUPPORTED	keld-compat host emulation + keld-wv + keld-guard net scopes	KEL-79,KEL-135,KEL-74	0	0	0		https://electronjs.org/docs/api/download-item
DownloadItem	Class	getETag	instance-method	main	all			F05-session-network-protocol	2	UNSUPPORTED	keld-compat host emulation + keld-wv + keld-guard net scopes	KEL-79,KEL-135,KEL-74	0	0	0		https://electronjs.org/docs/api/download-item
DownloadItem	Class	getStartTime	instance-method	main	all			F05-session-network-protocol	2	UNSUPPORTED	keld-compat host emulation + keld-wv + keld-guard net scopes	KEL-79,KEL-135,KEL-74	0	0	0		https://electronjs.org/docs/api/download-item
DownloadItem	Class	getEndTime	instance-method	main	all			F05-session-network-protocol	2	UNSUPPORTED	keld-compat host emulation + keld-wv + keld-guard net scopes	KEL-79,KEL-135,KEL-74	0	0	0		https://electronjs.org/docs/api/download-item
DownloadItem	Class	updated	instance-event	main	all			F05-session-network-protocol	2	UNSUPPORTED	keld-compat host emulation + keld-wv + keld-guard net scopes	KEL-79,KEL-135,KEL-74	0	1	0		https://electronjs.org/docs/api/download-item
DownloadItem	Class	done	instance-event	main	all			F05-session-network-protocol	2	UNSUPPORTED	keld-compat host emulation + keld-wv + keld-guard net scopes	KEL-79,KEL-135,KEL-74	0	2	0		https://electronjs.org/docs/api/download-item
DownloadItem	Class	savePath	instance-property	main	all			F05-session-network-protocol	2	UNSUPPORTED	keld-compat host emulation + keld-wv + keld-guard net scopes	KEL-79,KEL-135,KEL-74	0	0	0		https://electronjs.org/docs/api/download-item
Extensions	Class	loadExtension	instance-method	main	all			F05-session-network-protocol	3	UNSUPPORTED	keld-compat host emulation + keld-wv + keld-guard net scopes	KEL-79,KEL-135,KEL-74	0	0	0		https://electronjs.org/docs/api/extensions-api
Extensions	Class	removeExtension	instance-method	main	all			F05-session-network-protocol	3	UNSUPPORTED	keld-compat host emulation + keld-wv + keld-guard net scopes	KEL-79,KEL-135,KEL-74	0	0	0		https://electronjs.org/docs/api/extensions-api
Extensions	Class	getExtension	instance-method	main	all			F05-session-network-protocol	3	UNSUPPORTED	keld-compat host emulation + keld-wv + keld-guard net scopes	KEL-79,KEL-135,KEL-74	0	0	0		https://electronjs.org/docs/api/extensions-api
Extensions	Class	getAllExtensions	instance-method	main	all			F05-session-network-protocol	3	UNSUPPORTED	keld-compat host emulation + keld-wv + keld-guard net scopes	KEL-79,KEL-135,KEL-74	0	0	0		https://electronjs.org/docs/api/extensions-api
Extensions	Class	extension-loaded	instance-event	main	all			F05-session-network-protocol	3	UNSUPPORTED	keld-compat host emulation + keld-wv + keld-guard net scopes	KEL-79,KEL-135,KEL-74	0	0	0		https://electronjs.org/docs/api/extensions-api
Extensions	Class	extension-unloaded	instance-event	main	all			F05-session-network-protocol	3	UNSUPPORTED	keld-compat host emulation + keld-wv + keld-guard net scopes	KEL-79,KEL-135,KEL-74	0	0	0		https://electronjs.org/docs/api/extensions-api
Extensions	Class	extension-ready	instance-event	main	all			F05-session-network-protocol	3	UNSUPPORTED	keld-compat host emulation + keld-wv + keld-guard net scopes	KEL-79,KEL-135,KEL-74	0	0	0		https://electronjs.org/docs/api/extensions-api
globalShortcut	Module	register	method	main	all			F06-native-desktop	2	UNSUPPORTED	keld-native brokers + keld-guard system grants + @keld/api	KEL-71,KEL-130,KEL-102,KEL-89,KEL-76	0	0	0		https://electronjs.org/docs/api/global-shortcut
globalShortcut	Module	registerAll	method	main	all			F06-native-desktop	2	UNSUPPORTED	keld-native brokers + keld-guard system grants + @keld/api	KEL-71,KEL-130,KEL-102,KEL-89,KEL-76	0	0	0		https://electronjs.org/docs/api/global-shortcut
globalShortcut	Module	isRegistered	method	main	all			F06-native-desktop	2	UNSUPPORTED	keld-native brokers + keld-guard system grants + @keld/api	KEL-71,KEL-130,KEL-102,KEL-89,KEL-76	0	0	0		https://electronjs.org/docs/api/global-shortcut
globalShortcut	Module	unregister	method	main	all			F06-native-desktop	2	UNSUPPORTED	keld-native brokers + keld-guard system grants + @keld/api	KEL-71,KEL-130,KEL-102,KEL-89,KEL-76	0	0	0		https://electronjs.org/docs/api/global-shortcut
globalShortcut	Module	unregisterAll	method	main	all			F06-native-desktop	2	UNSUPPORTED	keld-native brokers + keld-guard system grants + @keld/api	KEL-71,KEL-130,KEL-102,KEL-89,KEL-76	0	0	0		https://electronjs.org/docs/api/global-shortcut
globalShortcut	Module	setSuspended	method	main	all			F06-native-desktop	2	UNSUPPORTED	keld-native brokers + keld-guard system grants + @keld/api	KEL-71,KEL-130,KEL-102,KEL-89,KEL-76	0	0	0		https://electronjs.org/docs/api/global-shortcut
globalShortcut	Module	isSuspended	method	main	all			F06-native-desktop	2	UNSUPPORTED	keld-native brokers + keld-guard system grants + @keld/api	KEL-71,KEL-130,KEL-102,KEL-89,KEL-76	0	0	0		https://electronjs.org/docs/api/global-shortcut
ImageView	Class	setImage	instance-method	main	all	stability_experimental		F02-windowing	2	UNSUPPORTED	@keld/electron + keld-core window registry + keld-wv	KEL-139,KEL-142,KEL-143,KEL-135	0	0	0		https://electronjs.org/docs/api/image-view
ImageView	Class	constructor	constructor	main	all		View	F02-windowing	2	UNSUPPORTED	@keld/electron + keld-core window registry + keld-wv	KEL-139,KEL-142,KEL-143,KEL-135	0	0	0		https://electronjs.org/docs/api/image-view
inAppPurchase	Module	purchaseProduct	method	main	all			F06-native-desktop	2	UNSUPPORTED	keld-native brokers + keld-guard system grants + @keld/api	KEL-71,KEL-130,KEL-102,KEL-89,KEL-76	0	0	0		https://electronjs.org/docs/api/in-app-purchase
inAppPurchase	Module	getProducts	method	main	all			F06-native-desktop	2	UNSUPPORTED	keld-native brokers + keld-guard system grants + @keld/api	KEL-71,KEL-130,KEL-102,KEL-89,KEL-76	0	0	0		https://electronjs.org/docs/api/in-app-purchase
inAppPurchase	Module	canMakePayments	method	main	all			F06-native-desktop	2	UNSUPPORTED	keld-native brokers + keld-guard system grants + @keld/api	KEL-71,KEL-130,KEL-102,KEL-89,KEL-76	0	0	0		https://electronjs.org/docs/api/in-app-purchase
inAppPurchase	Module	restoreCompletedTransactions	method	main	all			F06-native-desktop	2	UNSUPPORTED	keld-native brokers + keld-guard system grants + @keld/api	KEL-71,KEL-130,KEL-102,KEL-89,KEL-76	0	0	0		https://electronjs.org/docs/api/in-app-purchase
inAppPurchase	Module	getReceiptURL	method	main	all			F06-native-desktop	2	UNSUPPORTED	keld-native brokers + keld-guard system grants + @keld/api	KEL-71,KEL-130,KEL-102,KEL-89,KEL-76	0	0	0		https://electronjs.org/docs/api/in-app-purchase
inAppPurchase	Module	finishAllTransactions	method	main	all			F06-native-desktop	2	UNSUPPORTED	keld-native brokers + keld-guard system grants + @keld/api	KEL-71,KEL-130,KEL-102,KEL-89,KEL-76	0	0	0		https://electronjs.org/docs/api/in-app-purchase
inAppPurchase	Module	finishTransactionByDate	method	main	all			F06-native-desktop	2	UNSUPPORTED	keld-native brokers + keld-guard system grants + @keld/api	KEL-71,KEL-130,KEL-102,KEL-89,KEL-76	0	0	0		https://electronjs.org/docs/api/in-app-purchase
inAppPurchase	Module	transactions-updated	event	main	all			F06-native-desktop	2	UNSUPPORTED	keld-native brokers + keld-guard system grants + @keld/api	KEL-71,KEL-130,KEL-102,KEL-89,KEL-76	0	0	0		https://electronjs.org/docs/api/in-app-purchase
IncomingMessage	Class	data	instance-event	main/utility	all			F05-session-network-protocol	3	UNSUPPORTED	keld-compat host emulation + keld-wv + keld-guard net scopes	KEL-79,KEL-135,KEL-74	0	0	0		https://electronjs.org/docs/api/incoming-message
IncomingMessage	Class	end	instance-event	main/utility	all			F05-session-network-protocol	3	UNSUPPORTED	keld-compat host emulation + keld-wv + keld-guard net scopes	KEL-79,KEL-135,KEL-74	0	0	0		https://electronjs.org/docs/api/incoming-message
IncomingMessage	Class	aborted	instance-event	main/utility	all			F05-session-network-protocol	3	UNSUPPORTED	keld-compat host emulation + keld-wv + keld-guard net scopes	KEL-79,KEL-135,KEL-74	0	0	0		https://electronjs.org/docs/api/incoming-message
IncomingMessage	Class	error	instance-event	main/utility	all			F05-session-network-protocol	3	UNSUPPORTED	keld-compat host emulation + keld-wv + keld-guard net scopes	KEL-79,KEL-135,KEL-74	0	0	0		https://electronjs.org/docs/api/incoming-message
IncomingMessage	Class	statusCode	instance-property	main/utility	all			F05-session-network-protocol	3	UNSUPPORTED	keld-compat host emulation + keld-wv + keld-guard net scopes	KEL-79,KEL-135,KEL-74	0	0	0		https://electronjs.org/docs/api/incoming-message
IncomingMessage	Class	statusMessage	instance-property	main/utility	all			F05-session-network-protocol	3	UNSUPPORTED	keld-compat host emulation + keld-wv + keld-guard net scopes	KEL-79,KEL-135,KEL-74	0	0	0		https://electronjs.org/docs/api/incoming-message
IncomingMessage	Class	headers	instance-property	main/utility	all			F05-session-network-protocol	3	UNSUPPORTED	keld-compat host emulation + keld-wv + keld-guard net scopes	KEL-79,KEL-135,KEL-74	0	0	0		https://electronjs.org/docs/api/incoming-message
IncomingMessage	Class	httpVersion	instance-property	main/utility	all			F05-session-network-protocol	3	UNSUPPORTED	keld-compat host emulation + keld-wv + keld-guard net scopes	KEL-79,KEL-135,KEL-74	0	0	0		https://electronjs.org/docs/api/incoming-message
IncomingMessage	Class	httpVersionMajor	instance-property	main/utility	all			F05-session-network-protocol	3	UNSUPPORTED	keld-compat host emulation + keld-wv + keld-guard net scopes	KEL-79,KEL-135,KEL-74	0	0	0		https://electronjs.org/docs/api/incoming-message
IncomingMessage	Class	httpVersionMinor	instance-property	main/utility	all			F05-session-network-protocol	3	UNSUPPORTED	keld-compat host emulation + keld-wv + keld-guard net scopes	KEL-79,KEL-135,KEL-74	0	0	0		https://electronjs.org/docs/api/incoming-message
IncomingMessage	Class	rawHeaders	instance-property	main/utility	all			F05-session-network-protocol	3	UNSUPPORTED	keld-compat host emulation + keld-wv + keld-guard net scopes	KEL-79,KEL-135,KEL-74	0	0	0		https://electronjs.org/docs/api/incoming-message
IpcMainServiceWorker	Class	on	instance-method	main	all			F04-ipc-bridge	2	UNSUPPORTED	@keld/electron (main+renderer shim) + kipc + keld-runtime roles/virtual ports	KEL-80,KEL-75,KEL-136,KEL-98,KEL-142	0	0	0		https://electronjs.org/docs/api/ipc-main-service-worker
IpcMainServiceWorker	Class	once	instance-method	main	all			F04-ipc-bridge	2	UNSUPPORTED	@keld/electron (main+renderer shim) + kipc + keld-runtime roles/virtual ports	KEL-80,KEL-75,KEL-136,KEL-98,KEL-142	0	0	0		https://electronjs.org/docs/api/ipc-main-service-worker
IpcMainServiceWorker	Class	removeListener	instance-method	main	all			F04-ipc-bridge	2	UNSUPPORTED	@keld/electron (main+renderer shim) + kipc + keld-runtime roles/virtual ports	KEL-80,KEL-75,KEL-136,KEL-98,KEL-142	0	0	0		https://electronjs.org/docs/api/ipc-main-service-worker
IpcMainServiceWorker	Class	removeAllListeners	instance-method	main	all			F04-ipc-bridge	2	UNSUPPORTED	@keld/electron (main+renderer shim) + kipc + keld-runtime roles/virtual ports	KEL-80,KEL-75,KEL-136,KEL-98,KEL-142	0	0	0		https://electronjs.org/docs/api/ipc-main-service-worker
IpcMainServiceWorker	Class	handle	instance-method	main	all			F04-ipc-bridge	2	UNSUPPORTED	@keld/electron (main+renderer shim) + kipc + keld-runtime roles/virtual ports	KEL-80,KEL-75,KEL-136,KEL-98,KEL-142	0	0	0		https://electronjs.org/docs/api/ipc-main-service-worker
IpcMainServiceWorker	Class	handleOnce	instance-method	main	all			F04-ipc-bridge	2	UNSUPPORTED	@keld/electron (main+renderer shim) + kipc + keld-runtime roles/virtual ports	KEL-80,KEL-75,KEL-136,KEL-98,KEL-142	0	0	0		https://electronjs.org/docs/api/ipc-main-service-worker
IpcMainServiceWorker	Class	removeHandler	instance-method	main	all			F04-ipc-bridge	2	UNSUPPORTED	@keld/electron (main+renderer shim) + kipc + keld-runtime roles/virtual ports	KEL-80,KEL-75,KEL-136,KEL-98,KEL-142	0	0	0		https://electronjs.org/docs/api/ipc-main-service-worker
ipcMain	Module	on	method	main	all			F04-ipc-bridge	1	UNSUPPORTED	@keld/electron (main+renderer shim) + kipc + keld-runtime roles/virtual ports	KEL-80,KEL-75,KEL-136,KEL-98,KEL-142	0	0	0		https://electronjs.org/docs/api/ipc-main
ipcMain	Module	off	method	main	all			F04-ipc-bridge	1	UNSUPPORTED	@keld/electron (main+renderer shim) + kipc + keld-runtime roles/virtual ports	KEL-80,KEL-75,KEL-136,KEL-98,KEL-142	0	0	0		https://electronjs.org/docs/api/ipc-main
ipcMain	Module	once	method	main	all			F04-ipc-bridge	1	UNSUPPORTED	@keld/electron (main+renderer shim) + kipc + keld-runtime roles/virtual ports	KEL-80,KEL-75,KEL-136,KEL-98,KEL-142	15	18	0		https://electronjs.org/docs/api/ipc-main
ipcMain	Module	addListener	method	main	all			F04-ipc-bridge	1	UNSUPPORTED	@keld/electron (main+renderer shim) + kipc + keld-runtime roles/virtual ports	KEL-80,KEL-75,KEL-136,KEL-98,KEL-142	0	0	0		https://electronjs.org/docs/api/ipc-main
ipcMain	Module	removeListener	method	main	all			F04-ipc-bridge	1	UNSUPPORTED	@keld/electron (main+renderer shim) + kipc + keld-runtime roles/virtual ports	KEL-80,KEL-75,KEL-136,KEL-98,KEL-142	5	0	0		https://electronjs.org/docs/api/ipc-main
ipcMain	Module	removeAllListeners	method	main	all			F04-ipc-bridge	1	UNSUPPORTED	@keld/electron (main+renderer shim) + kipc + keld-runtime roles/virtual ports	KEL-80,KEL-75,KEL-136,KEL-98,KEL-142	1	2	0		https://electronjs.org/docs/api/ipc-main
ipcMain	Module	handle	method	main	all			F04-ipc-bridge	1	UNSUPPORTED	@keld/electron (main+renderer shim) + kipc + keld-runtime roles/virtual ports	KEL-80,KEL-75,KEL-136,KEL-98,KEL-142	0	26	0		https://electronjs.org/docs/api/ipc-main
ipcMain	Module	handleOnce	method	main	all			F04-ipc-bridge	1	UNSUPPORTED	@keld/electron (main+renderer shim) + kipc + keld-runtime roles/virtual ports	KEL-80,KEL-75,KEL-136,KEL-98,KEL-142	0	1	0		https://electronjs.org/docs/api/ipc-main
ipcMain	Module	removeHandler	method	main	all			F04-ipc-bridge	1	UNSUPPORTED	@keld/electron (main+renderer shim) + kipc + keld-runtime roles/virtual ports	KEL-80,KEL-75,KEL-136,KEL-98,KEL-142	0	0	0		https://electronjs.org/docs/api/ipc-main
ipcRenderer	Module	on	method	renderer	all			F04-ipc-bridge	1	UNSUPPORTED	@keld/electron (main+renderer shim) + kipc + keld-runtime roles/virtual ports	KEL-80,KEL-75,KEL-136,KEL-98,KEL-142	0	0	0		https://electronjs.org/docs/api/ipc-renderer
ipcRenderer	Module	off	method	renderer	all			F04-ipc-bridge	1	UNSUPPORTED	@keld/electron (main+renderer shim) + kipc + keld-runtime roles/virtual ports	KEL-80,KEL-75,KEL-136,KEL-98,KEL-142	0	0	0		https://electronjs.org/docs/api/ipc-renderer
ipcRenderer	Module	once	method	renderer	all			F04-ipc-bridge	1	UNSUPPORTED	@keld/electron (main+renderer shim) + kipc + keld-runtime roles/virtual ports	KEL-80,KEL-75,KEL-136,KEL-98,KEL-142	15	18	0		https://electronjs.org/docs/api/ipc-renderer
ipcRenderer	Module	addListener	method	renderer	all			F04-ipc-bridge	1	UNSUPPORTED	@keld/electron (main+renderer shim) + kipc + keld-runtime roles/virtual ports	KEL-80,KEL-75,KEL-136,KEL-98,KEL-142	0	0	0		https://electronjs.org/docs/api/ipc-renderer
ipcRenderer	Module	removeListener	method	renderer	all			F04-ipc-bridge	1	UNSUPPORTED	@keld/electron (main+renderer shim) + kipc + keld-runtime roles/virtual ports	KEL-80,KEL-75,KEL-136,KEL-98,KEL-142	5	0	0		https://electronjs.org/docs/api/ipc-renderer
ipcRenderer	Module	removeAllListeners	method	renderer	all			F04-ipc-bridge	1	UNSUPPORTED	@keld/electron (main+renderer shim) + kipc + keld-runtime roles/virtual ports	KEL-80,KEL-75,KEL-136,KEL-98,KEL-142	1	2	0		https://electronjs.org/docs/api/ipc-renderer
ipcRenderer	Module	send	method	renderer	all			F04-ipc-bridge	1	UNSUPPORTED	@keld/electron (main+renderer shim) + kipc + keld-runtime roles/virtual ports	KEL-80,KEL-75,KEL-136,KEL-98,KEL-142	15	84	0		https://electronjs.org/docs/api/ipc-renderer
ipcRenderer	Module	invoke	method	renderer	all			F04-ipc-bridge	1	UNSUPPORTED	@keld/electron (main+renderer shim) + kipc + keld-runtime roles/virtual ports	KEL-80,KEL-75,KEL-136,KEL-98,KEL-142	0	187	0		https://electronjs.org/docs/api/ipc-renderer
ipcRenderer	Module	sendSync	method	renderer	all			F04-ipc-bridge	1	UNSUPPORTED	@keld/electron (main+renderer shim) + kipc + keld-runtime roles/virtual ports	KEL-80,KEL-75,KEL-136,KEL-98,KEL-142	0	6	0		https://electronjs.org/docs/api/ipc-renderer
ipcRenderer	Module	postMessage	method	renderer	all			F04-ipc-bridge	1	UNSUPPORTED	@keld/electron (main+renderer shim) + kipc + keld-runtime roles/virtual ports	KEL-80,KEL-75,KEL-136,KEL-98,KEL-142	0	0	0		https://electronjs.org/docs/api/ipc-renderer
ipcRenderer	Module	sendToHost	method	renderer	all			F04-ipc-bridge	1	UNSUPPORTED	@keld/electron (main+renderer shim) + kipc + keld-runtime roles/virtual ports	KEL-80,KEL-75,KEL-136,KEL-98,KEL-142	0	0	0		https://electronjs.org/docs/api/ipc-renderer
MenuItem	Class	id	instance-property	main	all			F06-native-desktop	1	UNSUPPORTED	keld-native brokers + keld-guard system grants + @keld/api	KEL-71,KEL-130,KEL-102,KEL-89,KEL-76	0	0	0		https://electronjs.org/docs/api/menu-item
MenuItem	Class	label	instance-property	main	all			F06-native-desktop	1	UNSUPPORTED	keld-native brokers + keld-guard system grants + @keld/api	KEL-71,KEL-130,KEL-102,KEL-89,KEL-76	0	0	0		https://electronjs.org/docs/api/menu-item
MenuItem	Class	accessibilityLabel	instance-property	main	macos			F06-native-desktop	1	UNSUPPORTED	keld-native brokers + keld-guard system grants + @keld/api	KEL-71,KEL-130,KEL-102,KEL-89,KEL-76	0	0	0		https://electronjs.org/docs/api/menu-item
MenuItem	Class	click	instance-property	main	all			F06-native-desktop	1	UNSUPPORTED	keld-native brokers + keld-guard system grants + @keld/api	KEL-71,KEL-130,KEL-102,KEL-89,KEL-76	0	0	0		https://electronjs.org/docs/api/menu-item
MenuItem	Class	submenu	instance-property	main	all			F06-native-desktop	1	UNSUPPORTED	keld-native brokers + keld-guard system grants + @keld/api	KEL-71,KEL-130,KEL-102,KEL-89,KEL-76	0	0	0		https://electronjs.org/docs/api/menu-item
MenuItem	Class	type	instance-property	main	all			F06-native-desktop	1	UNSUPPORTED	keld-native brokers + keld-guard system grants + @keld/api	KEL-71,KEL-130,KEL-102,KEL-89,KEL-76	0	0	0		https://electronjs.org/docs/api/menu-item
MenuItem	Class	role	instance-property	main	all			F06-native-desktop	1	UNSUPPORTED	keld-native brokers + keld-guard system grants + @keld/api	KEL-71,KEL-130,KEL-102,KEL-89,KEL-76	0	0	0		https://electronjs.org/docs/api/menu-item
MenuItem	Class	accelerator	instance-property	main	all			F06-native-desktop	1	UNSUPPORTED	keld-native brokers + keld-guard system grants + @keld/api	KEL-71,KEL-130,KEL-102,KEL-89,KEL-76	0	0	0		https://electronjs.org/docs/api/menu-item
MenuItem	Class	userAccelerator	instance-property	main	macos	availability_readonly		F06-native-desktop	1	UNSUPPORTED	keld-native brokers + keld-guard system grants + @keld/api	KEL-71,KEL-130,KEL-102,KEL-89,KEL-76	0	0	0		https://electronjs.org/docs/api/menu-item
MenuItem	Class	icon	instance-property	main	all			F06-native-desktop	1	UNSUPPORTED	keld-native brokers + keld-guard system grants + @keld/api	KEL-71,KEL-130,KEL-102,KEL-89,KEL-76	0	0	0		https://electronjs.org/docs/api/menu-item
MenuItem	Class	sublabel	instance-property	main	all			F06-native-desktop	1	UNSUPPORTED	keld-native brokers + keld-guard system grants + @keld/api	KEL-71,KEL-130,KEL-102,KEL-89,KEL-76	0	0	0		https://electronjs.org/docs/api/menu-item
MenuItem	Class	toolTip	instance-property	main	macos			F06-native-desktop	1	UNSUPPORTED	keld-native brokers + keld-guard system grants + @keld/api	KEL-71,KEL-130,KEL-102,KEL-89,KEL-76	0	0	0		https://electronjs.org/docs/api/menu-item
MenuItem	Class	enabled	instance-property	main	all			F06-native-desktop	1	UNSUPPORTED	keld-native brokers + keld-guard system grants + @keld/api	KEL-71,KEL-130,KEL-102,KEL-89,KEL-76	0	0	0		https://electronjs.org/docs/api/menu-item
MenuItem	Class	visible	instance-property	main	all			F06-native-desktop	1	UNSUPPORTED	keld-native brokers + keld-guard system grants + @keld/api	KEL-71,KEL-130,KEL-102,KEL-89,KEL-76	0	0	0		https://electronjs.org/docs/api/menu-item
MenuItem	Class	checked	instance-property	main	all			F06-native-desktop	1	UNSUPPORTED	keld-native brokers + keld-guard system grants + @keld/api	KEL-71,KEL-130,KEL-102,KEL-89,KEL-76	0	0	0		https://electronjs.org/docs/api/menu-item
MenuItem	Class	registerAccelerator	instance-property	main	linux,windows			F06-native-desktop	1	UNSUPPORTED	keld-native brokers + keld-guard system grants + @keld/api	KEL-71,KEL-130,KEL-102,KEL-89,KEL-76	0	0	0		https://electronjs.org/docs/api/menu-item
MenuItem	Class	sharingItem	instance-property	main	macos			F06-native-desktop	1	UNSUPPORTED	keld-native brokers + keld-guard system grants + @keld/api	KEL-71,KEL-130,KEL-102,KEL-89,KEL-76	0	0	0		https://electronjs.org/docs/api/menu-item
MenuItem	Class	commandId	instance-property	main	all			F06-native-desktop	1	UNSUPPORTED	keld-native brokers + keld-guard system grants + @keld/api	KEL-71,KEL-130,KEL-102,KEL-89,KEL-76	0	0	0		https://electronjs.org/docs/api/menu-item
MenuItem	Class	menu	instance-property	main	all			F06-native-desktop	1	UNSUPPORTED	keld-native brokers + keld-guard system grants + @keld/api	KEL-71,KEL-130,KEL-102,KEL-89,KEL-76	0	0	0		https://electronjs.org/docs/api/menu-item
MenuItem	Class	badge	instance-property	main	macos			F06-native-desktop	1	UNSUPPORTED	keld-native brokers + keld-guard system grants + @keld/api	KEL-71,KEL-130,KEL-102,KEL-89,KEL-76	0	0	0		https://electronjs.org/docs/api/menu-item
MenuItem	Class	constructor	constructor	main	all			F06-native-desktop	1	UNSUPPORTED	keld-native brokers + keld-guard system grants + @keld/api	KEL-71,KEL-130,KEL-102,KEL-89,KEL-76	0	0	0		https://electronjs.org/docs/api/menu-item
Menu	Class	popup	instance-method	main	all			F06-native-desktop	1	UNSUPPORTED	keld-native brokers + keld-guard system grants + @keld/api	KEL-71,KEL-130,KEL-102,KEL-89,KEL-76	0	1	0		https://electronjs.org/docs/api/menu
Menu	Class	closePopup	instance-method	main	all			F06-native-desktop	1	UNSUPPORTED	keld-native brokers + keld-guard system grants + @keld/api	KEL-71,KEL-130,KEL-102,KEL-89,KEL-76	0	0	0		https://electronjs.org/docs/api/menu
Menu	Class	append	instance-method	main	all			F06-native-desktop	1	UNSUPPORTED	keld-native brokers + keld-guard system grants + @keld/api	KEL-71,KEL-130,KEL-102,KEL-89,KEL-76	0	19	0		https://electronjs.org/docs/api/menu
Menu	Class	getMenuItemById	instance-method	main	all			F06-native-desktop	1	UNSUPPORTED	keld-native brokers + keld-guard system grants + @keld/api	KEL-71,KEL-130,KEL-102,KEL-89,KEL-76	0	2	0		https://electronjs.org/docs/api/menu
Menu	Class	insert	instance-method	main	all			F06-native-desktop	1	UNSUPPORTED	keld-native brokers + keld-guard system grants + @keld/api	KEL-71,KEL-130,KEL-102,KEL-89,KEL-76	0	0	0		https://electronjs.org/docs/api/menu
Menu	Class	setApplicationMenu	static-method	main	all			F06-native-desktop	1	UNSUPPORTED	keld-native brokers + keld-guard system grants + @keld/api	KEL-71,KEL-130,KEL-102,KEL-89,KEL-76	2	1	0		https://electronjs.org/docs/api/menu
Menu	Class	getApplicationMenu	static-method	main	all			F06-native-desktop	1	UNSUPPORTED	keld-native brokers + keld-guard system grants + @keld/api	KEL-71,KEL-130,KEL-102,KEL-89,KEL-76	0	3	0		https://electronjs.org/docs/api/menu
Menu	Class	sendActionToFirstResponder	static-method	main	macos			F06-native-desktop	1	UNSUPPORTED	keld-native brokers + keld-guard system grants + @keld/api	KEL-71,KEL-130,KEL-102,KEL-89,KEL-76	0	0	0		https://electronjs.org/docs/api/menu
Menu	Class	buildFromTemplate	static-method	main	all			F06-native-desktop	1	UNSUPPORTED	keld-native brokers + keld-guard system grants + @keld/api	KEL-71,KEL-130,KEL-102,KEL-89,KEL-76	1	3	0		https://electronjs.org/docs/api/menu
Menu	Class	menu-will-show	instance-event	main	all			F06-native-desktop	1	UNSUPPORTED	keld-native brokers + keld-guard system grants + @keld/api	KEL-71,KEL-130,KEL-102,KEL-89,KEL-76	0	0	0		https://electronjs.org/docs/api/menu
Menu	Class	menu-will-close	instance-event	main	all			F06-native-desktop	1	UNSUPPORTED	keld-native brokers + keld-guard system grants + @keld/api	KEL-71,KEL-130,KEL-102,KEL-89,KEL-76	0	1	0		https://electronjs.org/docs/api/menu
Menu	Class	items	instance-property	main	all			F06-native-desktop	1	UNSUPPORTED	keld-native brokers + keld-guard system grants + @keld/api	KEL-71,KEL-130,KEL-102,KEL-89,KEL-76	0	0	0		https://electronjs.org/docs/api/menu
Menu	Class	constructor	constructor	main	all			F06-native-desktop	1	UNSUPPORTED	keld-native brokers + keld-guard system grants + @keld/api	KEL-71,KEL-130,KEL-102,KEL-89,KEL-76	0	0	0		https://electronjs.org/docs/api/menu
MessageChannelMain	Class	port1	instance-property	main	all			F04-ipc-bridge	2	UNSUPPORTED	@keld/electron (main+renderer shim) + kipc + keld-runtime roles/virtual ports	KEL-80,KEL-75,KEL-136,KEL-98,KEL-142	0	0	0		https://electronjs.org/docs/api/message-channel-main
MessageChannelMain	Class	port2	instance-property	main	all			F04-ipc-bridge	2	UNSUPPORTED	@keld/electron (main+renderer shim) + kipc + keld-runtime roles/virtual ports	KEL-80,KEL-75,KEL-136,KEL-98,KEL-142	0	0	0		https://electronjs.org/docs/api/message-channel-main
MessagePortMain	Class	postMessage	instance-method	main	all			F04-ipc-bridge	2	UNSUPPORTED	@keld/electron (main+renderer shim) + kipc + keld-runtime roles/virtual ports	KEL-80,KEL-75,KEL-136,KEL-98,KEL-142	0	0	0		https://electronjs.org/docs/api/message-port-main
MessagePortMain	Class	start	instance-method	main	all			F04-ipc-bridge	2	UNSUPPORTED	@keld/electron (main+renderer shim) + kipc + keld-runtime roles/virtual ports	KEL-80,KEL-75,KEL-136,KEL-98,KEL-142	0	0	0		https://electronjs.org/docs/api/message-port-main
MessagePortMain	Class	close	instance-method	main	all			F04-ipc-bridge	2	UNSUPPORTED	@keld/electron (main+renderer shim) + kipc + keld-runtime roles/virtual ports	KEL-80,KEL-75,KEL-136,KEL-98,KEL-142	14	82	0		https://electronjs.org/docs/api/message-port-main
MessagePortMain	Class	message	instance-event	main	all			F04-ipc-bridge	2	UNSUPPORTED	@keld/electron (main+renderer shim) + kipc + keld-runtime roles/virtual ports	KEL-80,KEL-75,KEL-136,KEL-98,KEL-142	0	6	0		https://electronjs.org/docs/api/message-port-main
MessagePortMain	Class	close	instance-event	main	all			F04-ipc-bridge	2	UNSUPPORTED	@keld/electron (main+renderer shim) + kipc + keld-runtime roles/virtual ports	KEL-80,KEL-75,KEL-136,KEL-98,KEL-142	14	82	0		https://electronjs.org/docs/api/message-port-main
nativeImage	Module	createEmpty	method	main/renderer	all			F06-native-desktop	1	UNSUPPORTED	keld-native brokers + keld-guard system grants + @keld/api	KEL-71,KEL-130,KEL-102,KEL-89,KEL-76	0	0	0		https://electronjs.org/docs/api/native-image
nativeImage	Module	createThumbnailFromPath	method	main/renderer	macos,windows			F06-native-desktop	1	UNSUPPORTED	keld-native brokers + keld-guard system grants + @keld/api	KEL-71,KEL-130,KEL-102,KEL-89,KEL-76	0	0	0		https://electronjs.org/docs/api/native-image
nativeImage	Module	createFromPath	method	main/renderer	all			F06-native-desktop	1	UNSUPPORTED	keld-native brokers + keld-guard system grants + @keld/api	KEL-71,KEL-130,KEL-102,KEL-89,KEL-76	0	3	0		https://electronjs.org/docs/api/native-image
nativeImage	Module	createFromBitmap	method	main/renderer	all			F06-native-desktop	1	UNSUPPORTED	keld-native brokers + keld-guard system grants + @keld/api	KEL-71,KEL-130,KEL-102,KEL-89,KEL-76	0	0	0		https://electronjs.org/docs/api/native-image
nativeImage	Module	createFromBuffer	method	main/renderer	all			F06-native-desktop	1	UNSUPPORTED	keld-native brokers + keld-guard system grants + @keld/api	KEL-71,KEL-130,KEL-102,KEL-89,KEL-76	0	0	0		https://electronjs.org/docs/api/native-image
nativeImage	Module	createFromDataURL	method	main/renderer	all			F06-native-desktop	1	UNSUPPORTED	keld-native brokers + keld-guard system grants + @keld/api	KEL-71,KEL-130,KEL-102,KEL-89,KEL-76	1	1	0		https://electronjs.org/docs/api/native-image
nativeImage	Module	createFromNamedImage	method	main/renderer	macos			F06-native-desktop	1	UNSUPPORTED	keld-native brokers + keld-guard system grants + @keld/api	KEL-71,KEL-130,KEL-102,KEL-89,KEL-76	0	0	0		https://electronjs.org/docs/api/native-image
nativeImage	Module	createMenuSymbol	method	main/renderer	macos			F06-native-desktop	1	UNSUPPORTED	keld-native brokers + keld-guard system grants + @keld/api	KEL-71,KEL-130,KEL-102,KEL-89,KEL-76	0	0	0		https://electronjs.org/docs/api/native-image
NativeImage	Class	toPNG	instance-method	main/renderer	all			F06-native-desktop	1	UNSUPPORTED	keld-native brokers + keld-guard system grants + @keld/api	KEL-71,KEL-130,KEL-102,KEL-89,KEL-76	2	0	0		https://electronjs.org/docs/api/native-image
NativeImage	Class	toJPEG	instance-method	main/renderer	all			F06-native-desktop	1	UNSUPPORTED	keld-native brokers + keld-guard system grants + @keld/api	KEL-71,KEL-130,KEL-102,KEL-89,KEL-76	1	0	0		https://electronjs.org/docs/api/native-image
NativeImage	Class	toBitmap	instance-method	main/renderer	all			F06-native-desktop	1	UNSUPPORTED	keld-native brokers + keld-guard system grants + @keld/api	KEL-71,KEL-130,KEL-102,KEL-89,KEL-76	0	0	0		https://electronjs.org/docs/api/native-image
NativeImage	Class	toDataURL	instance-method	main/renderer	all			F06-native-desktop	1	UNSUPPORTED	keld-native brokers + keld-guard system grants + @keld/api	KEL-71,KEL-130,KEL-102,KEL-89,KEL-76	0	0	0		https://electronjs.org/docs/api/native-image
NativeImage	Class	getBitmap	instance-method	main/renderer	all	stability_deprecated		F06-native-desktop	1	UNSUPPORTED	keld-native brokers + keld-guard system grants + @keld/api	KEL-71,KEL-130,KEL-102,KEL-89,KEL-76	0	0	0		https://electronjs.org/docs/api/native-image
NativeImage	Class	getNativeHandle	instance-method	main/renderer	macos			F06-native-desktop	1	UNSUPPORTED	keld-native brokers + keld-guard system grants + @keld/api	KEL-71,KEL-130,KEL-102,KEL-89,KEL-76	0	0	0		https://electronjs.org/docs/api/native-image
NativeImage	Class	isEmpty	instance-method	main/renderer	all			F06-native-desktop	1	UNSUPPORTED	keld-native brokers + keld-guard system grants + @keld/api	KEL-71,KEL-130,KEL-102,KEL-89,KEL-76	0	5	0		https://electronjs.org/docs/api/native-image
NativeImage	Class	getSize	instance-method	main/renderer	all			F06-native-desktop	1	UNSUPPORTED	keld-native brokers + keld-guard system grants + @keld/api	KEL-71,KEL-130,KEL-102,KEL-89,KEL-76	1	3	0		https://electronjs.org/docs/api/native-image
NativeImage	Class	setTemplateImage	instance-method	main/renderer	all			F06-native-desktop	1	UNSUPPORTED	keld-native brokers + keld-guard system grants + @keld/api	KEL-71,KEL-130,KEL-102,KEL-89,KEL-76	0	0	0		https://electronjs.org/docs/api/native-image
NativeImage	Class	isTemplateImage	instance-method	main/renderer	all			F06-native-desktop	1	UNSUPPORTED	keld-native brokers + keld-guard system grants + @keld/api	KEL-71,KEL-130,KEL-102,KEL-89,KEL-76	0	0	0		https://electronjs.org/docs/api/native-image
NativeImage	Class	crop	instance-method	main/renderer	all			F06-native-desktop	1	UNSUPPORTED	keld-native brokers + keld-guard system grants + @keld/api	KEL-71,KEL-130,KEL-102,KEL-89,KEL-76	0	0	0		https://electronjs.org/docs/api/native-image
NativeImage	Class	resize	instance-method	main/renderer	all			F06-native-desktop	1	UNSUPPORTED	keld-native brokers + keld-guard system grants + @keld/api	KEL-71,KEL-130,KEL-102,KEL-89,KEL-76	2	3	0		https://electronjs.org/docs/api/native-image
NativeImage	Class	getAspectRatio	instance-method	main/renderer	all			F06-native-desktop	1	UNSUPPORTED	keld-native brokers + keld-guard system grants + @keld/api	KEL-71,KEL-130,KEL-102,KEL-89,KEL-76	0	0	0		https://electronjs.org/docs/api/native-image
NativeImage	Class	getScaleFactors	instance-method	main/renderer	all			F06-native-desktop	1	UNSUPPORTED	keld-native brokers + keld-guard system grants + @keld/api	KEL-71,KEL-130,KEL-102,KEL-89,KEL-76	0	0	0		https://electronjs.org/docs/api/native-image
NativeImage	Class	addRepresentation	instance-method	main/renderer	all			F06-native-desktop	1	UNSUPPORTED	keld-native brokers + keld-guard system grants + @keld/api	KEL-71,KEL-130,KEL-102,KEL-89,KEL-76	0	0	0		https://electronjs.org/docs/api/native-image
NativeImage	Class	isMacTemplateImage	instance-property	main/renderer	macos			F06-native-desktop	1	UNSUPPORTED	keld-native brokers + keld-guard system grants + @keld/api	KEL-71,KEL-130,KEL-102,KEL-89,KEL-76	0	0	0		https://electronjs.org/docs/api/native-image
nativeTheme	Module	updated	event	main	all			F06-native-desktop	2	UNSUPPORTED	keld-native brokers + keld-guard system grants + @keld/api	KEL-71,KEL-130,KEL-102,KEL-89,KEL-76	0	1	0		https://electronjs.org/docs/api/native-theme
nativeTheme	Module	shouldUseDarkColors	property	main	all	availability_readonly		F06-native-desktop	2	UNSUPPORTED	keld-native brokers + keld-guard system grants + @keld/api	KEL-71,KEL-130,KEL-102,KEL-89,KEL-76	0	0	0		https://electronjs.org/docs/api/native-theme
nativeTheme	Module	themeSource	property	main	all			F06-native-desktop	2	UNSUPPORTED	keld-native brokers + keld-guard system grants + @keld/api	KEL-71,KEL-130,KEL-102,KEL-89,KEL-76	0	0	0		https://electronjs.org/docs/api/native-theme
nativeTheme	Module	shouldUseHighContrastColors	property	main	macos,windows	availability_readonly		F06-native-desktop	2	UNSUPPORTED	keld-native brokers + keld-guard system grants + @keld/api	KEL-71,KEL-130,KEL-102,KEL-89,KEL-76	0	0	0		https://electronjs.org/docs/api/native-theme
nativeTheme	Module	shouldUseDarkColorsForSystemIntegratedUI	property	main	macos,windows	availability_readonly		F06-native-desktop	2	UNSUPPORTED	keld-native brokers + keld-guard system grants + @keld/api	KEL-71,KEL-130,KEL-102,KEL-89,KEL-76	0	0	0		https://electronjs.org/docs/api/native-theme
nativeTheme	Module	shouldUseInvertedColorScheme	property	main	macos,windows	availability_readonly		F06-native-desktop	2	UNSUPPORTED	keld-native brokers + keld-guard system grants + @keld/api	KEL-71,KEL-130,KEL-102,KEL-89,KEL-76	0	0	0		https://electronjs.org/docs/api/native-theme
nativeTheme	Module	inForcedColorsMode	property	main	windows	availability_readonly		F06-native-desktop	2	UNSUPPORTED	keld-native brokers + keld-guard system grants + @keld/api	KEL-71,KEL-130,KEL-102,KEL-89,KEL-76	0	0	0		https://electronjs.org/docs/api/native-theme
nativeTheme	Module	prefersReducedTransparency	property	main	all	availability_readonly		F06-native-desktop	2	UNSUPPORTED	keld-native brokers + keld-guard system grants + @keld/api	KEL-71,KEL-130,KEL-102,KEL-89,KEL-76	0	0	0		https://electronjs.org/docs/api/native-theme
nativeTheme	Module	shouldDifferentiateWithoutColor	property	main	macos	availability_readonly		F06-native-desktop	2	UNSUPPORTED	keld-native brokers + keld-guard system grants + @keld/api	KEL-71,KEL-130,KEL-102,KEL-89,KEL-76	0	0	0		https://electronjs.org/docs/api/native-theme
NavigationHistory	Class	canGoBack	instance-method	main	all			F03-webcontents-navigation	1	UNSUPPORTED	@keld/electron + keld-wv + keld-compat (webContents routing)	KEL-79,KEL-132,KEL-142	0	0	0		https://electronjs.org/docs/api/navigation-history
NavigationHistory	Class	canGoForward	instance-method	main	all			F03-webcontents-navigation	1	UNSUPPORTED	@keld/electron + keld-wv + keld-compat (webContents routing)	KEL-79,KEL-132,KEL-142	0	0	0		https://electronjs.org/docs/api/navigation-history
NavigationHistory	Class	canGoToOffset	instance-method	main	all			F03-webcontents-navigation	1	UNSUPPORTED	@keld/electron + keld-wv + keld-compat (webContents routing)	KEL-79,KEL-132,KEL-142	0	0	0		https://electronjs.org/docs/api/navigation-history
NavigationHistory	Class	clear	instance-method	main	all			F03-webcontents-navigation	1	UNSUPPORTED	@keld/electron + keld-wv + keld-compat (webContents routing)	KEL-79,KEL-132,KEL-142	0	0	0		https://electronjs.org/docs/api/navigation-history
NavigationHistory	Class	getActiveIndex	instance-method	main	all			F03-webcontents-navigation	1	UNSUPPORTED	@keld/electron + keld-wv + keld-compat (webContents routing)	KEL-79,KEL-132,KEL-142	0	0	0		https://electronjs.org/docs/api/navigation-history
NavigationHistory	Class	getEntryAtIndex	instance-method	main	all			F03-webcontents-navigation	1	UNSUPPORTED	@keld/electron + keld-wv + keld-compat (webContents routing)	KEL-79,KEL-132,KEL-142	0	0	0		https://electronjs.org/docs/api/navigation-history
NavigationHistory	Class	goBack	instance-method	main	all			F03-webcontents-navigation	1	UNSUPPORTED	@keld/electron + keld-wv + keld-compat (webContents routing)	KEL-79,KEL-132,KEL-142	0	0	0		https://electronjs.org/docs/api/navigation-history
NavigationHistory	Class	goForward	instance-method	main	all			F03-webcontents-navigation	1	UNSUPPORTED	@keld/electron + keld-wv + keld-compat (webContents routing)	KEL-79,KEL-132,KEL-142	0	0	0		https://electronjs.org/docs/api/navigation-history
NavigationHistory	Class	goToIndex	instance-method	main	all			F03-webcontents-navigation	1	UNSUPPORTED	@keld/electron + keld-wv + keld-compat (webContents routing)	KEL-79,KEL-132,KEL-142	0	0	0		https://electronjs.org/docs/api/navigation-history
NavigationHistory	Class	goToOffset	instance-method	main	all			F03-webcontents-navigation	1	UNSUPPORTED	@keld/electron + keld-wv + keld-compat (webContents routing)	KEL-79,KEL-132,KEL-142	0	0	0		https://electronjs.org/docs/api/navigation-history
NavigationHistory	Class	length	instance-method	main	all			F03-webcontents-navigation	1	UNSUPPORTED	@keld/electron + keld-wv + keld-compat (webContents routing)	KEL-79,KEL-132,KEL-142	0	0	0		https://electronjs.org/docs/api/navigation-history
NavigationHistory	Class	removeEntryAtIndex	instance-method	main	all			F03-webcontents-navigation	1	UNSUPPORTED	@keld/electron + keld-wv + keld-compat (webContents routing)	KEL-79,KEL-132,KEL-142	0	0	0		https://electronjs.org/docs/api/navigation-history
NavigationHistory	Class	getAllEntries	instance-method	main	all			F03-webcontents-navigation	1	UNSUPPORTED	@keld/electron + keld-wv + keld-compat (webContents routing)	KEL-79,KEL-132,KEL-142	0	0	0		https://electronjs.org/docs/api/navigation-history
NavigationHistory	Class	restore	instance-method	main	all			F03-webcontents-navigation	1	UNSUPPORTED	@keld/electron + keld-wv + keld-compat (webContents routing)	KEL-79,KEL-132,KEL-142	0	0	0		https://electronjs.org/docs/api/navigation-history
netLog	Module	startLogging	method	main	all			F05-session-network-protocol	3	UNSUPPORTED	keld-compat host emulation + keld-wv + keld-guard net scopes	KEL-79,KEL-135,KEL-74	0	0	0		https://electronjs.org/docs/api/net-log
netLog	Module	stopLogging	method	main	all			F05-session-network-protocol	3	UNSUPPORTED	keld-compat host emulation + keld-wv + keld-guard net scopes	KEL-79,KEL-135,KEL-74	0	0	0		https://electronjs.org/docs/api/net-log
netLog	Module	currentlyLogging	property	main	all	availability_readonly		F05-session-network-protocol	3	UNSUPPORTED	keld-compat host emulation + keld-wv + keld-guard net scopes	KEL-79,KEL-135,KEL-74	0	0	0		https://electronjs.org/docs/api/net-log
net	Module	request	method	main/utility	all			F05-session-network-protocol	3	UNSUPPORTED	keld-compat host emulation + keld-wv + keld-guard net scopes	KEL-79,KEL-135,KEL-74	0	0	0		https://electronjs.org/docs/api/net
net	Module	fetch	method	main/utility	all			F05-session-network-protocol	3	UNSUPPORTED	keld-compat host emulation + keld-wv + keld-guard net scopes	KEL-79,KEL-135,KEL-74	0	0	0		https://electronjs.org/docs/api/net
net	Module	isOnline	method	main/utility	all			F05-session-network-protocol	3	UNSUPPORTED	keld-compat host emulation + keld-wv + keld-guard net scopes	KEL-79,KEL-135,KEL-74	0	0	0		https://electronjs.org/docs/api/net
net	Module	resolveHost	method	main/utility	all			F05-session-network-protocol	3	UNSUPPORTED	keld-compat host emulation + keld-wv + keld-guard net scopes	KEL-79,KEL-135,KEL-74	0	0	0		https://electronjs.org/docs/api/net
net	Module	online	property	main/utility	all	availability_readonly		F05-session-network-protocol	3	UNSUPPORTED	keld-compat host emulation + keld-wv + keld-guard net scopes	KEL-79,KEL-135,KEL-74	0	0	0		https://electronjs.org/docs/api/net
net	Module	WebSocket	property	main/utility	all			F05-session-network-protocol	3	UNSUPPORTED	keld-compat host emulation + keld-wv + keld-guard net scopes	KEL-79,KEL-135,KEL-74	0	0	0		https://electronjs.org/docs/api/net
Notification	Class	show	instance-method	main	all			F06-native-desktop	1	UNSUPPORTED	keld-native brokers + keld-guard system grants + @keld/api	KEL-71,KEL-130,KEL-102,KEL-89,KEL-76	1	18	0		https://electronjs.org/docs/api/notification
Notification	Class	close	instance-method	main	all			F06-native-desktop	1	UNSUPPORTED	keld-native brokers + keld-guard system grants + @keld/api	KEL-71,KEL-130,KEL-102,KEL-89,KEL-76	14	82	0		https://electronjs.org/docs/api/notification
Notification	Class	isSupported	static-method	main	all			F06-native-desktop	1	UNSUPPORTED	keld-native brokers + keld-guard system grants + @keld/api	KEL-71,KEL-130,KEL-102,KEL-89,KEL-76	0	0	0		https://electronjs.org/docs/api/notification
Notification	Class	handleActivation	static-method	main	windows			F06-native-desktop	1	UNSUPPORTED	keld-native brokers + keld-guard system grants + @keld/api	KEL-71,KEL-130,KEL-102,KEL-89,KEL-76	0	0	0		https://electronjs.org/docs/api/notification
Notification	Class	getHistory	static-method	main	macos			F06-native-desktop	1	UNSUPPORTED	keld-native brokers + keld-guard system grants + @keld/api	KEL-71,KEL-130,KEL-102,KEL-89,KEL-76	0	0	0		https://electronjs.org/docs/api/notification
Notification	Class	remove	static-method	main	macos			F06-native-desktop	1	UNSUPPORTED	keld-native brokers + keld-guard system grants + @keld/api	KEL-71,KEL-130,KEL-102,KEL-89,KEL-76	0	12	0		https://electronjs.org/docs/api/notification
Notification	Class	removeAll	static-method	main	macos			F06-native-desktop	1	UNSUPPORTED	keld-native brokers + keld-guard system grants + @keld/api	KEL-71,KEL-130,KEL-102,KEL-89,KEL-76	0	0	0		https://electronjs.org/docs/api/notification
Notification	Class	removeGroup	static-method	main	macos			F06-native-desktop	1	UNSUPPORTED	keld-native brokers + keld-guard system grants + @keld/api	KEL-71,KEL-130,KEL-102,KEL-89,KEL-76	0	0	0		https://electronjs.org/docs/api/notification
Notification	Class	show	instance-event	main	all			F06-native-desktop	1	UNSUPPORTED	keld-native brokers + keld-guard system grants + @keld/api	KEL-71,KEL-130,KEL-102,KEL-89,KEL-76	1	18	0		https://electronjs.org/docs/api/notification
Notification	Class	click	instance-event	main	all			F06-native-desktop	1	UNSUPPORTED	keld-native brokers + keld-guard system grants + @keld/api	KEL-71,KEL-130,KEL-102,KEL-89,KEL-76	0	25	0		https://electronjs.org/docs/api/notification
Notification	Class	close	instance-event	main	all			F06-native-desktop	1	UNSUPPORTED	keld-native brokers + keld-guard system grants + @keld/api	KEL-71,KEL-130,KEL-102,KEL-89,KEL-76	14	82	0		https://electronjs.org/docs/api/notification
Notification	Class	reply	instance-event	main	macos,windows			F06-native-desktop	1	UNSUPPORTED	keld-native brokers + keld-guard system grants + @keld/api	KEL-71,KEL-130,KEL-102,KEL-89,KEL-76	0	0	0		https://electronjs.org/docs/api/notification
Notification	Class	action	instance-event	main	macos,windows			F06-native-desktop	1	UNSUPPORTED	keld-native brokers + keld-guard system grants + @keld/api	KEL-71,KEL-130,KEL-102,KEL-89,KEL-76	0	0	0		https://electronjs.org/docs/api/notification
Notification	Class	failed	instance-event	main	macos,windows			F06-native-desktop	1	UNSUPPORTED	keld-native brokers + keld-guard system grants + @keld/api	KEL-71,KEL-130,KEL-102,KEL-89,KEL-76	0	0	0		https://electronjs.org/docs/api/notification
Notification	Class	id	instance-property	main	macos,windows	availability_readonly		F06-native-desktop	1	UNSUPPORTED	keld-native brokers + keld-guard system grants + @keld/api	KEL-71,KEL-130,KEL-102,KEL-89,KEL-76	0	0	0		https://electronjs.org/docs/api/notification
Notification	Class	groupId	instance-property	main	macos,windows	availability_readonly		F06-native-desktop	1	UNSUPPORTED	keld-native brokers + keld-guard system grants + @keld/api	KEL-71,KEL-130,KEL-102,KEL-89,KEL-76	0	0	0		https://electronjs.org/docs/api/notification
Notification	Class	groupTitle	instance-property	main	windows	availability_readonly		F06-native-desktop	1	UNSUPPORTED	keld-native brokers + keld-guard system grants + @keld/api	KEL-71,KEL-130,KEL-102,KEL-89,KEL-76	0	0	0		https://electronjs.org/docs/api/notification
Notification	Class	title	instance-property	main	all			F06-native-desktop	1	UNSUPPORTED	keld-native brokers + keld-guard system grants + @keld/api	KEL-71,KEL-130,KEL-102,KEL-89,KEL-76	0	0	0		https://electronjs.org/docs/api/notification
Notification	Class	subtitle	instance-property	main	all			F06-native-desktop	1	UNSUPPORTED	keld-native brokers + keld-guard system grants + @keld/api	KEL-71,KEL-130,KEL-102,KEL-89,KEL-76	0	0	0		https://electronjs.org/docs/api/notification
Notification	Class	body	instance-property	main	all			F06-native-desktop	1	UNSUPPORTED	keld-native brokers + keld-guard system grants + @keld/api	KEL-71,KEL-130,KEL-102,KEL-89,KEL-76	0	0	0		https://electronjs.org/docs/api/notification
Notification	Class	replyPlaceholder	instance-property	main	all			F06-native-desktop	1	UNSUPPORTED	keld-native brokers + keld-guard system grants + @keld/api	KEL-71,KEL-130,KEL-102,KEL-89,KEL-76	0	0	0		https://electronjs.org/docs/api/notification
Notification	Class	sound	instance-property	main	all			F06-native-desktop	1	UNSUPPORTED	keld-native brokers + keld-guard system grants + @keld/api	KEL-71,KEL-130,KEL-102,KEL-89,KEL-76	0	0	0		https://electronjs.org/docs/api/notification
Notification	Class	closeButtonText	instance-property	main	all			F06-native-desktop	1	UNSUPPORTED	keld-native brokers + keld-guard system grants + @keld/api	KEL-71,KEL-130,KEL-102,KEL-89,KEL-76	0	0	0		https://electronjs.org/docs/api/notification
Notification	Class	silent	instance-property	main	all			F06-native-desktop	1	UNSUPPORTED	keld-native brokers + keld-guard system grants + @keld/api	KEL-71,KEL-130,KEL-102,KEL-89,KEL-76	0	0	0		https://electronjs.org/docs/api/notification
Notification	Class	hasReply	instance-property	main	all			F06-native-desktop	1	UNSUPPORTED	keld-native brokers + keld-guard system grants + @keld/api	KEL-71,KEL-130,KEL-102,KEL-89,KEL-76	0	0	0		https://electronjs.org/docs/api/notification
Notification	Class	urgency	instance-property	main	linux			F06-native-desktop	1	UNSUPPORTED	keld-native brokers + keld-guard system grants + @keld/api	KEL-71,KEL-130,KEL-102,KEL-89,KEL-76	0	0	0		https://electronjs.org/docs/api/notification
Notification	Class	timeoutType	instance-property	main	linux,windows			F06-native-desktop	1	UNSUPPORTED	keld-native brokers + keld-guard system grants + @keld/api	KEL-71,KEL-130,KEL-102,KEL-89,KEL-76	0	0	0		https://electronjs.org/docs/api/notification
Notification	Class	actions	instance-property	main	all			F06-native-desktop	1	UNSUPPORTED	keld-native brokers + keld-guard system grants + @keld/api	KEL-71,KEL-130,KEL-102,KEL-89,KEL-76	0	0	0		https://electronjs.org/docs/api/notification
Notification	Class	toastXml	instance-property	main	windows			F06-native-desktop	1	UNSUPPORTED	keld-native brokers + keld-guard system grants + @keld/api	KEL-71,KEL-130,KEL-102,KEL-89,KEL-76	0	0	0		https://electronjs.org/docs/api/notification
Notification	Class	constructor	constructor	main	all			F06-native-desktop	1	UNSUPPORTED	keld-native brokers + keld-guard system grants + @keld/api	KEL-71,KEL-130,KEL-102,KEL-89,KEL-76	0	0	0		https://electronjs.org/docs/api/notification
parentPort	Module	postMessage	method	utility	all			F04-ipc-bridge	2	UNSUPPORTED	@keld/electron (main+renderer shim) + kipc + keld-runtime roles/virtual ports	KEL-80,KEL-75,KEL-136,KEL-98,KEL-142	0	0	0		https://electronjs.org/docs/api/parent-port
parentPort	Module	message	event	utility	all			F04-ipc-bridge	2	UNSUPPORTED	@keld/electron (main+renderer shim) + kipc + keld-runtime roles/virtual ports	KEL-80,KEL-75,KEL-136,KEL-98,KEL-142	0	0	0		https://electronjs.org/docs/api/parent-port
powerMonitor	Module	getSystemIdleState	method	main	all			F06-native-desktop	2	UNSUPPORTED	keld-native brokers + keld-guard system grants + @keld/api	KEL-71,KEL-130,KEL-102,KEL-89,KEL-76	0	0	0		https://electronjs.org/docs/api/power-monitor
powerMonitor	Module	getSystemIdleTime	method	main	all			F06-native-desktop	2	UNSUPPORTED	keld-native brokers + keld-guard system grants + @keld/api	KEL-71,KEL-130,KEL-102,KEL-89,KEL-76	0	0	0		https://electronjs.org/docs/api/power-monitor
powerMonitor	Module	getCurrentThermalState	method	main	macos			F06-native-desktop	2	UNSUPPORTED	keld-native brokers + keld-guard system grants + @keld/api	KEL-71,KEL-130,KEL-102,KEL-89,KEL-76	0	0	0		https://electronjs.org/docs/api/power-monitor
powerMonitor	Module	isOnBatteryPower	method	main	all			F06-native-desktop	2	UNSUPPORTED	keld-native brokers + keld-guard system grants + @keld/api	KEL-71,KEL-130,KEL-102,KEL-89,KEL-76	0	0	0		https://electronjs.org/docs/api/power-monitor
powerMonitor	Module	suspend	event	main	all			F06-native-desktop	2	UNSUPPORTED	keld-native brokers + keld-guard system grants + @keld/api	KEL-71,KEL-130,KEL-102,KEL-89,KEL-76	0	0	0		https://electronjs.org/docs/api/power-monitor
powerMonitor	Module	resume	event	main	all			F06-native-desktop	2	UNSUPPORTED	keld-native brokers + keld-guard system grants + @keld/api	KEL-71,KEL-130,KEL-102,KEL-89,KEL-76	0	0	0		https://electronjs.org/docs/api/power-monitor
powerMonitor	Module	on-ac	event	main	macos,windows			F06-native-desktop	2	UNSUPPORTED	keld-native brokers + keld-guard system grants + @keld/api	KEL-71,KEL-130,KEL-102,KEL-89,KEL-76	0	0	0		https://electronjs.org/docs/api/power-monitor
powerMonitor	Module	on-battery	event	main	macos			F06-native-desktop	2	UNSUPPORTED	keld-native brokers + keld-guard system grants + @keld/api	KEL-71,KEL-130,KEL-102,KEL-89,KEL-76	0	0	0		https://electronjs.org/docs/api/power-monitor
powerMonitor	Module	thermal-state-change	event	main	macos			F06-native-desktop	2	UNSUPPORTED	keld-native brokers + keld-guard system grants + @keld/api	KEL-71,KEL-130,KEL-102,KEL-89,KEL-76	0	0	0		https://electronjs.org/docs/api/power-monitor
powerMonitor	Module	speed-limit-change	event	main	macos,windows			F06-native-desktop	2	UNSUPPORTED	keld-native brokers + keld-guard system grants + @keld/api	KEL-71,KEL-130,KEL-102,KEL-89,KEL-76	0	0	0		https://electronjs.org/docs/api/power-monitor
powerMonitor	Module	shutdown	event	main	linux,macos			F06-native-desktop	2	UNSUPPORTED	keld-native brokers + keld-guard system grants + @keld/api	KEL-71,KEL-130,KEL-102,KEL-89,KEL-76	0	0	0		https://electronjs.org/docs/api/power-monitor
powerMonitor	Module	lock-screen	event	main	macos,windows			F06-native-desktop	2	UNSUPPORTED	keld-native brokers + keld-guard system grants + @keld/api	KEL-71,KEL-130,KEL-102,KEL-89,KEL-76	0	0	0		https://electronjs.org/docs/api/power-monitor
powerMonitor	Module	unlock-screen	event	main	macos,windows			F06-native-desktop	2	UNSUPPORTED	keld-native brokers + keld-guard system grants + @keld/api	KEL-71,KEL-130,KEL-102,KEL-89,KEL-76	0	0	0		https://electronjs.org/docs/api/power-monitor
powerMonitor	Module	user-did-become-active	event	main	macos			F06-native-desktop	2	UNSUPPORTED	keld-native brokers + keld-guard system grants + @keld/api	KEL-71,KEL-130,KEL-102,KEL-89,KEL-76	0	0	0		https://electronjs.org/docs/api/power-monitor
powerMonitor	Module	user-did-resign-active	event	main	macos			F06-native-desktop	2	UNSUPPORTED	keld-native brokers + keld-guard system grants + @keld/api	KEL-71,KEL-130,KEL-102,KEL-89,KEL-76	0	0	0		https://electronjs.org/docs/api/power-monitor
powerMonitor	Module	onBatteryPower	property	main	all			F06-native-desktop	2	UNSUPPORTED	keld-native brokers + keld-guard system grants + @keld/api	KEL-71,KEL-130,KEL-102,KEL-89,KEL-76	0	0	0		https://electronjs.org/docs/api/power-monitor
powerSaveBlocker	Module	start	method	main	all			F06-native-desktop	2	UNSUPPORTED	keld-native brokers + keld-guard system grants + @keld/api	KEL-71,KEL-130,KEL-102,KEL-89,KEL-76	0	0	0		https://electronjs.org/docs/api/power-save-blocker
powerSaveBlocker	Module	stop	method	main	all			F06-native-desktop	2	UNSUPPORTED	keld-native brokers + keld-guard system grants + @keld/api	KEL-71,KEL-130,KEL-102,KEL-89,KEL-76	0	0	0		https://electronjs.org/docs/api/power-save-blocker
powerSaveBlocker	Module	isStarted	method	main	all			F06-native-desktop	2	UNSUPPORTED	keld-native brokers + keld-guard system grants + @keld/api	KEL-71,KEL-130,KEL-102,KEL-89,KEL-76	0	0	0		https://electronjs.org/docs/api/power-save-blocker
process	Module	crash	method	main/renderer	all			F01-app-lifecycle	1	UNSUPPORTED	@keld/electron + @keld/api + keld-core lifecycle + keld-native(deeplink/autostart/dock)	KEL-72,KEL-142,KEL-139	0	0	0		https://electronjs.org/docs/api/process
process	Module	getCreationTime	method	main/renderer	all			F01-app-lifecycle	1	UNSUPPORTED	@keld/electron + @keld/api + keld-core lifecycle + keld-native(deeplink/autostart/dock)	KEL-72,KEL-142,KEL-139	0	0	0		https://electronjs.org/docs/api/process
process	Module	getCPUUsage	method	main/renderer	all			F01-app-lifecycle	1	UNSUPPORTED	@keld/electron + @keld/api + keld-core lifecycle + keld-native(deeplink/autostart/dock)	KEL-72,KEL-142,KEL-139	0	0	0		https://electronjs.org/docs/api/process
process	Module	getHeapStatistics	method	main/renderer	all			F01-app-lifecycle	1	UNSUPPORTED	@keld/electron + @keld/api + keld-core lifecycle + keld-native(deeplink/autostart/dock)	KEL-72,KEL-142,KEL-139	0	0	0		https://electronjs.org/docs/api/process
process	Module	getBlinkMemoryInfo	method	main/renderer	all			F01-app-lifecycle	1	UNSUPPORTED	@keld/electron + @keld/api + keld-core lifecycle + keld-native(deeplink/autostart/dock)	KEL-72,KEL-142,KEL-139	0	0	0		https://electronjs.org/docs/api/process
process	Module	getProcessMemoryInfo	method	main/renderer	all			F01-app-lifecycle	1	UNSUPPORTED	@keld/electron + @keld/api + keld-core lifecycle + keld-native(deeplink/autostart/dock)	KEL-72,KEL-142,KEL-139	0	0	0		https://electronjs.org/docs/api/process
process	Module	getSystemMemoryInfo	method	main/renderer	all			F01-app-lifecycle	1	UNSUPPORTED	@keld/electron + @keld/api + keld-core lifecycle + keld-native(deeplink/autostart/dock)	KEL-72,KEL-142,KEL-139	0	0	0		https://electronjs.org/docs/api/process
process	Module	getSystemVersion	method	main/renderer	all			F01-app-lifecycle	1	UNSUPPORTED	@keld/electron + @keld/api + keld-core lifecycle + keld-native(deeplink/autostart/dock)	KEL-72,KEL-142,KEL-139	0	0	0		https://electronjs.org/docs/api/process
process	Module	takeHeapSnapshot	method	main/renderer	all			F01-app-lifecycle	1	UNSUPPORTED	@keld/electron + @keld/api + keld-core lifecycle + keld-native(deeplink/autostart/dock)	KEL-72,KEL-142,KEL-139	0	0	0		https://electronjs.org/docs/api/process
process	Module	hang	method	main/renderer	all			F01-app-lifecycle	1	UNSUPPORTED	@keld/electron + @keld/api + keld-core lifecycle + keld-native(deeplink/autostart/dock)	KEL-72,KEL-142,KEL-139	0	0	0		https://electronjs.org/docs/api/process
process	Module	setFdLimit	method	main/renderer	macos,linux			F01-app-lifecycle	1	UNSUPPORTED	@keld/electron + @keld/api + keld-core lifecycle + keld-native(deeplink/autostart/dock)	KEL-72,KEL-142,KEL-139	0	0	0		https://electronjs.org/docs/api/process
process	Module	loaded	event	main/renderer	all			F01-app-lifecycle	1	UNSUPPORTED	@keld/electron + @keld/api + keld-core lifecycle + keld-native(deeplink/autostart/dock)	KEL-72,KEL-142,KEL-139	0	0	0		https://electronjs.org/docs/api/process
process	Module	defaultApp	property	main/renderer	all	availability_readonly		F01-app-lifecycle	1	UNSUPPORTED	@keld/electron + @keld/api + keld-core lifecycle + keld-native(deeplink/autostart/dock)	KEL-72,KEL-142,KEL-139	0	0	0		https://electronjs.org/docs/api/process
process	Module	isMainFrame	property	main/renderer	all	availability_readonly		F01-app-lifecycle	1	UNSUPPORTED	@keld/electron + @keld/api + keld-core lifecycle + keld-native(deeplink/autostart/dock)	KEL-72,KEL-142,KEL-139	0	0	0		https://electronjs.org/docs/api/process
process	Module	mas	property	main/renderer	all	availability_readonly		F01-app-lifecycle	1	UNSUPPORTED	@keld/electron + @keld/api + keld-core lifecycle + keld-native(deeplink/autostart/dock)	KEL-72,KEL-142,KEL-139	0	0	0		https://electronjs.org/docs/api/process
process	Module	noAsar	property	main/renderer	all			F01-app-lifecycle	1	UNSUPPORTED	@keld/electron + @keld/api + keld-core lifecycle + keld-native(deeplink/autostart/dock)	KEL-72,KEL-142,KEL-139	0	0	0		https://electronjs.org/docs/api/process
process	Module	noDeprecation	property	main/renderer	all			F01-app-lifecycle	1	UNSUPPORTED	@keld/electron + @keld/api + keld-core lifecycle + keld-native(deeplink/autostart/dock)	KEL-72,KEL-142,KEL-139	0	0	0		https://electronjs.org/docs/api/process
process	Module	resourcesPath	property	main/renderer	all	availability_readonly		F01-app-lifecycle	1	UNSUPPORTED	@keld/electron + @keld/api + keld-core lifecycle + keld-native(deeplink/autostart/dock)	KEL-72,KEL-142,KEL-139	0	0	0		https://electronjs.org/docs/api/process
process	Module	sandboxed	property	main/renderer	all	availability_readonly		F01-app-lifecycle	1	UNSUPPORTED	@keld/electron + @keld/api + keld-core lifecycle + keld-native(deeplink/autostart/dock)	KEL-72,KEL-142,KEL-139	0	0	0		https://electronjs.org/docs/api/process
process	Module	contextIsolated	property	main/renderer	all	availability_readonly		F01-app-lifecycle	1	UNSUPPORTED	@keld/electron + @keld/api + keld-core lifecycle + keld-native(deeplink/autostart/dock)	KEL-72,KEL-142,KEL-139	0	0	0		https://electronjs.org/docs/api/process
process	Module	throwDeprecation	property	main/renderer	all			F01-app-lifecycle	1	UNSUPPORTED	@keld/electron + @keld/api + keld-core lifecycle + keld-native(deeplink/autostart/dock)	KEL-72,KEL-142,KEL-139	0	0	0		https://electronjs.org/docs/api/process
process	Module	traceDeprecation	property	main/renderer	all			F01-app-lifecycle	1	UNSUPPORTED	@keld/electron + @keld/api + keld-core lifecycle + keld-native(deeplink/autostart/dock)	KEL-72,KEL-142,KEL-139	0	0	0		https://electronjs.org/docs/api/process
process	Module	traceProcessWarnings	property	main/renderer	all			F01-app-lifecycle	1	UNSUPPORTED	@keld/electron + @keld/api + keld-core lifecycle + keld-native(deeplink/autostart/dock)	KEL-72,KEL-142,KEL-139	0	0	0		https://electronjs.org/docs/api/process
process	Module	type	property	main/renderer	all	availability_readonly		F01-app-lifecycle	1	SCAFFOLDED	@keld/electron + @keld/api + keld-core lifecycle + keld-native(deeplink/autostart/dock)	KEL-72,KEL-142,KEL-139	0	0	0		https://electronjs.org/docs/api/process
process	Module	chrome	property	main/renderer	all	availability_readonly		F01-app-lifecycle	1	UNSUPPORTED	@keld/electron + @keld/api + keld-core lifecycle + keld-native(deeplink/autostart/dock)	KEL-72,KEL-142,KEL-139	0	0	0		https://electronjs.org/docs/api/process
process	Module	electron	property	main/renderer	all	availability_readonly		F01-app-lifecycle	1	UNSUPPORTED	@keld/electron + @keld/api + keld-core lifecycle + keld-native(deeplink/autostart/dock)	KEL-72,KEL-142,KEL-139	0	0	0		https://electronjs.org/docs/api/process
process	Module	windowsStore	property	main/renderer	all	availability_readonly		F01-app-lifecycle	1	UNSUPPORTED	@keld/electron + @keld/api + keld-core lifecycle + keld-native(deeplink/autostart/dock)	KEL-72,KEL-142,KEL-139	0	0	0		https://electronjs.org/docs/api/process
process	Module	contextId	property	main/renderer	all	availability_readonly		F01-app-lifecycle	1	UNSUPPORTED	@keld/electron + @keld/api + keld-core lifecycle + keld-native(deeplink/autostart/dock)	KEL-72,KEL-142,KEL-139	0	0	0		https://electronjs.org/docs/api/process
process	Module	parentPort	property	main/renderer	all			F01-app-lifecycle	1	UNSUPPORTED	@keld/electron + @keld/api + keld-core lifecycle + keld-native(deeplink/autostart/dock)	KEL-72,KEL-142,KEL-139	0	0	0		https://electronjs.org/docs/api/process
protocol	Module	registerSchemesAsPrivileged	method	main	all			F05-session-network-protocol	2	UNSUPPORTED	keld-compat host emulation + keld-wv + keld-guard net scopes	KEL-79,KEL-135,KEL-74	0	0	0		https://electronjs.org/docs/api/protocol
protocol	Module	handle	method	main	all			F05-session-network-protocol	2	UNSUPPORTED	keld-compat host emulation + keld-wv + keld-guard net scopes	KEL-79,KEL-135,KEL-74	0	26	0		https://electronjs.org/docs/api/protocol
protocol	Module	unhandle	method	main	all			F05-session-network-protocol	2	UNSUPPORTED	keld-compat host emulation + keld-wv + keld-guard net scopes	KEL-79,KEL-135,KEL-74	0	0	0		https://electronjs.org/docs/api/protocol
protocol	Module	isProtocolHandled	method	main	all			F05-session-network-protocol	2	UNSUPPORTED	keld-compat host emulation + keld-wv + keld-guard net scopes	KEL-79,KEL-135,KEL-74	0	0	0		https://electronjs.org/docs/api/protocol
protocol	Module	registerFileProtocol	method	main	all	stability_deprecated		F05-session-network-protocol	2	UNSUPPORTED	keld-compat host emulation + keld-wv + keld-guard net scopes	KEL-79,KEL-135,KEL-74	0	0	0		https://electronjs.org/docs/api/protocol
protocol	Module	registerBufferProtocol	method	main	all	stability_deprecated		F05-session-network-protocol	2	UNSUPPORTED	keld-compat host emulation + keld-wv + keld-guard net scopes	KEL-79,KEL-135,KEL-74	0	0	0		https://electronjs.org/docs/api/protocol
protocol	Module	registerStringProtocol	method	main	all	stability_deprecated		F05-session-network-protocol	2	UNSUPPORTED	keld-compat host emulation + keld-wv + keld-guard net scopes	KEL-79,KEL-135,KEL-74	0	0	0		https://electronjs.org/docs/api/protocol
protocol	Module	registerHttpProtocol	method	main	all	stability_deprecated		F05-session-network-protocol	2	UNSUPPORTED	keld-compat host emulation + keld-wv + keld-guard net scopes	KEL-79,KEL-135,KEL-74	0	0	0		https://electronjs.org/docs/api/protocol
protocol	Module	registerStreamProtocol	method	main	all	stability_deprecated		F05-session-network-protocol	2	UNSUPPORTED	keld-compat host emulation + keld-wv + keld-guard net scopes	KEL-79,KEL-135,KEL-74	0	0	0		https://electronjs.org/docs/api/protocol
protocol	Module	unregisterProtocol	method	main	all	stability_deprecated		F05-session-network-protocol	2	UNSUPPORTED	keld-compat host emulation + keld-wv + keld-guard net scopes	KEL-79,KEL-135,KEL-74	0	0	0		https://electronjs.org/docs/api/protocol
protocol	Module	isProtocolRegistered	method	main	all	stability_deprecated		F05-session-network-protocol	2	UNSUPPORTED	keld-compat host emulation + keld-wv + keld-guard net scopes	KEL-79,KEL-135,KEL-74	0	0	0		https://electronjs.org/docs/api/protocol
protocol	Module	interceptFileProtocol	method	main	all	stability_deprecated		F05-session-network-protocol	2	UNSUPPORTED	keld-compat host emulation + keld-wv + keld-guard net scopes	KEL-79,KEL-135,KEL-74	0	0	0		https://electronjs.org/docs/api/protocol
protocol	Module	interceptStringProtocol	method	main	all	stability_deprecated		F05-session-network-protocol	2	UNSUPPORTED	keld-compat host emulation + keld-wv + keld-guard net scopes	KEL-79,KEL-135,KEL-74	0	0	0		https://electronjs.org/docs/api/protocol
protocol	Module	interceptBufferProtocol	method	main	all	stability_deprecated		F05-session-network-protocol	2	UNSUPPORTED	keld-compat host emulation + keld-wv + keld-guard net scopes	KEL-79,KEL-135,KEL-74	0	0	0		https://electronjs.org/docs/api/protocol
protocol	Module	interceptHttpProtocol	method	main	all	stability_deprecated		F05-session-network-protocol	2	UNSUPPORTED	keld-compat host emulation + keld-wv + keld-guard net scopes	KEL-79,KEL-135,KEL-74	0	0	0		https://electronjs.org/docs/api/protocol
protocol	Module	interceptStreamProtocol	method	main	all	stability_deprecated		F05-session-network-protocol	2	UNSUPPORTED	keld-compat host emulation + keld-wv + keld-guard net scopes	KEL-79,KEL-135,KEL-74	0	0	0		https://electronjs.org/docs/api/protocol
protocol	Module	uninterceptProtocol	method	main	all	stability_deprecated		F05-session-network-protocol	2	UNSUPPORTED	keld-compat host emulation + keld-wv + keld-guard net scopes	KEL-79,KEL-135,KEL-74	0	0	0		https://electronjs.org/docs/api/protocol
protocol	Module	isProtocolIntercepted	method	main	all	stability_deprecated		F05-session-network-protocol	2	UNSUPPORTED	keld-compat host emulation + keld-wv + keld-guard net scopes	KEL-79,KEL-135,KEL-74	0	0	0		https://electronjs.org/docs/api/protocol
pushNotifications	Module	registerForAPNSNotifications	method	main	macos			F06-native-desktop	2	UNSUPPORTED	keld-native brokers + keld-guard system grants + @keld/api	KEL-71,KEL-130,KEL-102,KEL-89,KEL-76	0	0	0		https://electronjs.org/docs/api/push-notifications
pushNotifications	Module	unregisterForAPNSNotifications	method	main	macos			F06-native-desktop	2	UNSUPPORTED	keld-native brokers + keld-guard system grants + @keld/api	KEL-71,KEL-130,KEL-102,KEL-89,KEL-76	0	0	0		https://electronjs.org/docs/api/push-notifications
pushNotifications	Module	received-apns-notification	event	main	macos			F06-native-desktop	2	UNSUPPORTED	keld-native brokers + keld-guard system grants + @keld/api	KEL-71,KEL-130,KEL-102,KEL-89,KEL-76	0	0	0		https://electronjs.org/docs/api/push-notifications
safeStorage	Module	isEncryptionAvailable	method	main	all			F06-native-desktop	2	UNSUPPORTED	keld-native brokers + keld-guard system grants + @keld/api	KEL-71,KEL-130,KEL-102,KEL-89,KEL-76	0	0	0		https://electronjs.org/docs/api/safe-storage
safeStorage	Module	isAsyncEncryptionAvailable	method	main	all			F06-native-desktop	2	UNSUPPORTED	keld-native brokers + keld-guard system grants + @keld/api	KEL-71,KEL-130,KEL-102,KEL-89,KEL-76	0	0	0		https://electronjs.org/docs/api/safe-storage
safeStorage	Module	encryptString	method	main	all			F06-native-desktop	2	UNSUPPORTED	keld-native brokers + keld-guard system grants + @keld/api	KEL-71,KEL-130,KEL-102,KEL-89,KEL-76	0	0	0		https://electronjs.org/docs/api/safe-storage
safeStorage	Module	decryptString	method	main	all			F06-native-desktop	2	UNSUPPORTED	keld-native brokers + keld-guard system grants + @keld/api	KEL-71,KEL-130,KEL-102,KEL-89,KEL-76	0	0	0		https://electronjs.org/docs/api/safe-storage
safeStorage	Module	encryptStringAsync	method	main	all			F06-native-desktop	2	UNSUPPORTED	keld-native brokers + keld-guard system grants + @keld/api	KEL-71,KEL-130,KEL-102,KEL-89,KEL-76	0	0	0		https://electronjs.org/docs/api/safe-storage
safeStorage	Module	decryptStringAsync	method	main	all			F06-native-desktop	2	UNSUPPORTED	keld-native brokers + keld-guard system grants + @keld/api	KEL-71,KEL-130,KEL-102,KEL-89,KEL-76	0	0	0		https://electronjs.org/docs/api/safe-storage
safeStorage	Module	setUsePlainTextEncryption	method	main	all			F06-native-desktop	2	UNSUPPORTED	keld-native brokers + keld-guard system grants + @keld/api	KEL-71,KEL-130,KEL-102,KEL-89,KEL-76	0	0	0		https://electronjs.org/docs/api/safe-storage
safeStorage	Module	getSelectedStorageBackend	method	main	linux			F06-native-desktop	2	UNSUPPORTED	keld-native brokers + keld-guard system grants + @keld/api	KEL-71,KEL-130,KEL-102,KEL-89,KEL-76	0	0	0		https://electronjs.org/docs/api/safe-storage
screen	Module	getCursorScreenPoint	method	main	all			F06-native-desktop	1	UNSUPPORTED	keld-native brokers + keld-guard system grants + @keld/api	KEL-71,KEL-130,KEL-102,KEL-89,KEL-76	0	0	0		https://electronjs.org/docs/api/screen
screen	Module	getPrimaryDisplay	method	main	all			F06-native-desktop	1	UNSUPPORTED	keld-native brokers + keld-guard system grants + @keld/api	KEL-71,KEL-130,KEL-102,KEL-89,KEL-76	1	7	0		https://electronjs.org/docs/api/screen
screen	Module	getAllDisplays	method	main	all			F06-native-desktop	1	UNSUPPORTED	keld-native brokers + keld-guard system grants + @keld/api	KEL-71,KEL-130,KEL-102,KEL-89,KEL-76	1	0	0		https://electronjs.org/docs/api/screen
screen	Module	getDisplayNearestPoint	method	main	all			F06-native-desktop	1	UNSUPPORTED	keld-native brokers + keld-guard system grants + @keld/api	KEL-71,KEL-130,KEL-102,KEL-89,KEL-76	0	0	0		https://electronjs.org/docs/api/screen
screen	Module	getDisplayMatching	method	main	all			F06-native-desktop	1	UNSUPPORTED	keld-native brokers + keld-guard system grants + @keld/api	KEL-71,KEL-130,KEL-102,KEL-89,KEL-76	0	0	0		https://electronjs.org/docs/api/screen
screen	Module	screenToDipPoint	method	main	windows,linux			F06-native-desktop	1	UNSUPPORTED	keld-native brokers + keld-guard system grants + @keld/api	KEL-71,KEL-130,KEL-102,KEL-89,KEL-76	0	0	0		https://electronjs.org/docs/api/screen
screen	Module	dipToScreenPoint	method	main	windows,linux			F06-native-desktop	1	UNSUPPORTED	keld-native brokers + keld-guard system grants + @keld/api	KEL-71,KEL-130,KEL-102,KEL-89,KEL-76	0	0	0		https://electronjs.org/docs/api/screen
screen	Module	screenToDipRect	method	main	windows			F06-native-desktop	1	UNSUPPORTED	keld-native brokers + keld-guard system grants + @keld/api	KEL-71,KEL-130,KEL-102,KEL-89,KEL-76	0	0	0		https://electronjs.org/docs/api/screen
screen	Module	dipToScreenRect	method	main	windows			F06-native-desktop	1	UNSUPPORTED	keld-native brokers + keld-guard system grants + @keld/api	KEL-71,KEL-130,KEL-102,KEL-89,KEL-76	0	0	0		https://electronjs.org/docs/api/screen
screen	Module	display-added	event	main	all			F06-native-desktop	1	UNSUPPORTED	keld-native brokers + keld-guard system grants + @keld/api	KEL-71,KEL-130,KEL-102,KEL-89,KEL-76	0	0	0		https://electronjs.org/docs/api/screen
screen	Module	display-removed	event	main	all			F06-native-desktop	1	UNSUPPORTED	keld-native brokers + keld-guard system grants + @keld/api	KEL-71,KEL-130,KEL-102,KEL-89,KEL-76	0	0	0		https://electronjs.org/docs/api/screen
screen	Module	display-metrics-changed	event	main	all			F06-native-desktop	1	UNSUPPORTED	keld-native brokers + keld-guard system grants + @keld/api	KEL-71,KEL-130,KEL-102,KEL-89,KEL-76	0	0	0		https://electronjs.org/docs/api/screen
ServiceWorkerMain	Class	isDestroyed	instance-method	main	all	stability_experimental		F05-session-network-protocol	2	UNSUPPORTED	keld-compat host emulation + keld-wv + keld-guard net scopes	KEL-79,KEL-135,KEL-74	0	0	0		https://electronjs.org/docs/api/service-worker-main
ServiceWorkerMain	Class	send	instance-method	main	all	stability_experimental		F05-session-network-protocol	2	UNSUPPORTED	keld-compat host emulation + keld-wv + keld-guard net scopes	KEL-79,KEL-135,KEL-74	0	0	0		https://electronjs.org/docs/api/service-worker-main
ServiceWorkerMain	Class	startTask	instance-method	main	all	stability_experimental		F05-session-network-protocol	2	UNSUPPORTED	keld-compat host emulation + keld-wv + keld-guard net scopes	KEL-79,KEL-135,KEL-74	0	0	0		https://electronjs.org/docs/api/service-worker-main
ServiceWorkerMain	Class	ipc	instance-property	main	all	availability_readonly,stability_experimental		F05-session-network-protocol	2	UNSUPPORTED	keld-compat host emulation + keld-wv + keld-guard net scopes	KEL-79,KEL-135,KEL-74	0	0	0		https://electronjs.org/docs/api/service-worker-main
ServiceWorkerMain	Class	scope	instance-property	main	all	availability_readonly,stability_experimental		F05-session-network-protocol	2	UNSUPPORTED	keld-compat host emulation + keld-wv + keld-guard net scopes	KEL-79,KEL-135,KEL-74	0	0	0		https://electronjs.org/docs/api/service-worker-main
ServiceWorkerMain	Class	scriptURL	instance-property	main	all	availability_readonly,stability_experimental		F05-session-network-protocol	2	UNSUPPORTED	keld-compat host emulation + keld-wv + keld-guard net scopes	KEL-79,KEL-135,KEL-74	0	0	0		https://electronjs.org/docs/api/service-worker-main
ServiceWorkerMain	Class	versionId	instance-property	main	all	availability_readonly,stability_experimental		F05-session-network-protocol	2	UNSUPPORTED	keld-compat host emulation + keld-wv + keld-guard net scopes	KEL-79,KEL-135,KEL-74	0	0	0		https://electronjs.org/docs/api/service-worker-main
ServiceWorkers	Class	getAllRunning	instance-method	main	all			F05-session-network-protocol	2	UNSUPPORTED	keld-compat host emulation + keld-wv + keld-guard net scopes	KEL-79,KEL-135,KEL-74	0	0	0		https://electronjs.org/docs/api/service-workers
ServiceWorkers	Class	getInfoFromVersionID	instance-method	main	all			F05-session-network-protocol	2	UNSUPPORTED	keld-compat host emulation + keld-wv + keld-guard net scopes	KEL-79,KEL-135,KEL-74	0	0	0		https://electronjs.org/docs/api/service-workers
ServiceWorkers	Class	getFromVersionID	instance-method	main	all	stability_deprecated		F05-session-network-protocol	2	UNSUPPORTED	keld-compat host emulation + keld-wv + keld-guard net scopes	KEL-79,KEL-135,KEL-74	0	0	0		https://electronjs.org/docs/api/service-workers
ServiceWorkers	Class	getWorkerFromVersionID	instance-method	main	all	stability_experimental		F05-session-network-protocol	2	UNSUPPORTED	keld-compat host emulation + keld-wv + keld-guard net scopes	KEL-79,KEL-135,KEL-74	0	0	0		https://electronjs.org/docs/api/service-workers
ServiceWorkers	Class	startWorkerForScope	instance-method	main	all	stability_experimental		F05-session-network-protocol	2	UNSUPPORTED	keld-compat host emulation + keld-wv + keld-guard net scopes	KEL-79,KEL-135,KEL-74	0	0	0		https://electronjs.org/docs/api/service-workers
ServiceWorkers	Class	console-message	instance-event	main	all			F05-session-network-protocol	2	UNSUPPORTED	keld-compat host emulation + keld-wv + keld-guard net scopes	KEL-79,KEL-135,KEL-74	0	0	0		https://electronjs.org/docs/api/service-workers
ServiceWorkers	Class	registration-completed	instance-event	main	all			F05-session-network-protocol	2	UNSUPPORTED	keld-compat host emulation + keld-wv + keld-guard net scopes	KEL-79,KEL-135,KEL-74	0	0	0		https://electronjs.org/docs/api/service-workers
ServiceWorkers	Class	running-status-changed	instance-event	main	all	stability_experimental		F05-session-network-protocol	2	UNSUPPORTED	keld-compat host emulation + keld-wv + keld-guard net scopes	KEL-79,KEL-135,KEL-74	0	0	0		https://electronjs.org/docs/api/service-workers
session	Module	fromPartition	method	main	all			F05-session-network-protocol	2	UNSUPPORTED	keld-compat host emulation + keld-wv + keld-guard net scopes	KEL-79,KEL-135,KEL-74	0	0	0		https://electronjs.org/docs/api/session
session	Module	fromPath	method	main	all			F05-session-network-protocol	2	UNSUPPORTED	keld-compat host emulation + keld-wv + keld-guard net scopes	KEL-79,KEL-135,KEL-74	0	0	0		https://electronjs.org/docs/api/session
session	Module	defaultSession	property	main	all			F05-session-network-protocol	2	UNSUPPORTED	keld-compat host emulation + keld-wv + keld-guard net scopes	KEL-79,KEL-135,KEL-74	0	0	0		https://electronjs.org/docs/api/session
Session	Class	getCacheSize	instance-method	main	all			F05-session-network-protocol	2	UNSUPPORTED	keld-compat host emulation + keld-wv + keld-guard net scopes	KEL-79,KEL-135,KEL-74	0	0	0		https://electronjs.org/docs/api/session
Session	Class	clearCache	instance-method	main	all			F05-session-network-protocol	2	UNSUPPORTED	keld-compat host emulation + keld-wv + keld-guard net scopes	KEL-79,KEL-135,KEL-74	0	0	0		https://electronjs.org/docs/api/session
Session	Class	clearStorageData	instance-method	main	all			F05-session-network-protocol	2	UNSUPPORTED	keld-compat host emulation + keld-wv + keld-guard net scopes	KEL-79,KEL-135,KEL-74	0	12	0		https://electronjs.org/docs/api/session
Session	Class	flushStorageData	instance-method	main	all			F05-session-network-protocol	2	UNSUPPORTED	keld-compat host emulation + keld-wv + keld-guard net scopes	KEL-79,KEL-135,KEL-74	0	0	0		https://electronjs.org/docs/api/session
Session	Class	setProxy	instance-method	main	all			F05-session-network-protocol	2	UNSUPPORTED	keld-compat host emulation + keld-wv + keld-guard net scopes	KEL-79,KEL-135,KEL-74	0	0	0		https://electronjs.org/docs/api/session
Session	Class	resolveHost	instance-method	main	all			F05-session-network-protocol	2	UNSUPPORTED	keld-compat host emulation + keld-wv + keld-guard net scopes	KEL-79,KEL-135,KEL-74	0	0	0		https://electronjs.org/docs/api/session
Session	Class	resolveProxy	instance-method	main	all			F05-session-network-protocol	2	UNSUPPORTED	keld-compat host emulation + keld-wv + keld-guard net scopes	KEL-79,KEL-135,KEL-74	0	0	0		https://electronjs.org/docs/api/session
Session	Class	forceReloadProxyConfig	instance-method	main	all			F05-session-network-protocol	2	UNSUPPORTED	keld-compat host emulation + keld-wv + keld-guard net scopes	KEL-79,KEL-135,KEL-74	0	0	0		https://electronjs.org/docs/api/session
Session	Class	setDownloadPath	instance-method	main	all			F05-session-network-protocol	2	UNSUPPORTED	keld-compat host emulation + keld-wv + keld-guard net scopes	KEL-79,KEL-135,KEL-74	0	0	0		https://electronjs.org/docs/api/session
Session	Class	enableNetworkEmulation	instance-method	main	all			F05-session-network-protocol	2	UNSUPPORTED	keld-compat host emulation + keld-wv + keld-guard net scopes	KEL-79,KEL-135,KEL-74	0	0	0		https://electronjs.org/docs/api/session
Session	Class	preconnect	instance-method	main	all			F05-session-network-protocol	2	UNSUPPORTED	keld-compat host emulation + keld-wv + keld-guard net scopes	KEL-79,KEL-135,KEL-74	0	0	0		https://electronjs.org/docs/api/session
Session	Class	closeAllConnections	instance-method	main	all			F05-session-network-protocol	2	UNSUPPORTED	keld-compat host emulation + keld-wv + keld-guard net scopes	KEL-79,KEL-135,KEL-74	0	0	0		https://electronjs.org/docs/api/session
Session	Class	fetch	instance-method	main	all			F05-session-network-protocol	2	UNSUPPORTED	keld-compat host emulation + keld-wv + keld-guard net scopes	KEL-79,KEL-135,KEL-74	0	0	0		https://electronjs.org/docs/api/session
Session	Class	disableNetworkEmulation	instance-method	main	all			F05-session-network-protocol	2	UNSUPPORTED	keld-compat host emulation + keld-wv + keld-guard net scopes	KEL-79,KEL-135,KEL-74	0	0	0		https://electronjs.org/docs/api/session
Session	Class	setCertificateVerifyProc	instance-method	main	all			F05-session-network-protocol	2	UNSUPPORTED	keld-compat host emulation + keld-wv + keld-guard net scopes	KEL-79,KEL-135,KEL-74	0	0	0		https://electronjs.org/docs/api/session
Session	Class	setPermissionRequestHandler	instance-method	main	all			F05-session-network-protocol	2	UNSUPPORTED	keld-compat host emulation + keld-wv + keld-guard net scopes	KEL-79,KEL-135,KEL-74	0	0	0		https://electronjs.org/docs/api/session
Session	Class	setPermissionCheckHandler	instance-method	main	all			F05-session-network-protocol	2	UNSUPPORTED	keld-compat host emulation + keld-wv + keld-guard net scopes	KEL-79,KEL-135,KEL-74	0	0	0		https://electronjs.org/docs/api/session
Session	Class	setDisplayMediaRequestHandler	instance-method	main	all			F05-session-network-protocol	2	UNSUPPORTED	keld-compat host emulation + keld-wv + keld-guard net scopes	KEL-79,KEL-135,KEL-74	0	0	0		https://electronjs.org/docs/api/session
Session	Class	setDevicePermissionHandler	instance-method	main	all			F05-session-network-protocol	2	UNSUPPORTED	keld-compat host emulation + keld-wv + keld-guard net scopes	KEL-79,KEL-135,KEL-74	0	0	0		https://electronjs.org/docs/api/session
Session	Class	setUSBProtectedClassesHandler	instance-method	main	all			F05-session-network-protocol	2	UNSUPPORTED	keld-compat host emulation + keld-wv + keld-guard net scopes	KEL-79,KEL-135,KEL-74	0	0	0		https://electronjs.org/docs/api/session
Session	Class	setBluetoothPairingHandler	instance-method	main	windows,linux			F05-session-network-protocol	2	UNSUPPORTED	keld-compat host emulation + keld-wv + keld-guard net scopes	KEL-79,KEL-135,KEL-74	0	0	0		https://electronjs.org/docs/api/session
Session	Class	clearHostResolverCache	instance-method	main	all			F05-session-network-protocol	2	UNSUPPORTED	keld-compat host emulation + keld-wv + keld-guard net scopes	KEL-79,KEL-135,KEL-74	0	0	0		https://electronjs.org/docs/api/session
Session	Class	allowNTLMCredentialsForDomains	instance-method	main	all			F05-session-network-protocol	2	UNSUPPORTED	keld-compat host emulation + keld-wv + keld-guard net scopes	KEL-79,KEL-135,KEL-74	0	0	0		https://electronjs.org/docs/api/session
Session	Class	setUserAgent	instance-method	main	all			F05-session-network-protocol	2	UNSUPPORTED	keld-compat host emulation + keld-wv + keld-guard net scopes	KEL-79,KEL-135,KEL-74	0	0	0		https://electronjs.org/docs/api/session
Session	Class	isPersistent	instance-method	main	all			F05-session-network-protocol	2	UNSUPPORTED	keld-compat host emulation + keld-wv + keld-guard net scopes	KEL-79,KEL-135,KEL-74	0	0	0		https://electronjs.org/docs/api/session
Session	Class	getUserAgent	instance-method	main	all			F05-session-network-protocol	2	UNSUPPORTED	keld-compat host emulation + keld-wv + keld-guard net scopes	KEL-79,KEL-135,KEL-74	0	0	0		https://electronjs.org/docs/api/session
Session	Class	setSSLConfig	instance-method	main	all			F05-session-network-protocol	2	UNSUPPORTED	keld-compat host emulation + keld-wv + keld-guard net scopes	KEL-79,KEL-135,KEL-74	0	0	0		https://electronjs.org/docs/api/session
Session	Class	getBlobData	instance-method	main	all			F05-session-network-protocol	2	UNSUPPORTED	keld-compat host emulation + keld-wv + keld-guard net scopes	KEL-79,KEL-135,KEL-74	0	0	0		https://electronjs.org/docs/api/session
Session	Class	downloadURL	instance-method	main	all			F05-session-network-protocol	2	UNSUPPORTED	keld-compat host emulation + keld-wv + keld-guard net scopes	KEL-79,KEL-135,KEL-74	0	0	0		https://electronjs.org/docs/api/session
Session	Class	createInterruptedDownload	instance-method	main	all			F05-session-network-protocol	2	UNSUPPORTED	keld-compat host emulation + keld-wv + keld-guard net scopes	KEL-79,KEL-135,KEL-74	0	0	0		https://electronjs.org/docs/api/session
Session	Class	clearAuthCache	instance-method	main	all			F05-session-network-protocol	2	UNSUPPORTED	keld-compat host emulation + keld-wv + keld-guard net scopes	KEL-79,KEL-135,KEL-74	0	0	0		https://electronjs.org/docs/api/session
Session	Class	setPreloads	instance-method	main	all	stability_deprecated		F05-session-network-protocol	2	UNSUPPORTED	keld-compat host emulation + keld-wv + keld-guard net scopes	KEL-79,KEL-135,KEL-74	0	0	0		https://electronjs.org/docs/api/session
Session	Class	getPreloads	instance-method	main	all	stability_deprecated		F05-session-network-protocol	2	UNSUPPORTED	keld-compat host emulation + keld-wv + keld-guard net scopes	KEL-79,KEL-135,KEL-74	0	0	0		https://electronjs.org/docs/api/session
Session	Class	registerPreloadScript	instance-method	main	all			F05-session-network-protocol	2	UNSUPPORTED	keld-compat host emulation + keld-wv + keld-guard net scopes	KEL-79,KEL-135,KEL-74	0	0	0		https://electronjs.org/docs/api/session
Session	Class	unregisterPreloadScript	instance-method	main	all			F05-session-network-protocol	2	UNSUPPORTED	keld-compat host emulation + keld-wv + keld-guard net scopes	KEL-79,KEL-135,KEL-74	0	0	0		https://electronjs.org/docs/api/session
Session	Class	getPreloadScripts	instance-method	main	all			F05-session-network-protocol	2	UNSUPPORTED	keld-compat host emulation + keld-wv + keld-guard net scopes	KEL-79,KEL-135,KEL-74	0	0	0		https://electronjs.org/docs/api/session
Session	Class	setCodeCachePath	instance-method	main	all			F05-session-network-protocol	2	UNSUPPORTED	keld-compat host emulation + keld-wv + keld-guard net scopes	KEL-79,KEL-135,KEL-74	0	0	0		https://electronjs.org/docs/api/session
Session	Class	clearCodeCaches	instance-method	main	all			F05-session-network-protocol	2	UNSUPPORTED	keld-compat host emulation + keld-wv + keld-guard net scopes	KEL-79,KEL-135,KEL-74	0	0	0		https://electronjs.org/docs/api/session
Session	Class	getSharedDictionaryUsageInfo	instance-method	main	all			F05-session-network-protocol	2	UNSUPPORTED	keld-compat host emulation + keld-wv + keld-guard net scopes	KEL-79,KEL-135,KEL-74	0	0	0		https://electronjs.org/docs/api/session
Session	Class	getSharedDictionaryInfo	instance-method	main	all			F05-session-network-protocol	2	UNSUPPORTED	keld-compat host emulation + keld-wv + keld-guard net scopes	KEL-79,KEL-135,KEL-74	0	0	0		https://electronjs.org/docs/api/session
Session	Class	clearSharedDictionaryCache	instance-method	main	all			F05-session-network-protocol	2	UNSUPPORTED	keld-compat host emulation + keld-wv + keld-guard net scopes	KEL-79,KEL-135,KEL-74	0	0	0		https://electronjs.org/docs/api/session
Session	Class	clearSharedDictionaryCacheForIsolationKey	instance-method	main	all			F05-session-network-protocol	2	UNSUPPORTED	keld-compat host emulation + keld-wv + keld-guard net scopes	KEL-79,KEL-135,KEL-74	0	0	0		https://electronjs.org/docs/api/session
Session	Class	setSpellCheckerEnabled	instance-method	main	all			F05-session-network-protocol	2	UNSUPPORTED	keld-compat host emulation + keld-wv + keld-guard net scopes	KEL-79,KEL-135,KEL-74	0	0	0		https://electronjs.org/docs/api/session
Session	Class	isSpellCheckerEnabled	instance-method	main	all			F05-session-network-protocol	2	UNSUPPORTED	keld-compat host emulation + keld-wv + keld-guard net scopes	KEL-79,KEL-135,KEL-74	0	0	0		https://electronjs.org/docs/api/session
Session	Class	setSpellCheckerLanguages	instance-method	main	all			F05-session-network-protocol	2	UNSUPPORTED	keld-compat host emulation + keld-wv + keld-guard net scopes	KEL-79,KEL-135,KEL-74	0	0	0		https://electronjs.org/docs/api/session
Session	Class	getSpellCheckerLanguages	instance-method	main	all			F05-session-network-protocol	2	UNSUPPORTED	keld-compat host emulation + keld-wv + keld-guard net scopes	KEL-79,KEL-135,KEL-74	0	0	0		https://electronjs.org/docs/api/session
Session	Class	setSpellCheckerDictionaryDownloadURL	instance-method	main	all			F05-session-network-protocol	2	UNSUPPORTED	keld-compat host emulation + keld-wv + keld-guard net scopes	KEL-79,KEL-135,KEL-74	0	0	0		https://electronjs.org/docs/api/session
Session	Class	listWordsInSpellCheckerDictionary	instance-method	main	all			F05-session-network-protocol	2	UNSUPPORTED	keld-compat host emulation + keld-wv + keld-guard net scopes	KEL-79,KEL-135,KEL-74	0	0	0		https://electronjs.org/docs/api/session
Session	Class	addWordToSpellCheckerDictionary	instance-method	main	all			F05-session-network-protocol	2	UNSUPPORTED	keld-compat host emulation + keld-wv + keld-guard net scopes	KEL-79,KEL-135,KEL-74	0	0	0		https://electronjs.org/docs/api/session
Session	Class	removeWordFromSpellCheckerDictionary	instance-method	main	all			F05-session-network-protocol	2	UNSUPPORTED	keld-compat host emulation + keld-wv + keld-guard net scopes	KEL-79,KEL-135,KEL-74	0	0	0		https://electronjs.org/docs/api/session
Session	Class	loadExtension	instance-method	main	all	stability_deprecated		F05-session-network-protocol	2	UNSUPPORTED	keld-compat host emulation + keld-wv + keld-guard net scopes	KEL-79,KEL-135,KEL-74	0	0	0		https://electronjs.org/docs/api/session
Session	Class	removeExtension	instance-method	main	all	stability_deprecated		F05-session-network-protocol	2	UNSUPPORTED	keld-compat host emulation + keld-wv + keld-guard net scopes	KEL-79,KEL-135,KEL-74	0	0	0		https://electronjs.org/docs/api/session
Session	Class	getExtension	instance-method	main	all	stability_deprecated		F05-session-network-protocol	2	UNSUPPORTED	keld-compat host emulation + keld-wv + keld-guard net scopes	KEL-79,KEL-135,KEL-74	0	0	0		https://electronjs.org/docs/api/session
Session	Class	getAllExtensions	instance-method	main	all	stability_deprecated		F05-session-network-protocol	2	UNSUPPORTED	keld-compat host emulation + keld-wv + keld-guard net scopes	KEL-79,KEL-135,KEL-74	0	0	0		https://electronjs.org/docs/api/session
Session	Class	getStoragePath	instance-method	main	all			F05-session-network-protocol	2	UNSUPPORTED	keld-compat host emulation + keld-wv + keld-guard net scopes	KEL-79,KEL-135,KEL-74	0	0	0		https://electronjs.org/docs/api/session
Session	Class	clearData	instance-method	main	all			F05-session-network-protocol	2	UNSUPPORTED	keld-compat host emulation + keld-wv + keld-guard net scopes	KEL-79,KEL-135,KEL-74	0	0	0		https://electronjs.org/docs/api/session
Session	Class	will-download	instance-event	main	all			F05-session-network-protocol	2	UNSUPPORTED	keld-compat host emulation + keld-wv + keld-guard net scopes	KEL-79,KEL-135,KEL-74	0	0	0		https://electronjs.org/docs/api/session
Session	Class	extension-loaded	instance-event	main	all			F05-session-network-protocol	2	UNSUPPORTED	keld-compat host emulation + keld-wv + keld-guard net scopes	KEL-79,KEL-135,KEL-74	0	0	0		https://electronjs.org/docs/api/session
Session	Class	extension-unloaded	instance-event	main	all			F05-session-network-protocol	2	UNSUPPORTED	keld-compat host emulation + keld-wv + keld-guard net scopes	KEL-79,KEL-135,KEL-74	0	0	0		https://electronjs.org/docs/api/session
Session	Class	extension-ready	instance-event	main	all			F05-session-network-protocol	2	UNSUPPORTED	keld-compat host emulation + keld-wv + keld-guard net scopes	KEL-79,KEL-135,KEL-74	0	0	0		https://electronjs.org/docs/api/session
Session	Class	file-system-access-restricted	instance-event	main	all			F05-session-network-protocol	2	UNSUPPORTED	keld-compat host emulation + keld-wv + keld-guard net scopes	KEL-79,KEL-135,KEL-74	0	0	0		https://electronjs.org/docs/api/session
Session	Class	preconnect	instance-event	main	all			F05-session-network-protocol	2	UNSUPPORTED	keld-compat host emulation + keld-wv + keld-guard net scopes	KEL-79,KEL-135,KEL-74	0	0	0		https://electronjs.org/docs/api/session
Session	Class	spellcheck-dictionary-initialized	instance-event	main	all			F05-session-network-protocol	2	UNSUPPORTED	keld-compat host emulation + keld-wv + keld-guard net scopes	KEL-79,KEL-135,KEL-74	0	0	0		https://electronjs.org/docs/api/session
Session	Class	spellcheck-dictionary-download-begin	instance-event	main	all			F05-session-network-protocol	2	UNSUPPORTED	keld-compat host emulation + keld-wv + keld-guard net scopes	KEL-79,KEL-135,KEL-74	0	0	0		https://electronjs.org/docs/api/session
Session	Class	spellcheck-dictionary-download-success	instance-event	main	all			F05-session-network-protocol	2	UNSUPPORTED	keld-compat host emulation + keld-wv + keld-guard net scopes	KEL-79,KEL-135,KEL-74	0	0	0		https://electronjs.org/docs/api/session
Session	Class	spellcheck-dictionary-download-failure	instance-event	main	all			F05-session-network-protocol	2	UNSUPPORTED	keld-compat host emulation + keld-wv + keld-guard net scopes	KEL-79,KEL-135,KEL-74	0	0	0		https://electronjs.org/docs/api/session
Session	Class	select-hid-device	instance-event	main	all			F05-session-network-protocol	2	UNSUPPORTED	keld-compat host emulation + keld-wv + keld-guard net scopes	KEL-79,KEL-135,KEL-74	0	0	0		https://electronjs.org/docs/api/session
Session	Class	hid-device-added	instance-event	main	all			F05-session-network-protocol	2	UNSUPPORTED	keld-compat host emulation + keld-wv + keld-guard net scopes	KEL-79,KEL-135,KEL-74	0	0	0		https://electronjs.org/docs/api/session
Session	Class	hid-device-removed	instance-event	main	all			F05-session-network-protocol	2	UNSUPPORTED	keld-compat host emulation + keld-wv + keld-guard net scopes	KEL-79,KEL-135,KEL-74	0	0	0		https://electronjs.org/docs/api/session
Session	Class	hid-device-revoked	instance-event	main	all			F05-session-network-protocol	2	UNSUPPORTED	keld-compat host emulation + keld-wv + keld-guard net scopes	KEL-79,KEL-135,KEL-74	0	0	0		https://electronjs.org/docs/api/session
Session	Class	select-serial-port	instance-event	main	all			F05-session-network-protocol	2	UNSUPPORTED	keld-compat host emulation + keld-wv + keld-guard net scopes	KEL-79,KEL-135,KEL-74	0	0	0		https://electronjs.org/docs/api/session
Session	Class	serial-port-added	instance-event	main	all			F05-session-network-protocol	2	UNSUPPORTED	keld-compat host emulation + keld-wv + keld-guard net scopes	KEL-79,KEL-135,KEL-74	0	0	0		https://electronjs.org/docs/api/session
Session	Class	serial-port-removed	instance-event	main	all			F05-session-network-protocol	2	UNSUPPORTED	keld-compat host emulation + keld-wv + keld-guard net scopes	KEL-79,KEL-135,KEL-74	0	0	0		https://electronjs.org/docs/api/session
Session	Class	serial-port-revoked	instance-event	main	all			F05-session-network-protocol	2	UNSUPPORTED	keld-compat host emulation + keld-wv + keld-guard net scopes	KEL-79,KEL-135,KEL-74	0	0	0		https://electronjs.org/docs/api/session
Session	Class	select-usb-device	instance-event	main	all			F05-session-network-protocol	2	UNSUPPORTED	keld-compat host emulation + keld-wv + keld-guard net scopes	KEL-79,KEL-135,KEL-74	0	0	0		https://electronjs.org/docs/api/session
Session	Class	usb-device-added	instance-event	main	all			F05-session-network-protocol	2	UNSUPPORTED	keld-compat host emulation + keld-wv + keld-guard net scopes	KEL-79,KEL-135,KEL-74	0	0	0		https://electronjs.org/docs/api/session
Session	Class	usb-device-removed	instance-event	main	all			F05-session-network-protocol	2	UNSUPPORTED	keld-compat host emulation + keld-wv + keld-guard net scopes	KEL-79,KEL-135,KEL-74	0	0	0		https://electronjs.org/docs/api/session
Session	Class	usb-device-revoked	instance-event	main	all			F05-session-network-protocol	2	UNSUPPORTED	keld-compat host emulation + keld-wv + keld-guard net scopes	KEL-79,KEL-135,KEL-74	0	0	0		https://electronjs.org/docs/api/session
Session	Class	select-webauthn-account	instance-event	main	all			F05-session-network-protocol	2	UNSUPPORTED	keld-compat host emulation + keld-wv + keld-guard net scopes	KEL-79,KEL-135,KEL-74	0	0	0		https://electronjs.org/docs/api/session
Session	Class	availableSpellCheckerLanguages	instance-property	main	all	availability_readonly		F05-session-network-protocol	2	UNSUPPORTED	keld-compat host emulation + keld-wv + keld-guard net scopes	KEL-79,KEL-135,KEL-74	0	0	0		https://electronjs.org/docs/api/session
Session	Class	spellCheckerEnabled	instance-property	main	all			F05-session-network-protocol	2	UNSUPPORTED	keld-compat host emulation + keld-wv + keld-guard net scopes	KEL-79,KEL-135,KEL-74	0	0	0		https://electronjs.org/docs/api/session
Session	Class	storagePath	instance-property	main	all	availability_readonly		F05-session-network-protocol	2	UNSUPPORTED	keld-compat host emulation + keld-wv + keld-guard net scopes	KEL-79,KEL-135,KEL-74	0	0	0		https://electronjs.org/docs/api/session
Session	Class	cookies	instance-property	main	all	availability_readonly		F05-session-network-protocol	2	UNSUPPORTED	keld-compat host emulation + keld-wv + keld-guard net scopes	KEL-79,KEL-135,KEL-74	0	0	0		https://electronjs.org/docs/api/session
Session	Class	extensions	instance-property	main	all	availability_readonly		F05-session-network-protocol	2	UNSUPPORTED	keld-compat host emulation + keld-wv + keld-guard net scopes	KEL-79,KEL-135,KEL-74	0	0	0		https://electronjs.org/docs/api/session
Session	Class	serviceWorkers	instance-property	main	all	availability_readonly		F05-session-network-protocol	2	UNSUPPORTED	keld-compat host emulation + keld-wv + keld-guard net scopes	KEL-79,KEL-135,KEL-74	0	0	0		https://electronjs.org/docs/api/session
Session	Class	webRequest	instance-property	main	all	availability_readonly		F05-session-network-protocol	2	UNSUPPORTED	keld-compat host emulation + keld-wv + keld-guard net scopes	KEL-79,KEL-135,KEL-74	0	0	0		https://electronjs.org/docs/api/session
Session	Class	protocol	instance-property	main	all	availability_readonly		F05-session-network-protocol	2	UNSUPPORTED	keld-compat host emulation + keld-wv + keld-guard net scopes	KEL-79,KEL-135,KEL-74	0	0	0		https://electronjs.org/docs/api/session
Session	Class	netLog	instance-property	main	all	availability_readonly		F05-session-network-protocol	2	UNSUPPORTED	keld-compat host emulation + keld-wv + keld-guard net scopes	KEL-79,KEL-135,KEL-74	0	0	0		https://electronjs.org/docs/api/session
ShareMenu	Class	popup	instance-method	main	all			F06-native-desktop	2	UNSUPPORTED	keld-native brokers + keld-guard system grants + @keld/api	KEL-71,KEL-130,KEL-102,KEL-89,KEL-76	0	0	0		https://electronjs.org/docs/api/share-menu
ShareMenu	Class	closePopup	instance-method	main	all			F06-native-desktop	2	UNSUPPORTED	keld-native brokers + keld-guard system grants + @keld/api	KEL-71,KEL-130,KEL-102,KEL-89,KEL-76	0	0	0		https://electronjs.org/docs/api/share-menu
ShareMenu	Class	constructor	constructor	main	all			F06-native-desktop	2	UNSUPPORTED	keld-native brokers + keld-guard system grants + @keld/api	KEL-71,KEL-130,KEL-102,KEL-89,KEL-76	0	0	0		https://electronjs.org/docs/api/share-menu
sharedTexture	Module	importSharedTexture	method	main/renderer	all	stability_experimental		F03-webcontents-navigation	never	NEVER	@keld/electron + keld-wv + keld-compat (webContents routing)	KEL-79,KEL-132,KEL-142	0	0	0		https://electronjs.org/docs/api/shared-texture
sharedTexture	Module	sendSharedTexture	method	main/renderer	all	stability_experimental		F03-webcontents-navigation	never	NEVER	@keld/electron + keld-wv + keld-compat (webContents routing)	KEL-79,KEL-132,KEL-142	0	0	0		https://electronjs.org/docs/api/shared-texture
sharedTexture	Module	setSharedTextureReceiver	method	main/renderer	all	stability_experimental		F03-webcontents-navigation	never	NEVER	@keld/electron + keld-wv + keld-compat (webContents routing)	KEL-79,KEL-132,KEL-142	0	0	0		https://electronjs.org/docs/api/shared-texture
sharedTexture	Module	subtle	property	main/renderer	all	stability_experimental		F03-webcontents-navigation	never	NEVER	@keld/electron + keld-wv + keld-compat (webContents routing)	KEL-79,KEL-132,KEL-142	0	0	0		https://electronjs.org/docs/api/shared-texture
shell	Module	showItemInFolder	method	main/renderer	all			F06-native-desktop	1	UNSUPPORTED	keld-native brokers + keld-guard system grants + @keld/api	KEL-71,KEL-130,KEL-102,KEL-89,KEL-76	0	3	0		https://electronjs.org/docs/api/shell
shell	Module	openPath	method	main/renderer	all			F06-native-desktop	1	UNSUPPORTED	keld-native brokers + keld-guard system grants + @keld/api	KEL-71,KEL-130,KEL-102,KEL-89,KEL-76	0	16	0		https://electronjs.org/docs/api/shell
shell	Module	openExternal	method	main/renderer	all			F06-native-desktop	1	UNSUPPORTED	keld-native brokers + keld-guard system grants + @keld/api	KEL-71,KEL-130,KEL-102,KEL-89,KEL-76	3	7	0		https://electronjs.org/docs/api/shell
shell	Module	trashItem	method	main/renderer	all			F06-native-desktop	1	UNSUPPORTED	keld-native brokers + keld-guard system grants + @keld/api	KEL-71,KEL-130,KEL-102,KEL-89,KEL-76	0	0	0		https://electronjs.org/docs/api/shell
shell	Module	beep	method	main/renderer	all			F06-native-desktop	1	UNSUPPORTED	keld-native brokers + keld-guard system grants + @keld/api	KEL-71,KEL-130,KEL-102,KEL-89,KEL-76	0	0	0		https://electronjs.org/docs/api/shell
shell	Module	writeShortcutLink	method	main/renderer	windows			F06-native-desktop	1	UNSUPPORTED	keld-native brokers + keld-guard system grants + @keld/api	KEL-71,KEL-130,KEL-102,KEL-89,KEL-76	0	0	0		https://electronjs.org/docs/api/shell
shell	Module	readShortcutLink	method	main/renderer	windows			F06-native-desktop	1	UNSUPPORTED	keld-native brokers + keld-guard system grants + @keld/api	KEL-71,KEL-130,KEL-102,KEL-89,KEL-76	0	0	0		https://electronjs.org/docs/api/shell
systemPreferences	Module	isSwipeTrackingFromScrollEventsEnabled	method	main/utility	macos			F06-native-desktop	2	UNSUPPORTED	keld-native brokers + keld-guard system grants + @keld/api	KEL-71,KEL-130,KEL-102,KEL-89,KEL-76	0	0	0		https://electronjs.org/docs/api/system-preferences
systemPreferences	Module	postNotification	method	main/utility	macos			F06-native-desktop	2	UNSUPPORTED	keld-native brokers + keld-guard system grants + @keld/api	KEL-71,KEL-130,KEL-102,KEL-89,KEL-76	0	0	0		https://electronjs.org/docs/api/system-preferences
systemPreferences	Module	postLocalNotification	method	main/utility	macos			F06-native-desktop	2	UNSUPPORTED	keld-native brokers + keld-guard system grants + @keld/api	KEL-71,KEL-130,KEL-102,KEL-89,KEL-76	0	0	0		https://electronjs.org/docs/api/system-preferences
systemPreferences	Module	postWorkspaceNotification	method	main/utility	macos			F06-native-desktop	2	UNSUPPORTED	keld-native brokers + keld-guard system grants + @keld/api	KEL-71,KEL-130,KEL-102,KEL-89,KEL-76	0	0	0		https://electronjs.org/docs/api/system-preferences
systemPreferences	Module	subscribeNotification	method	main/utility	macos			F06-native-desktop	2	UNSUPPORTED	keld-native brokers + keld-guard system grants + @keld/api	KEL-71,KEL-130,KEL-102,KEL-89,KEL-76	0	1	0		https://electronjs.org/docs/api/system-preferences
systemPreferences	Module	subscribeLocalNotification	method	main/utility	macos			F06-native-desktop	2	UNSUPPORTED	keld-native brokers + keld-guard system grants + @keld/api	KEL-71,KEL-130,KEL-102,KEL-89,KEL-76	0	0	0		https://electronjs.org/docs/api/system-preferences
systemPreferences	Module	subscribeWorkspaceNotification	method	main/utility	macos			F06-native-desktop	2	UNSUPPORTED	keld-native brokers + keld-guard system grants + @keld/api	KEL-71,KEL-130,KEL-102,KEL-89,KEL-76	0	0	0		https://electronjs.org/docs/api/system-preferences
systemPreferences	Module	unsubscribeNotification	method	main/utility	macos			F06-native-desktop	2	UNSUPPORTED	keld-native brokers + keld-guard system grants + @keld/api	KEL-71,KEL-130,KEL-102,KEL-89,KEL-76	0	0	0		https://electronjs.org/docs/api/system-preferences
systemPreferences	Module	unsubscribeLocalNotification	method	main/utility	macos			F06-native-desktop	2	UNSUPPORTED	keld-native brokers + keld-guard system grants + @keld/api	KEL-71,KEL-130,KEL-102,KEL-89,KEL-76	0	0	0		https://electronjs.org/docs/api/system-preferences
systemPreferences	Module	unsubscribeWorkspaceNotification	method	main/utility	macos			F06-native-desktop	2	UNSUPPORTED	keld-native brokers + keld-guard system grants + @keld/api	KEL-71,KEL-130,KEL-102,KEL-89,KEL-76	0	0	0		https://electronjs.org/docs/api/system-preferences
systemPreferences	Module	registerDefaults	method	main/utility	macos			F06-native-desktop	2	UNSUPPORTED	keld-native brokers + keld-guard system grants + @keld/api	KEL-71,KEL-130,KEL-102,KEL-89,KEL-76	0	0	0		https://electronjs.org/docs/api/system-preferences
systemPreferences	Module	getUserDefault	method	main/utility	macos			F06-native-desktop	2	UNSUPPORTED	keld-native brokers + keld-guard system grants + @keld/api	KEL-71,KEL-130,KEL-102,KEL-89,KEL-76	0	0	0		https://electronjs.org/docs/api/system-preferences
systemPreferences	Module	setUserDefault	method	main/utility	macos			F06-native-desktop	2	UNSUPPORTED	keld-native brokers + keld-guard system grants + @keld/api	KEL-71,KEL-130,KEL-102,KEL-89,KEL-76	0	0	0		https://electronjs.org/docs/api/system-preferences
systemPreferences	Module	removeUserDefault	method	main/utility	macos			F06-native-desktop	2	UNSUPPORTED	keld-native brokers + keld-guard system grants + @keld/api	KEL-71,KEL-130,KEL-102,KEL-89,KEL-76	0	0	0		https://electronjs.org/docs/api/system-preferences
systemPreferences	Module	getAccentColor	method	main/utility	all			F06-native-desktop	2	UNSUPPORTED	keld-native brokers + keld-guard system grants + @keld/api	KEL-71,KEL-130,KEL-102,KEL-89,KEL-76	0	0	0		https://electronjs.org/docs/api/system-preferences
systemPreferences	Module	getColor	method	main/utility	windows,macos			F06-native-desktop	2	UNSUPPORTED	keld-native brokers + keld-guard system grants + @keld/api	KEL-71,KEL-130,KEL-102,KEL-89,KEL-76	0	0	0		https://electronjs.org/docs/api/system-preferences
systemPreferences	Module	getSystemColor	method	main/utility	macos			F06-native-desktop	2	UNSUPPORTED	keld-native brokers + keld-guard system grants + @keld/api	KEL-71,KEL-130,KEL-102,KEL-89,KEL-76	0	0	0		https://electronjs.org/docs/api/system-preferences
systemPreferences	Module	getEffectiveAppearance	method	main/utility	macos			F06-native-desktop	2	UNSUPPORTED	keld-native brokers + keld-guard system grants + @keld/api	KEL-71,KEL-130,KEL-102,KEL-89,KEL-76	0	0	0		https://electronjs.org/docs/api/system-preferences
systemPreferences	Module	canPromptTouchID	method	main/utility	macos			F06-native-desktop	2	UNSUPPORTED	keld-native brokers + keld-guard system grants + @keld/api	KEL-71,KEL-130,KEL-102,KEL-89,KEL-76	0	0	0		https://electronjs.org/docs/api/system-preferences
systemPreferences	Module	promptTouchID	method	main/utility	macos			F06-native-desktop	2	UNSUPPORTED	keld-native brokers + keld-guard system grants + @keld/api	KEL-71,KEL-130,KEL-102,KEL-89,KEL-76	0	0	0		https://electronjs.org/docs/api/system-preferences
systemPreferences	Module	isTrustedAccessibilityClient	method	main/utility	macos			F06-native-desktop	2	UNSUPPORTED	keld-native brokers + keld-guard system grants + @keld/api	KEL-71,KEL-130,KEL-102,KEL-89,KEL-76	0	0	0		https://electronjs.org/docs/api/system-preferences
systemPreferences	Module	getMediaAccessStatus	method	main/utility	windows,macos			F06-native-desktop	2	UNSUPPORTED	keld-native brokers + keld-guard system grants + @keld/api	KEL-71,KEL-130,KEL-102,KEL-89,KEL-76	0	0	0		https://electronjs.org/docs/api/system-preferences
systemPreferences	Module	askForMediaAccess	method	main/utility	macos			F06-native-desktop	2	UNSUPPORTED	keld-native brokers + keld-guard system grants + @keld/api	KEL-71,KEL-130,KEL-102,KEL-89,KEL-76	0	0	0		https://electronjs.org/docs/api/system-preferences
systemPreferences	Module	getAnimationSettings	method	main/utility	all			F06-native-desktop	2	UNSUPPORTED	keld-native brokers + keld-guard system grants + @keld/api	KEL-71,KEL-130,KEL-102,KEL-89,KEL-76	0	0	0		https://electronjs.org/docs/api/system-preferences
systemPreferences	Module	accent-color-changed	event	main/utility	windows,linux			F06-native-desktop	2	UNSUPPORTED	keld-native brokers + keld-guard system grants + @keld/api	KEL-71,KEL-130,KEL-102,KEL-89,KEL-76	0	0	0		https://electronjs.org/docs/api/system-preferences
systemPreferences	Module	color-changed	event	main/utility	windows			F06-native-desktop	2	UNSUPPORTED	keld-native brokers + keld-guard system grants + @keld/api	KEL-71,KEL-130,KEL-102,KEL-89,KEL-76	0	0	0		https://electronjs.org/docs/api/system-preferences
systemPreferences	Module	accessibilityDisplayShouldReduceTransparency	property	main/utility	macos	stability_deprecated		F06-native-desktop	2	UNSUPPORTED	keld-native brokers + keld-guard system grants + @keld/api	KEL-71,KEL-130,KEL-102,KEL-89,KEL-76	0	0	0		https://electronjs.org/docs/api/system-preferences
systemPreferences	Module	effectiveAppearance	property	main/utility	macos	availability_readonly		F06-native-desktop	2	UNSUPPORTED	keld-native brokers + keld-guard system grants + @keld/api	KEL-71,KEL-130,KEL-102,KEL-89,KEL-76	0	0	0		https://electronjs.org/docs/api/system-preferences
TouchBarButton	Class	accessibilityLabel	instance-property	main	all			F02-windowing	2	UNSUPPORTED	@keld/electron + keld-core window registry + keld-wv	KEL-139,KEL-142,KEL-143,KEL-135	0	0	0		https://electronjs.org/docs/api/touch-bar-button
TouchBarButton	Class	label	instance-property	main	all			F02-windowing	2	UNSUPPORTED	@keld/electron + keld-core window registry + keld-wv	KEL-139,KEL-142,KEL-143,KEL-135	0	0	0		https://electronjs.org/docs/api/touch-bar-button
TouchBarButton	Class	backgroundColor	instance-property	main	all			F02-windowing	2	UNSUPPORTED	@keld/electron + keld-core window registry + keld-wv	KEL-139,KEL-142,KEL-143,KEL-135	0	0	0		https://electronjs.org/docs/api/touch-bar-button
TouchBarButton	Class	icon	instance-property	main	all			F02-windowing	2	UNSUPPORTED	@keld/electron + keld-core window registry + keld-wv	KEL-139,KEL-142,KEL-143,KEL-135	0	0	0		https://electronjs.org/docs/api/touch-bar-button
TouchBarButton	Class	iconPosition	instance-property	main	all			F02-windowing	2	UNSUPPORTED	@keld/electron + keld-core window registry + keld-wv	KEL-139,KEL-142,KEL-143,KEL-135	0	0	0		https://electronjs.org/docs/api/touch-bar-button
TouchBarButton	Class	enabled	instance-property	main	all			F02-windowing	2	UNSUPPORTED	@keld/electron + keld-core window registry + keld-wv	KEL-139,KEL-142,KEL-143,KEL-135	0	0	0		https://electronjs.org/docs/api/touch-bar-button
TouchBarButton	Class	constructor	constructor	main	all			F02-windowing	2	UNSUPPORTED	@keld/electron + keld-core window registry + keld-wv	KEL-139,KEL-142,KEL-143,KEL-135	0	0	0		https://electronjs.org/docs/api/touch-bar-button
TouchBarColorPicker	Class	availableColors	instance-property	main	all			F02-windowing	2	UNSUPPORTED	@keld/electron + keld-core window registry + keld-wv	KEL-139,KEL-142,KEL-143,KEL-135	0	0	0		https://electronjs.org/docs/api/touch-bar-color-picker
TouchBarColorPicker	Class	selectedColor	instance-property	main	all			F02-windowing	2	UNSUPPORTED	@keld/electron + keld-core window registry + keld-wv	KEL-139,KEL-142,KEL-143,KEL-135	0	0	0		https://electronjs.org/docs/api/touch-bar-color-picker
TouchBarColorPicker	Class	constructor	constructor	main	all			F02-windowing	2	UNSUPPORTED	@keld/electron + keld-core window registry + keld-wv	KEL-139,KEL-142,KEL-143,KEL-135	0	0	0		https://electronjs.org/docs/api/touch-bar-color-picker
TouchBarGroup	Class	constructor	constructor	main	all			F02-windowing	2	UNSUPPORTED	@keld/electron + keld-core window registry + keld-wv	KEL-139,KEL-142,KEL-143,KEL-135	0	0	0		https://electronjs.org/docs/api/touch-bar-group
TouchBarLabel	Class	label	instance-property	main	all			F02-windowing	2	UNSUPPORTED	@keld/electron + keld-core window registry + keld-wv	KEL-139,KEL-142,KEL-143,KEL-135	0	0	0		https://electronjs.org/docs/api/touch-bar-label
TouchBarLabel	Class	accessibilityLabel	instance-property	main	all			F02-windowing	2	UNSUPPORTED	@keld/electron + keld-core window registry + keld-wv	KEL-139,KEL-142,KEL-143,KEL-135	0	0	0		https://electronjs.org/docs/api/touch-bar-label
TouchBarLabel	Class	textColor	instance-property	main	all			F02-windowing	2	UNSUPPORTED	@keld/electron + keld-core window registry + keld-wv	KEL-139,KEL-142,KEL-143,KEL-135	0	0	0		https://electronjs.org/docs/api/touch-bar-label
TouchBarLabel	Class	constructor	constructor	main	all			F02-windowing	2	UNSUPPORTED	@keld/electron + keld-core window registry + keld-wv	KEL-139,KEL-142,KEL-143,KEL-135	0	0	0		https://electronjs.org/docs/api/touch-bar-label
TouchBarOtherItemsProxy	Class	constructor	constructor	main	all			F02-windowing	2	UNSUPPORTED	@keld/electron + keld-core window registry + keld-wv	KEL-139,KEL-142,KEL-143,KEL-135	0	0	0		https://electronjs.org/docs/api/touch-bar-other-items-proxy
TouchBarPopover	Class	label	instance-property	main	all			F02-windowing	2	UNSUPPORTED	@keld/electron + keld-core window registry + keld-wv	KEL-139,KEL-142,KEL-143,KEL-135	0	0	0		https://electronjs.org/docs/api/touch-bar-popover
TouchBarPopover	Class	icon	instance-property	main	all			F02-windowing	2	UNSUPPORTED	@keld/electron + keld-core window registry + keld-wv	KEL-139,KEL-142,KEL-143,KEL-135	0	0	0		https://electronjs.org/docs/api/touch-bar-popover
TouchBarPopover	Class	constructor	constructor	main	all			F02-windowing	2	UNSUPPORTED	@keld/electron + keld-core window registry + keld-wv	KEL-139,KEL-142,KEL-143,KEL-135	0	0	0		https://electronjs.org/docs/api/touch-bar-popover
TouchBarScrubber	Class	items	instance-property	main	all			F02-windowing	2	UNSUPPORTED	@keld/electron + keld-core window registry + keld-wv	KEL-139,KEL-142,KEL-143,KEL-135	0	0	0		https://electronjs.org/docs/api/touch-bar-scrubber
TouchBarScrubber	Class	selectedStyle	instance-property	main	all			F02-windowing	2	UNSUPPORTED	@keld/electron + keld-core window registry + keld-wv	KEL-139,KEL-142,KEL-143,KEL-135	0	0	0		https://electronjs.org/docs/api/touch-bar-scrubber
TouchBarScrubber	Class	overlayStyle	instance-property	main	all			F02-windowing	2	UNSUPPORTED	@keld/electron + keld-core window registry + keld-wv	KEL-139,KEL-142,KEL-143,KEL-135	0	0	0		https://electronjs.org/docs/api/touch-bar-scrubber
TouchBarScrubber	Class	showArrowButtons	instance-property	main	all			F02-windowing	2	UNSUPPORTED	@keld/electron + keld-core window registry + keld-wv	KEL-139,KEL-142,KEL-143,KEL-135	0	0	0		https://electronjs.org/docs/api/touch-bar-scrubber
TouchBarScrubber	Class	mode	instance-property	main	all			F02-windowing	2	UNSUPPORTED	@keld/electron + keld-core window registry + keld-wv	KEL-139,KEL-142,KEL-143,KEL-135	0	0	0		https://electronjs.org/docs/api/touch-bar-scrubber
TouchBarScrubber	Class	continuous	instance-property	main	all			F02-windowing	2	UNSUPPORTED	@keld/electron + keld-core window registry + keld-wv	KEL-139,KEL-142,KEL-143,KEL-135	0	0	0		https://electronjs.org/docs/api/touch-bar-scrubber
TouchBarScrubber	Class	constructor	constructor	main	all			F02-windowing	2	UNSUPPORTED	@keld/electron + keld-core window registry + keld-wv	KEL-139,KEL-142,KEL-143,KEL-135	0	0	0		https://electronjs.org/docs/api/touch-bar-scrubber
TouchBarSegmentedControl	Class	segmentStyle	instance-property	main	all			F02-windowing	2	UNSUPPORTED	@keld/electron + keld-core window registry + keld-wv	KEL-139,KEL-142,KEL-143,KEL-135	0	0	0		https://electronjs.org/docs/api/touch-bar-segmented-control
TouchBarSegmentedControl	Class	segments	instance-property	main	all			F02-windowing	2	UNSUPPORTED	@keld/electron + keld-core window registry + keld-wv	KEL-139,KEL-142,KEL-143,KEL-135	0	0	0		https://electronjs.org/docs/api/touch-bar-segmented-control
TouchBarSegmentedControl	Class	selectedIndex	instance-property	main	all			F02-windowing	2	UNSUPPORTED	@keld/electron + keld-core window registry + keld-wv	KEL-139,KEL-142,KEL-143,KEL-135	0	0	0		https://electronjs.org/docs/api/touch-bar-segmented-control
TouchBarSegmentedControl	Class	mode	instance-property	main	all			F02-windowing	2	UNSUPPORTED	@keld/electron + keld-core window registry + keld-wv	KEL-139,KEL-142,KEL-143,KEL-135	0	0	0		https://electronjs.org/docs/api/touch-bar-segmented-control
TouchBarSegmentedControl	Class	constructor	constructor	main	all			F02-windowing	2	UNSUPPORTED	@keld/electron + keld-core window registry + keld-wv	KEL-139,KEL-142,KEL-143,KEL-135	0	0	0		https://electronjs.org/docs/api/touch-bar-segmented-control
TouchBarSlider	Class	label	instance-property	main	all			F02-windowing	2	UNSUPPORTED	@keld/electron + keld-core window registry + keld-wv	KEL-139,KEL-142,KEL-143,KEL-135	0	0	0		https://electronjs.org/docs/api/touch-bar-slider
TouchBarSlider	Class	value	instance-property	main	all			F02-windowing	2	UNSUPPORTED	@keld/electron + keld-core window registry + keld-wv	KEL-139,KEL-142,KEL-143,KEL-135	0	0	0		https://electronjs.org/docs/api/touch-bar-slider
TouchBarSlider	Class	minValue	instance-property	main	all			F02-windowing	2	UNSUPPORTED	@keld/electron + keld-core window registry + keld-wv	KEL-139,KEL-142,KEL-143,KEL-135	0	0	0		https://electronjs.org/docs/api/touch-bar-slider
TouchBarSlider	Class	maxValue	instance-property	main	all			F02-windowing	2	UNSUPPORTED	@keld/electron + keld-core window registry + keld-wv	KEL-139,KEL-142,KEL-143,KEL-135	0	0	0		https://electronjs.org/docs/api/touch-bar-slider
TouchBarSlider	Class	constructor	constructor	main	all			F02-windowing	2	UNSUPPORTED	@keld/electron + keld-core window registry + keld-wv	KEL-139,KEL-142,KEL-143,KEL-135	0	0	0		https://electronjs.org/docs/api/touch-bar-slider
TouchBarSpacer	Class	size	instance-property	main	all			F02-windowing	2	UNSUPPORTED	@keld/electron + keld-core window registry + keld-wv	KEL-139,KEL-142,KEL-143,KEL-135	0	0	0		https://electronjs.org/docs/api/touch-bar-spacer
TouchBarSpacer	Class	constructor	constructor	main	all			F02-windowing	2	UNSUPPORTED	@keld/electron + keld-core window registry + keld-wv	KEL-139,KEL-142,KEL-143,KEL-135	0	0	0		https://electronjs.org/docs/api/touch-bar-spacer
TouchBar	Class	escapeItem	instance-property	main	all			F02-windowing	2	UNSUPPORTED	@keld/electron + keld-core window registry + keld-wv	KEL-139,KEL-142,KEL-143,KEL-135	0	0	0		https://electronjs.org/docs/api/touch-bar
TouchBar	Class	TouchBarButton	static-property	main	all			F02-windowing	2	UNSUPPORTED	@keld/electron + keld-core window registry + keld-wv	KEL-139,KEL-142,KEL-143,KEL-135	0	0	0		https://electronjs.org/docs/api/touch-bar
TouchBar	Class	TouchBarColorPicker	static-property	main	all			F02-windowing	2	UNSUPPORTED	@keld/electron + keld-core window registry + keld-wv	KEL-139,KEL-142,KEL-143,KEL-135	0	0	0		https://electronjs.org/docs/api/touch-bar
TouchBar	Class	TouchBarGroup	static-property	main	all			F02-windowing	2	UNSUPPORTED	@keld/electron + keld-core window registry + keld-wv	KEL-139,KEL-142,KEL-143,KEL-135	0	0	0		https://electronjs.org/docs/api/touch-bar
TouchBar	Class	TouchBarLabel	static-property	main	all			F02-windowing	2	UNSUPPORTED	@keld/electron + keld-core window registry + keld-wv	KEL-139,KEL-142,KEL-143,KEL-135	0	0	0		https://electronjs.org/docs/api/touch-bar
TouchBar	Class	TouchBarPopover	static-property	main	all			F02-windowing	2	UNSUPPORTED	@keld/electron + keld-core window registry + keld-wv	KEL-139,KEL-142,KEL-143,KEL-135	0	0	0		https://electronjs.org/docs/api/touch-bar
TouchBar	Class	TouchBarScrubber	static-property	main	all			F02-windowing	2	UNSUPPORTED	@keld/electron + keld-core window registry + keld-wv	KEL-139,KEL-142,KEL-143,KEL-135	0	0	0		https://electronjs.org/docs/api/touch-bar
TouchBar	Class	TouchBarSegmentedControl	static-property	main	all			F02-windowing	2	UNSUPPORTED	@keld/electron + keld-core window registry + keld-wv	KEL-139,KEL-142,KEL-143,KEL-135	0	0	0		https://electronjs.org/docs/api/touch-bar
TouchBar	Class	TouchBarSlider	static-property	main	all			F02-windowing	2	UNSUPPORTED	@keld/electron + keld-core window registry + keld-wv	KEL-139,KEL-142,KEL-143,KEL-135	0	0	0		https://electronjs.org/docs/api/touch-bar
TouchBar	Class	TouchBarSpacer	static-property	main	all			F02-windowing	2	UNSUPPORTED	@keld/electron + keld-core window registry + keld-wv	KEL-139,KEL-142,KEL-143,KEL-135	0	0	0		https://electronjs.org/docs/api/touch-bar
TouchBar	Class	TouchBarOtherItemsProxy	static-property	main	all			F02-windowing	2	UNSUPPORTED	@keld/electron + keld-core window registry + keld-wv	KEL-139,KEL-142,KEL-143,KEL-135	0	0	0		https://electronjs.org/docs/api/touch-bar
TouchBar	Class	constructor	constructor	main	all			F02-windowing	2	UNSUPPORTED	@keld/electron + keld-core window registry + keld-wv	KEL-139,KEL-142,KEL-143,KEL-135	0	0	0		https://electronjs.org/docs/api/touch-bar
Tray	Class	destroy	instance-method	main	all			F06-native-desktop	1	UNSUPPORTED	keld-native brokers + keld-guard system grants + @keld/api	KEL-71,KEL-130,KEL-102,KEL-89,KEL-76	10	10	0		https://electronjs.org/docs/api/tray
Tray	Class	setImage	instance-method	main	all			F06-native-desktop	1	UNSUPPORTED	keld-native brokers + keld-guard system grants + @keld/api	KEL-71,KEL-130,KEL-102,KEL-89,KEL-76	0	0	0		https://electronjs.org/docs/api/tray
Tray	Class	setPressedImage	instance-method	main	macos			F06-native-desktop	1	UNSUPPORTED	keld-native brokers + keld-guard system grants + @keld/api	KEL-71,KEL-130,KEL-102,KEL-89,KEL-76	0	0	0		https://electronjs.org/docs/api/tray
Tray	Class	setToolTip	instance-method	main	all			F06-native-desktop	1	UNSUPPORTED	keld-native brokers + keld-guard system grants + @keld/api	KEL-71,KEL-130,KEL-102,KEL-89,KEL-76	0	1	0		https://electronjs.org/docs/api/tray
Tray	Class	setTitle	instance-method	main	macos			F06-native-desktop	1	UNSUPPORTED	keld-native brokers + keld-guard system grants + @keld/api	KEL-71,KEL-130,KEL-102,KEL-89,KEL-76	0	0	0		https://electronjs.org/docs/api/tray
Tray	Class	getTitle	instance-method	main	macos			F06-native-desktop	1	UNSUPPORTED	keld-native brokers + keld-guard system grants + @keld/api	KEL-71,KEL-130,KEL-102,KEL-89,KEL-76	0	0	0		https://electronjs.org/docs/api/tray
Tray	Class	setIgnoreDoubleClickEvents	instance-method	main	macos			F06-native-desktop	1	UNSUPPORTED	keld-native brokers + keld-guard system grants + @keld/api	KEL-71,KEL-130,KEL-102,KEL-89,KEL-76	0	0	0		https://electronjs.org/docs/api/tray
Tray	Class	getIgnoreDoubleClickEvents	instance-method	main	macos			F06-native-desktop	1	UNSUPPORTED	keld-native brokers + keld-guard system grants + @keld/api	KEL-71,KEL-130,KEL-102,KEL-89,KEL-76	0	0	0		https://electronjs.org/docs/api/tray
Tray	Class	displayBalloon	instance-method	main	windows			F06-native-desktop	1	UNSUPPORTED	keld-native brokers + keld-guard system grants + @keld/api	KEL-71,KEL-130,KEL-102,KEL-89,KEL-76	0	0	0		https://electronjs.org/docs/api/tray
Tray	Class	removeBalloon	instance-method	main	windows			F06-native-desktop	1	UNSUPPORTED	keld-native brokers + keld-guard system grants + @keld/api	KEL-71,KEL-130,KEL-102,KEL-89,KEL-76	0	0	0		https://electronjs.org/docs/api/tray
Tray	Class	focus	instance-method	main	windows			F06-native-desktop	1	UNSUPPORTED	keld-native brokers + keld-guard system grants + @keld/api	KEL-71,KEL-130,KEL-102,KEL-89,KEL-76	0	26	0		https://electronjs.org/docs/api/tray
Tray	Class	popUpContextMenu	instance-method	main	macos,windows			F06-native-desktop	1	UNSUPPORTED	keld-native brokers + keld-guard system grants + @keld/api	KEL-71,KEL-130,KEL-102,KEL-89,KEL-76	0	0	0		https://electronjs.org/docs/api/tray
Tray	Class	closeContextMenu	instance-method	main	macos,windows			F06-native-desktop	1	UNSUPPORTED	keld-native brokers + keld-guard system grants + @keld/api	KEL-71,KEL-130,KEL-102,KEL-89,KEL-76	0	0	0		https://electronjs.org/docs/api/tray
Tray	Class	setContextMenu	instance-method	main	all			F06-native-desktop	1	UNSUPPORTED	keld-native brokers + keld-guard system grants + @keld/api	KEL-71,KEL-130,KEL-102,KEL-89,KEL-76	0	1	0		https://electronjs.org/docs/api/tray
Tray	Class	getBounds	instance-method	main	macos,windows			F06-native-desktop	1	UNSUPPORTED	keld-native brokers + keld-guard system grants + @keld/api	KEL-71,KEL-130,KEL-102,KEL-89,KEL-76	0	2	0		https://electronjs.org/docs/api/tray
Tray	Class	getGUID	instance-method	main	macos,windows			F06-native-desktop	1	UNSUPPORTED	keld-native brokers + keld-guard system grants + @keld/api	KEL-71,KEL-130,KEL-102,KEL-89,KEL-76	0	0	0		https://electronjs.org/docs/api/tray
Tray	Class	isDestroyed	instance-method	main	all			F06-native-desktop	1	UNSUPPORTED	keld-native brokers + keld-guard system grants + @keld/api	KEL-71,KEL-130,KEL-102,KEL-89,KEL-76	6	0	0		https://electronjs.org/docs/api/tray
Tray	Class	click	instance-event	main	all			F06-native-desktop	1	UNSUPPORTED	keld-native brokers + keld-guard system grants + @keld/api	KEL-71,KEL-130,KEL-102,KEL-89,KEL-76	0	25	0		https://electronjs.org/docs/api/tray
Tray	Class	right-click	instance-event	main	macos,windows			F06-native-desktop	1	UNSUPPORTED	keld-native brokers + keld-guard system grants + @keld/api	KEL-71,KEL-130,KEL-102,KEL-89,KEL-76	0	0	0		https://electronjs.org/docs/api/tray
Tray	Class	double-click	instance-event	main	macos,windows			F06-native-desktop	1	UNSUPPORTED	keld-native brokers + keld-guard system grants + @keld/api	KEL-71,KEL-130,KEL-102,KEL-89,KEL-76	0	0	0		https://electronjs.org/docs/api/tray
Tray	Class	middle-click	instance-event	main	windows			F06-native-desktop	1	UNSUPPORTED	keld-native brokers + keld-guard system grants + @keld/api	KEL-71,KEL-130,KEL-102,KEL-89,KEL-76	0	0	0		https://electronjs.org/docs/api/tray
Tray	Class	balloon-show	instance-event	main	windows			F06-native-desktop	1	UNSUPPORTED	keld-native brokers + keld-guard system grants + @keld/api	KEL-71,KEL-130,KEL-102,KEL-89,KEL-76	0	0	0		https://electronjs.org/docs/api/tray
Tray	Class	balloon-click	instance-event	main	windows			F06-native-desktop	1	UNSUPPORTED	keld-native brokers + keld-guard system grants + @keld/api	KEL-71,KEL-130,KEL-102,KEL-89,KEL-76	0	0	0		https://electronjs.org/docs/api/tray
Tray	Class	balloon-closed	instance-event	main	windows			F06-native-desktop	1	UNSUPPORTED	keld-native brokers + keld-guard system grants + @keld/api	KEL-71,KEL-130,KEL-102,KEL-89,KEL-76	0	0	0		https://electronjs.org/docs/api/tray
Tray	Class	drop	instance-event	main	macos			F06-native-desktop	1	UNSUPPORTED	keld-native brokers + keld-guard system grants + @keld/api	KEL-71,KEL-130,KEL-102,KEL-89,KEL-76	0	3	0		https://electronjs.org/docs/api/tray
Tray	Class	drop-files	instance-event	main	macos			F06-native-desktop	1	UNSUPPORTED	keld-native brokers + keld-guard system grants + @keld/api	KEL-71,KEL-130,KEL-102,KEL-89,KEL-76	0	0	0		https://electronjs.org/docs/api/tray
Tray	Class	drop-text	instance-event	main	macos			F06-native-desktop	1	UNSUPPORTED	keld-native brokers + keld-guard system grants + @keld/api	KEL-71,KEL-130,KEL-102,KEL-89,KEL-76	0	0	0		https://electronjs.org/docs/api/tray
Tray	Class	drag-enter	instance-event	main	macos			F06-native-desktop	1	UNSUPPORTED	keld-native brokers + keld-guard system grants + @keld/api	KEL-71,KEL-130,KEL-102,KEL-89,KEL-76	0	0	0		https://electronjs.org/docs/api/tray
Tray	Class	drag-leave	instance-event	main	macos			F06-native-desktop	1	UNSUPPORTED	keld-native brokers + keld-guard system grants + @keld/api	KEL-71,KEL-130,KEL-102,KEL-89,KEL-76	0	0	0		https://electronjs.org/docs/api/tray
Tray	Class	drag-end	instance-event	main	macos			F06-native-desktop	1	UNSUPPORTED	keld-native brokers + keld-guard system grants + @keld/api	KEL-71,KEL-130,KEL-102,KEL-89,KEL-76	0	0	0		https://electronjs.org/docs/api/tray
Tray	Class	mouse-up	instance-event	main	macos			F06-native-desktop	1	UNSUPPORTED	keld-native brokers + keld-guard system grants + @keld/api	KEL-71,KEL-130,KEL-102,KEL-89,KEL-76	0	0	0		https://electronjs.org/docs/api/tray
Tray	Class	mouse-down	instance-event	main	macos			F06-native-desktop	1	UNSUPPORTED	keld-native brokers + keld-guard system grants + @keld/api	KEL-71,KEL-130,KEL-102,KEL-89,KEL-76	0	0	0		https://electronjs.org/docs/api/tray
Tray	Class	mouse-enter	instance-event	main	macos,windows			F06-native-desktop	1	UNSUPPORTED	keld-native brokers + keld-guard system grants + @keld/api	KEL-71,KEL-130,KEL-102,KEL-89,KEL-76	0	0	0		https://electronjs.org/docs/api/tray
Tray	Class	mouse-leave	instance-event	main	macos,windows			F06-native-desktop	1	UNSUPPORTED	keld-native brokers + keld-guard system grants + @keld/api	KEL-71,KEL-130,KEL-102,KEL-89,KEL-76	0	0	0		https://electronjs.org/docs/api/tray
Tray	Class	mouse-move	instance-event	main	macos,windows			F06-native-desktop	1	UNSUPPORTED	keld-native brokers + keld-guard system grants + @keld/api	KEL-71,KEL-130,KEL-102,KEL-89,KEL-76	0	0	0		https://electronjs.org/docs/api/tray
Tray	Class	constructor	constructor	main	all			F06-native-desktop	1	UNSUPPORTED	keld-native brokers + keld-guard system grants + @keld/api	KEL-71,KEL-130,KEL-102,KEL-89,KEL-76	0	0	0		https://electronjs.org/docs/api/tray
utilityProcess	Module	fork	method	main	all			F04-ipc-bridge	2	UNSUPPORTED	@keld/electron (main+renderer shim) + kipc + keld-runtime roles/virtual ports	KEL-80,KEL-75,KEL-136,KEL-98,KEL-142	0	0	0		https://electronjs.org/docs/api/utility-process
UtilityProcess	Class	postMessage	instance-method	main/renderer/utility	all			F04-ipc-bridge	2	UNSUPPORTED	@keld/electron (main+renderer shim) + kipc + keld-runtime roles/virtual ports	KEL-80,KEL-75,KEL-136,KEL-98,KEL-142	0	0	0		https://electronjs.org/docs/api/utility-process
UtilityProcess	Class	kill	instance-method	main/renderer/utility	all			F04-ipc-bridge	2	UNSUPPORTED	@keld/electron (main+renderer shim) + kipc + keld-runtime roles/virtual ports	KEL-80,KEL-75,KEL-136,KEL-98,KEL-142	0	0	0		https://electronjs.org/docs/api/utility-process
UtilityProcess	Class	spawn	instance-event	main/renderer/utility	all			F04-ipc-bridge	2	UNSUPPORTED	@keld/electron (main+renderer shim) + kipc + keld-runtime roles/virtual ports	KEL-80,KEL-75,KEL-136,KEL-98,KEL-142	0	0	0		https://electronjs.org/docs/api/utility-process
UtilityProcess	Class	error	instance-event	main/renderer/utility	all	stability_experimental		F04-ipc-bridge	2	UNSUPPORTED	@keld/electron (main+renderer shim) + kipc + keld-runtime roles/virtual ports	KEL-80,KEL-75,KEL-136,KEL-98,KEL-142	9	86	0		https://electronjs.org/docs/api/utility-process
UtilityProcess	Class	exit	instance-event	main/renderer/utility	all			F04-ipc-bridge	2	UNSUPPORTED	@keld/electron (main+renderer shim) + kipc + keld-runtime roles/virtual ports	KEL-80,KEL-75,KEL-136,KEL-98,KEL-142	1	0	0		https://electronjs.org/docs/api/utility-process
UtilityProcess	Class	message	instance-event	main/renderer/utility	all			F04-ipc-bridge	2	UNSUPPORTED	@keld/electron (main+renderer shim) + kipc + keld-runtime roles/virtual ports	KEL-80,KEL-75,KEL-136,KEL-98,KEL-142	0	6	0		https://electronjs.org/docs/api/utility-process
UtilityProcess	Class	login	instance-event	main/renderer/utility	all			F04-ipc-bridge	2	UNSUPPORTED	@keld/electron (main+renderer shim) + kipc + keld-runtime roles/virtual ports	KEL-80,KEL-75,KEL-136,KEL-98,KEL-142	0	0	0		https://electronjs.org/docs/api/utility-process
UtilityProcess	Class	pid	instance-property	main/renderer/utility	all			F04-ipc-bridge	2	UNSUPPORTED	@keld/electron (main+renderer shim) + kipc + keld-runtime roles/virtual ports	KEL-80,KEL-75,KEL-136,KEL-98,KEL-142	0	0	0		https://electronjs.org/docs/api/utility-process
UtilityProcess	Class	stdout	instance-property	main/renderer/utility	all			F04-ipc-bridge	2	UNSUPPORTED	@keld/electron (main+renderer shim) + kipc + keld-runtime roles/virtual ports	KEL-80,KEL-75,KEL-136,KEL-98,KEL-142	0	0	0		https://electronjs.org/docs/api/utility-process
UtilityProcess	Class	stderr	instance-property	main/renderer/utility	all			F04-ipc-bridge	2	UNSUPPORTED	@keld/electron (main+renderer shim) + kipc + keld-runtime roles/virtual ports	KEL-80,KEL-75,KEL-136,KEL-98,KEL-142	0	0	0		https://electronjs.org/docs/api/utility-process
View	Class	addChildView	instance-method	main	all			F02-windowing	2	UNSUPPORTED	@keld/electron + keld-core window registry + keld-wv	KEL-139,KEL-142,KEL-143,KEL-135	0	0	0		https://electronjs.org/docs/api/view
View	Class	removeChildView	instance-method	main	all			F02-windowing	2	UNSUPPORTED	@keld/electron + keld-core window registry + keld-wv	KEL-139,KEL-142,KEL-143,KEL-135	0	0	0		https://electronjs.org/docs/api/view
View	Class	setBounds	instance-method	main	all			F02-windowing	2	UNSUPPORTED	@keld/electron + keld-core window registry + keld-wv	KEL-139,KEL-142,KEL-143,KEL-135	0	0	0		https://electronjs.org/docs/api/view
View	Class	getBounds	instance-method	main	all			F02-windowing	2	UNSUPPORTED	@keld/electron + keld-core window registry + keld-wv	KEL-139,KEL-142,KEL-143,KEL-135	0	0	0		https://electronjs.org/docs/api/view
View	Class	setBackgroundColor	instance-method	main	all			F02-windowing	2	UNSUPPORTED	@keld/electron + keld-core window registry + keld-wv	KEL-139,KEL-142,KEL-143,KEL-135	0	0	0		https://electronjs.org/docs/api/view
View	Class	setBorderRadius	instance-method	main	all			F02-windowing	2	UNSUPPORTED	@keld/electron + keld-core window registry + keld-wv	KEL-139,KEL-142,KEL-143,KEL-135	0	0	0		https://electronjs.org/docs/api/view
View	Class	setBackgroundBlur	instance-method	main	all			F02-windowing	2	UNSUPPORTED	@keld/electron + keld-core window registry + keld-wv	KEL-139,KEL-142,KEL-143,KEL-135	0	0	0		https://electronjs.org/docs/api/view
View	Class	setVisible	instance-method	main	all			F02-windowing	2	UNSUPPORTED	@keld/electron + keld-core window registry + keld-wv	KEL-139,KEL-142,KEL-143,KEL-135	0	0	0		https://electronjs.org/docs/api/view
View	Class	getVisible	instance-method	main	all			F02-windowing	2	UNSUPPORTED	@keld/electron + keld-core window registry + keld-wv	KEL-139,KEL-142,KEL-143,KEL-135	0	0	0		https://electronjs.org/docs/api/view
View	Class	bounds-changed	instance-event	main	all			F02-windowing	2	UNSUPPORTED	@keld/electron + keld-core window registry + keld-wv	KEL-139,KEL-142,KEL-143,KEL-135	0	0	0		https://electronjs.org/docs/api/view
View	Class	children	instance-property	main	all	availability_readonly		F02-windowing	2	UNSUPPORTED	@keld/electron + keld-core window registry + keld-wv	KEL-139,KEL-142,KEL-143,KEL-135	0	0	0		https://electronjs.org/docs/api/view
View	Class	constructor	constructor	main	all			F02-windowing	2	UNSUPPORTED	@keld/electron + keld-core window registry + keld-wv	KEL-139,KEL-142,KEL-143,KEL-135	0	0	0		https://electronjs.org/docs/api/view
WebContentsView	Class	webContents	instance-property	main	all	availability_readonly		F02-windowing	2	UNSUPPORTED	@keld/electron + keld-core window registry + keld-wv	KEL-139,KEL-142,KEL-143,KEL-135	0	0	0		https://electronjs.org/docs/api/web-contents-view
WebContentsView	Class	constructor	constructor	main	all		View	F02-windowing	2	UNSUPPORTED	@keld/electron + keld-core window registry + keld-wv	KEL-139,KEL-142,KEL-143,KEL-135	0	0	0		https://electronjs.org/docs/api/web-contents-view
webContents	Module	getAllWebContents	method	main	all			F03-webcontents-navigation	1	UNSUPPORTED	@keld/electron + keld-wv + keld-compat (webContents routing)	KEL-79,KEL-132,KEL-142	0	0	0		https://electronjs.org/docs/api/web-contents
webContents	Module	getFocusedWebContents	method	main	all			F03-webcontents-navigation	1	UNSUPPORTED	@keld/electron + keld-wv + keld-compat (webContents routing)	KEL-79,KEL-132,KEL-142	0	0	0		https://electronjs.org/docs/api/web-contents
webContents	Module	fromId	method	main	all			F03-webcontents-navigation	1	UNSUPPORTED	@keld/electron + keld-wv + keld-compat (webContents routing)	KEL-79,KEL-132,KEL-142	0	0	0		https://electronjs.org/docs/api/web-contents
webContents	Module	fromFrame	method	main	all			F03-webcontents-navigation	1	UNSUPPORTED	@keld/electron + keld-wv + keld-compat (webContents routing)	KEL-79,KEL-132,KEL-142	0	0	0		https://electronjs.org/docs/api/web-contents
webContents	Module	fromDevToolsTargetId	method	main	all			F03-webcontents-navigation	1	UNSUPPORTED	@keld/electron + keld-wv + keld-compat (webContents routing)	KEL-79,KEL-132,KEL-142	0	0	0		https://electronjs.org/docs/api/web-contents
WebContents	Class	loadURL	instance-method	main	all			F03-webcontents-navigation	1	UNSUPPORTED	@keld/electron + keld-wv + keld-compat (webContents routing)	KEL-79,KEL-132,KEL-142	4	14	0		https://electronjs.org/docs/api/web-contents
WebContents	Class	loadFile	instance-method	main	all			F03-webcontents-navigation	1	UNSUPPORTED	@keld/electron + keld-wv + keld-compat (webContents routing)	KEL-79,KEL-132,KEL-142	0	0	1		https://electronjs.org/docs/api/web-contents
WebContents	Class	downloadURL	instance-method	main	all			F03-webcontents-navigation	1	UNSUPPORTED	@keld/electron + keld-wv + keld-compat (webContents routing)	KEL-79,KEL-132,KEL-142	0	0	0		https://electronjs.org/docs/api/web-contents
WebContents	Class	getURL	instance-method	main	all			F03-webcontents-navigation	1	UNSUPPORTED	@keld/electron + keld-wv + keld-compat (webContents routing)	KEL-79,KEL-132,KEL-142	0	0	0		https://electronjs.org/docs/api/web-contents
WebContents	Class	getTitle	instance-method	main	all			F03-webcontents-navigation	1	UNSUPPORTED	@keld/electron + keld-wv + keld-compat (webContents routing)	KEL-79,KEL-132,KEL-142	0	0	0		https://electronjs.org/docs/api/web-contents
WebContents	Class	isDestroyed	instance-method	main	all			F03-webcontents-navigation	1	UNSUPPORTED	@keld/electron + keld-wv + keld-compat (webContents routing)	KEL-79,KEL-132,KEL-142	6	0	0		https://electronjs.org/docs/api/web-contents
WebContents	Class	close	instance-method	main	all			F03-webcontents-navigation	1	UNSUPPORTED	@keld/electron + keld-wv + keld-compat (webContents routing)	KEL-79,KEL-132,KEL-142	11	15	0		https://electronjs.org/docs/api/web-contents
WebContents	Class	focus	instance-method	main	all			F03-webcontents-navigation	1	UNSUPPORTED	@keld/electron + keld-wv + keld-compat (webContents routing)	KEL-79,KEL-132,KEL-142	0	30	0		https://electronjs.org/docs/api/web-contents
WebContents	Class	isFocused	instance-method	main	all			F03-webcontents-navigation	1	UNSUPPORTED	@keld/electron + keld-wv + keld-compat (webContents routing)	KEL-79,KEL-132,KEL-142	0	0	0		https://electronjs.org/docs/api/web-contents
WebContents	Class	isLoading	instance-method	main	all			F03-webcontents-navigation	1	UNSUPPORTED	@keld/electron + keld-wv + keld-compat (webContents routing)	KEL-79,KEL-132,KEL-142	0	0	0		https://electronjs.org/docs/api/web-contents
WebContents	Class	isLoadingMainFrame	instance-method	main	all			F03-webcontents-navigation	1	UNSUPPORTED	@keld/electron + keld-wv + keld-compat (webContents routing)	KEL-79,KEL-132,KEL-142	0	0	0		https://electronjs.org/docs/api/web-contents
WebContents	Class	isWaitingForResponse	instance-method	main	all			F03-webcontents-navigation	1	UNSUPPORTED	@keld/electron + keld-wv + keld-compat (webContents routing)	KEL-79,KEL-132,KEL-142	0	0	0		https://electronjs.org/docs/api/web-contents
WebContents	Class	stop	instance-method	main	all			F03-webcontents-navigation	1	UNSUPPORTED	@keld/electron + keld-wv + keld-compat (webContents routing)	KEL-79,KEL-132,KEL-142	0	0	0		https://electronjs.org/docs/api/web-contents
WebContents	Class	reload	instance-method	main	all			F03-webcontents-navigation	1	UNSUPPORTED	@keld/electron + keld-wv + keld-compat (webContents routing)	KEL-79,KEL-132,KEL-142	0	5	0		https://electronjs.org/docs/api/web-contents
WebContents	Class	reloadIgnoringCache	instance-method	main	all			F03-webcontents-navigation	1	UNSUPPORTED	@keld/electron + keld-wv + keld-compat (webContents routing)	KEL-79,KEL-132,KEL-142	0	0	0		https://electronjs.org/docs/api/web-contents
WebContents	Class	canGoBack	instance-method	main	all	stability_deprecated		F03-webcontents-navigation	1	UNSUPPORTED	@keld/electron + keld-wv + keld-compat (webContents routing)	KEL-79,KEL-132,KEL-142	0	0	0		https://electronjs.org/docs/api/web-contents
WebContents	Class	canGoForward	instance-method	main	all	stability_deprecated		F03-webcontents-navigation	1	UNSUPPORTED	@keld/electron + keld-wv + keld-compat (webContents routing)	KEL-79,KEL-132,KEL-142	0	0	0		https://electronjs.org/docs/api/web-contents
WebContents	Class	canGoToOffset	instance-method	main	all	stability_deprecated		F03-webcontents-navigation	1	UNSUPPORTED	@keld/electron + keld-wv + keld-compat (webContents routing)	KEL-79,KEL-132,KEL-142	0	0	0		https://electronjs.org/docs/api/web-contents
WebContents	Class	clearHistory	instance-method	main	all	stability_deprecated		F03-webcontents-navigation	1	UNSUPPORTED	@keld/electron + keld-wv + keld-compat (webContents routing)	KEL-79,KEL-132,KEL-142	0	0	0		https://electronjs.org/docs/api/web-contents
WebContents	Class	goBack	instance-method	main	all	stability_deprecated		F03-webcontents-navigation	1	UNSUPPORTED	@keld/electron + keld-wv + keld-compat (webContents routing)	KEL-79,KEL-132,KEL-142	0	0	0		https://electronjs.org/docs/api/web-contents
WebContents	Class	goForward	instance-method	main	all	stability_deprecated		F03-webcontents-navigation	1	UNSUPPORTED	@keld/electron + keld-wv + keld-compat (webContents routing)	KEL-79,KEL-132,KEL-142	0	0	0		https://electronjs.org/docs/api/web-contents
WebContents	Class	goToIndex	instance-method	main	all	stability_deprecated		F03-webcontents-navigation	1	UNSUPPORTED	@keld/electron + keld-wv + keld-compat (webContents routing)	KEL-79,KEL-132,KEL-142	0	0	0		https://electronjs.org/docs/api/web-contents
WebContents	Class	goToOffset	instance-method	main	all	stability_deprecated		F03-webcontents-navigation	1	UNSUPPORTED	@keld/electron + keld-wv + keld-compat (webContents routing)	KEL-79,KEL-132,KEL-142	0	0	0		https://electronjs.org/docs/api/web-contents
WebContents	Class	isCrashed	instance-method	main	all			F03-webcontents-navigation	1	UNSUPPORTED	@keld/electron + keld-wv + keld-compat (webContents routing)	KEL-79,KEL-132,KEL-142	0	0	0		https://electronjs.org/docs/api/web-contents
WebContents	Class	forcefullyCrashRenderer	instance-method	main	all			F03-webcontents-navigation	1	UNSUPPORTED	@keld/electron + keld-wv + keld-compat (webContents routing)	KEL-79,KEL-132,KEL-142	0	0	0		https://electronjs.org/docs/api/web-contents
WebContents	Class	setUserAgent	instance-method	main	all			F03-webcontents-navigation	1	UNSUPPORTED	@keld/electron + keld-wv + keld-compat (webContents routing)	KEL-79,KEL-132,KEL-142	0	0	0		https://electronjs.org/docs/api/web-contents
WebContents	Class	getUserAgent	instance-method	main	all			F03-webcontents-navigation	1	UNSUPPORTED	@keld/electron + keld-wv + keld-compat (webContents routing)	KEL-79,KEL-132,KEL-142	0	0	0		https://electronjs.org/docs/api/web-contents
WebContents	Class	insertCSS	instance-method	main	all			F03-webcontents-navigation	1	UNSUPPORTED	@keld/electron + keld-wv + keld-compat (webContents routing)	KEL-79,KEL-132,KEL-142	0	0	0		https://electronjs.org/docs/api/web-contents
WebContents	Class	removeInsertedCSS	instance-method	main	all			F03-webcontents-navigation	1	UNSUPPORTED	@keld/electron + keld-wv + keld-compat (webContents routing)	KEL-79,KEL-132,KEL-142	0	0	0		https://electronjs.org/docs/api/web-contents
WebContents	Class	executeJavaScript	instance-method	main	all			F03-webcontents-navigation	1	UNSUPPORTED	@keld/electron + keld-wv + keld-compat (webContents routing)	KEL-79,KEL-132,KEL-142	5	0	0		https://electronjs.org/docs/api/web-contents
WebContents	Class	executeJavaScriptInIsolatedWorld	instance-method	main	all			F03-webcontents-navigation	1	UNSUPPORTED	@keld/electron + keld-wv + keld-compat (webContents routing)	KEL-79,KEL-132,KEL-142	0	0	0		https://electronjs.org/docs/api/web-contents
WebContents	Class	setIgnoreMenuShortcuts	instance-method	main	all			F03-webcontents-navigation	1	UNSUPPORTED	@keld/electron + keld-wv + keld-compat (webContents routing)	KEL-79,KEL-132,KEL-142	0	0	0		https://electronjs.org/docs/api/web-contents
WebContents	Class	setWindowOpenHandler	instance-method	main	all			F03-webcontents-navigation	1	UNSUPPORTED	@keld/electron + keld-wv + keld-compat (webContents routing)	KEL-79,KEL-132,KEL-142	1	1	0		https://electronjs.org/docs/api/web-contents
WebContents	Class	setAudioMuted	instance-method	main	all			F03-webcontents-navigation	1	UNSUPPORTED	@keld/electron + keld-wv + keld-compat (webContents routing)	KEL-79,KEL-132,KEL-142	0	0	0		https://electronjs.org/docs/api/web-contents
WebContents	Class	isAudioMuted	instance-method	main	all			F03-webcontents-navigation	1	UNSUPPORTED	@keld/electron + keld-wv + keld-compat (webContents routing)	KEL-79,KEL-132,KEL-142	0	0	0		https://electronjs.org/docs/api/web-contents
WebContents	Class	isCurrentlyAudible	instance-method	main	all			F03-webcontents-navigation	1	UNSUPPORTED	@keld/electron + keld-wv + keld-compat (webContents routing)	KEL-79,KEL-132,KEL-142	0	0	0		https://electronjs.org/docs/api/web-contents
WebContents	Class	setCaretBrowsingEnabled	instance-method	main	all			F03-webcontents-navigation	1	UNSUPPORTED	@keld/electron + keld-wv + keld-compat (webContents routing)	KEL-79,KEL-132,KEL-142	0	0	0		https://electronjs.org/docs/api/web-contents
WebContents	Class	isCaretBrowsingEnabled	instance-method	main	all			F03-webcontents-navigation	1	UNSUPPORTED	@keld/electron + keld-wv + keld-compat (webContents routing)	KEL-79,KEL-132,KEL-142	0	0	0		https://electronjs.org/docs/api/web-contents
WebContents	Class	setZoomFactor	instance-method	main	all			F03-webcontents-navigation	1	UNSUPPORTED	@keld/electron + keld-wv + keld-compat (webContents routing)	KEL-79,KEL-132,KEL-142	0	0	0		https://electronjs.org/docs/api/web-contents
WebContents	Class	getZoomFactor	instance-method	main	all			F03-webcontents-navigation	1	UNSUPPORTED	@keld/electron + keld-wv + keld-compat (webContents routing)	KEL-79,KEL-132,KEL-142	0	1	0		https://electronjs.org/docs/api/web-contents
WebContents	Class	setZoomLevel	instance-method	main	all			F03-webcontents-navigation	1	UNSUPPORTED	@keld/electron + keld-wv + keld-compat (webContents routing)	KEL-79,KEL-132,KEL-142	0	0	0		https://electronjs.org/docs/api/web-contents
WebContents	Class	getZoomLevel	instance-method	main	all			F03-webcontents-navigation	1	UNSUPPORTED	@keld/electron + keld-wv + keld-compat (webContents routing)	KEL-79,KEL-132,KEL-142	0	1	0		https://electronjs.org/docs/api/web-contents
WebContents	Class	setZoomMode	instance-method	main	all			F03-webcontents-navigation	1	UNSUPPORTED	@keld/electron + keld-wv + keld-compat (webContents routing)	KEL-79,KEL-132,KEL-142	0	0	0		https://electronjs.org/docs/api/web-contents
WebContents	Class	getZoomMode	instance-method	main	all			F03-webcontents-navigation	1	UNSUPPORTED	@keld/electron + keld-wv + keld-compat (webContents routing)	KEL-79,KEL-132,KEL-142	0	0	0		https://electronjs.org/docs/api/web-contents
WebContents	Class	setVisualZoomLevelLimits	instance-method	main	all			F03-webcontents-navigation	1	UNSUPPORTED	@keld/electron + keld-wv + keld-compat (webContents routing)	KEL-79,KEL-132,KEL-142	3	0	0		https://electronjs.org/docs/api/web-contents
WebContents	Class	undo	instance-method	main	all			F03-webcontents-navigation	1	UNSUPPORTED	@keld/electron + keld-wv + keld-compat (webContents routing)	KEL-79,KEL-132,KEL-142	0	1	0		https://electronjs.org/docs/api/web-contents
WebContents	Class	redo	instance-method	main	all			F03-webcontents-navigation	1	UNSUPPORTED	@keld/electron + keld-wv + keld-compat (webContents routing)	KEL-79,KEL-132,KEL-142	0	1	0		https://electronjs.org/docs/api/web-contents
WebContents	Class	cut	instance-method	main	all			F03-webcontents-navigation	1	UNSUPPORTED	@keld/electron + keld-wv + keld-compat (webContents routing)	KEL-79,KEL-132,KEL-142	0	0	0		https://electronjs.org/docs/api/web-contents
WebContents	Class	copy	instance-method	main	all			F03-webcontents-navigation	1	UNSUPPORTED	@keld/electron + keld-wv + keld-compat (webContents routing)	KEL-79,KEL-132,KEL-142	3	2	0		https://electronjs.org/docs/api/web-contents
WebContents	Class	centerSelection	instance-method	main	all			F03-webcontents-navigation	1	UNSUPPORTED	@keld/electron + keld-wv + keld-compat (webContents routing)	KEL-79,KEL-132,KEL-142	0	0	0		https://electronjs.org/docs/api/web-contents
WebContents	Class	copyImageAt	instance-method	main	all			F03-webcontents-navigation	1	UNSUPPORTED	@keld/electron + keld-wv + keld-compat (webContents routing)	KEL-79,KEL-132,KEL-142	0	0	0		https://electronjs.org/docs/api/web-contents
WebContents	Class	copyVideoFrameAt	instance-method	main	all			F03-webcontents-navigation	1	UNSUPPORTED	@keld/electron + keld-wv + keld-compat (webContents routing)	KEL-79,KEL-132,KEL-142	0	0	0		https://electronjs.org/docs/api/web-contents
WebContents	Class	saveVideoFrameAs	instance-method	main	all			F03-webcontents-navigation	1	UNSUPPORTED	@keld/electron + keld-wv + keld-compat (webContents routing)	KEL-79,KEL-132,KEL-142	0	0	0		https://electronjs.org/docs/api/web-contents
WebContents	Class	paste	instance-method	main	all			F03-webcontents-navigation	1	UNSUPPORTED	@keld/electron + keld-wv + keld-compat (webContents routing)	KEL-79,KEL-132,KEL-142	0	2	0		https://electronjs.org/docs/api/web-contents
WebContents	Class	pasteAndMatchStyle	instance-method	main	all			F03-webcontents-navigation	1	UNSUPPORTED	@keld/electron + keld-wv + keld-compat (webContents routing)	KEL-79,KEL-132,KEL-142	1	1	0		https://electronjs.org/docs/api/web-contents
WebContents	Class	delete	instance-method	main	all			F03-webcontents-navigation	1	UNSUPPORTED	@keld/electron + keld-wv + keld-compat (webContents routing)	KEL-79,KEL-132,KEL-142	3	13	0		https://electronjs.org/docs/api/web-contents
WebContents	Class	selectAll	instance-method	main	all			F03-webcontents-navigation	1	UNSUPPORTED	@keld/electron + keld-wv + keld-compat (webContents routing)	KEL-79,KEL-132,KEL-142	0	11	0		https://electronjs.org/docs/api/web-contents
WebContents	Class	unselect	instance-method	main	all			F03-webcontents-navigation	1	UNSUPPORTED	@keld/electron + keld-wv + keld-compat (webContents routing)	KEL-79,KEL-132,KEL-142	0	0	0		https://electronjs.org/docs/api/web-contents
WebContents	Class	scrollToTop	instance-method	main	all			F03-webcontents-navigation	1	UNSUPPORTED	@keld/electron + keld-wv + keld-compat (webContents routing)	KEL-79,KEL-132,KEL-142	0	0	0		https://electronjs.org/docs/api/web-contents
WebContents	Class	scrollToBottom	instance-method	main	all			F03-webcontents-navigation	1	UNSUPPORTED	@keld/electron + keld-wv + keld-compat (webContents routing)	KEL-79,KEL-132,KEL-142	0	0	0		https://electronjs.org/docs/api/web-contents
WebContents	Class	adjustSelection	instance-method	main	all			F03-webcontents-navigation	1	UNSUPPORTED	@keld/electron + keld-wv + keld-compat (webContents routing)	KEL-79,KEL-132,KEL-142	0	0	0		https://electronjs.org/docs/api/web-contents
WebContents	Class	replace	instance-method	main	all			F03-webcontents-navigation	1	UNSUPPORTED	@keld/electron + keld-wv + keld-compat (webContents routing)	KEL-79,KEL-132,KEL-142	22	110	0		https://electronjs.org/docs/api/web-contents
WebContents	Class	replaceMisspelling	instance-method	main	all			F03-webcontents-navigation	1	UNSUPPORTED	@keld/electron + keld-wv + keld-compat (webContents routing)	KEL-79,KEL-132,KEL-142	0	0	0		https://electronjs.org/docs/api/web-contents
WebContents	Class	insertText	instance-method	main	all			F03-webcontents-navigation	1	UNSUPPORTED	@keld/electron + keld-wv + keld-compat (webContents routing)	KEL-79,KEL-132,KEL-142	0	0	0		https://electronjs.org/docs/api/web-contents
WebContents	Class	findInPage	instance-method	main	all			F03-webcontents-navigation	1	UNSUPPORTED	@keld/electron + keld-wv + keld-compat (webContents routing)	KEL-79,KEL-132,KEL-142	0	0	0		https://electronjs.org/docs/api/web-contents
WebContents	Class	stopFindInPage	instance-method	main	all			F03-webcontents-navigation	1	UNSUPPORTED	@keld/electron + keld-wv + keld-compat (webContents routing)	KEL-79,KEL-132,KEL-142	0	0	0		https://electronjs.org/docs/api/web-contents
WebContents	Class	capturePage	instance-method	main	all			F03-webcontents-navigation	1	UNSUPPORTED	@keld/electron + keld-wv + keld-compat (webContents routing)	KEL-79,KEL-132,KEL-142	1	0	0		https://electronjs.org/docs/api/web-contents
WebContents	Class	isBeingCaptured	instance-method	main	all			F03-webcontents-navigation	1	UNSUPPORTED	@keld/electron + keld-wv + keld-compat (webContents routing)	KEL-79,KEL-132,KEL-142	0	0	0		https://electronjs.org/docs/api/web-contents
WebContents	Class	getPrintersAsync	instance-method	main	all			F03-webcontents-navigation	1	UNSUPPORTED	@keld/electron + keld-wv + keld-compat (webContents routing)	KEL-79,KEL-132,KEL-142	0	0	0		https://electronjs.org/docs/api/web-contents
WebContents	Class	print	instance-method	main	all			F03-webcontents-navigation	1	UNSUPPORTED	@keld/electron + keld-wv + keld-compat (webContents routing)	KEL-79,KEL-132,KEL-142	3	0	0		https://electronjs.org/docs/api/web-contents
WebContents	Class	printToPDF	instance-method	main	all			F03-webcontents-navigation	1	UNSUPPORTED	@keld/electron + keld-wv + keld-compat (webContents routing)	KEL-79,KEL-132,KEL-142	1	0	0		https://electronjs.org/docs/api/web-contents
WebContents	Class	addWorkSpace	instance-method	main	all			F03-webcontents-navigation	1	UNSUPPORTED	@keld/electron + keld-wv + keld-compat (webContents routing)	KEL-79,KEL-132,KEL-142	0	0	0		https://electronjs.org/docs/api/web-contents
WebContents	Class	removeWorkSpace	instance-method	main	all			F03-webcontents-navigation	1	UNSUPPORTED	@keld/electron + keld-wv + keld-compat (webContents routing)	KEL-79,KEL-132,KEL-142	0	0	0		https://electronjs.org/docs/api/web-contents
WebContents	Class	setDevToolsWebContents	instance-method	main	all			F03-webcontents-navigation	1	UNSUPPORTED	@keld/electron + keld-wv + keld-compat (webContents routing)	KEL-79,KEL-132,KEL-142	0	0	0		https://electronjs.org/docs/api/web-contents
WebContents	Class	openDevTools	instance-method	main	all			F03-webcontents-navigation	1	UNSUPPORTED	@keld/electron + keld-wv + keld-compat (webContents routing)	KEL-79,KEL-132,KEL-142	2	0	1		https://electronjs.org/docs/api/web-contents
WebContents	Class	closeDevTools	instance-method	main	all			F03-webcontents-navigation	1	UNSUPPORTED	@keld/electron + keld-wv + keld-compat (webContents routing)	KEL-79,KEL-132,KEL-142	0	0	0		https://electronjs.org/docs/api/web-contents
WebContents	Class	isDevToolsOpened	instance-method	main	all			F03-webcontents-navigation	1	UNSUPPORTED	@keld/electron + keld-wv + keld-compat (webContents routing)	KEL-79,KEL-132,KEL-142	0	0	0		https://electronjs.org/docs/api/web-contents
WebContents	Class	isDevToolsFocused	instance-method	main	all			F03-webcontents-navigation	1	UNSUPPORTED	@keld/electron + keld-wv + keld-compat (webContents routing)	KEL-79,KEL-132,KEL-142	0	0	0		https://electronjs.org/docs/api/web-contents
WebContents	Class	getDevToolsTitle	instance-method	main	all			F03-webcontents-navigation	1	UNSUPPORTED	@keld/electron + keld-wv + keld-compat (webContents routing)	KEL-79,KEL-132,KEL-142	0	0	0		https://electronjs.org/docs/api/web-contents
WebContents	Class	setDevToolsTitle	instance-method	main	all			F03-webcontents-navigation	1	UNSUPPORTED	@keld/electron + keld-wv + keld-compat (webContents routing)	KEL-79,KEL-132,KEL-142	0	0	0		https://electronjs.org/docs/api/web-contents
WebContents	Class	toggleDevTools	instance-method	main	all			F03-webcontents-navigation	1	UNSUPPORTED	@keld/electron + keld-wv + keld-compat (webContents routing)	KEL-79,KEL-132,KEL-142	0	2	0		https://electronjs.org/docs/api/web-contents
WebContents	Class	inspectElement	instance-method	main	all			F03-webcontents-navigation	1	UNSUPPORTED	@keld/electron + keld-wv + keld-compat (webContents routing)	KEL-79,KEL-132,KEL-142	0	0	0		https://electronjs.org/docs/api/web-contents
WebContents	Class	inspectSharedWorker	instance-method	main	all			F03-webcontents-navigation	1	UNSUPPORTED	@keld/electron + keld-wv + keld-compat (webContents routing)	KEL-79,KEL-132,KEL-142	0	0	0		https://electronjs.org/docs/api/web-contents
WebContents	Class	inspectSharedWorkerById	instance-method	main	all			F03-webcontents-navigation	1	UNSUPPORTED	@keld/electron + keld-wv + keld-compat (webContents routing)	KEL-79,KEL-132,KEL-142	0	0	0		https://electronjs.org/docs/api/web-contents
WebContents	Class	getAllSharedWorkers	instance-method	main	all			F03-webcontents-navigation	1	UNSUPPORTED	@keld/electron + keld-wv + keld-compat (webContents routing)	KEL-79,KEL-132,KEL-142	0	0	0		https://electronjs.org/docs/api/web-contents
WebContents	Class	inspectServiceWorker	instance-method	main	all			F03-webcontents-navigation	1	UNSUPPORTED	@keld/electron + keld-wv + keld-compat (webContents routing)	KEL-79,KEL-132,KEL-142	0	0	0		https://electronjs.org/docs/api/web-contents
WebContents	Class	send	instance-method	main	all			F03-webcontents-navigation	1	UNSUPPORTED	@keld/electron + keld-wv + keld-compat (webContents routing)	KEL-79,KEL-132,KEL-142	15	84	0		https://electronjs.org/docs/api/web-contents
WebContents	Class	sendToFrame	instance-method	main	all			F03-webcontents-navigation	1	UNSUPPORTED	@keld/electron + keld-wv + keld-compat (webContents routing)	KEL-79,KEL-132,KEL-142	0	0	0		https://electronjs.org/docs/api/web-contents
WebContents	Class	postMessage	instance-method	main	all			F03-webcontents-navigation	1	UNSUPPORTED	@keld/electron + keld-wv + keld-compat (webContents routing)	KEL-79,KEL-132,KEL-142	0	0	0		https://electronjs.org/docs/api/web-contents
WebContents	Class	enableDeviceEmulation	instance-method	main	all			F03-webcontents-navigation	1	UNSUPPORTED	@keld/electron + keld-wv + keld-compat (webContents routing)	KEL-79,KEL-132,KEL-142	0	0	0		https://electronjs.org/docs/api/web-contents
WebContents	Class	disableDeviceEmulation	instance-method	main	all			F03-webcontents-navigation	1	UNSUPPORTED	@keld/electron + keld-wv + keld-compat (webContents routing)	KEL-79,KEL-132,KEL-142	0	0	0		https://electronjs.org/docs/api/web-contents
WebContents	Class	sendInputEvent	instance-method	main	all			F03-webcontents-navigation	1	UNSUPPORTED	@keld/electron + keld-wv + keld-compat (webContents routing)	KEL-79,KEL-132,KEL-142	0	0	0		https://electronjs.org/docs/api/web-contents
WebContents	Class	beginFrameSubscription	instance-method	main	all			F03-webcontents-navigation	1	UNSUPPORTED	@keld/electron + keld-wv + keld-compat (webContents routing)	KEL-79,KEL-132,KEL-142	0	0	0		https://electronjs.org/docs/api/web-contents
WebContents	Class	endFrameSubscription	instance-method	main	all			F03-webcontents-navigation	1	UNSUPPORTED	@keld/electron + keld-wv + keld-compat (webContents routing)	KEL-79,KEL-132,KEL-142	0	0	0		https://electronjs.org/docs/api/web-contents
WebContents	Class	startDrag	instance-method	main	all			F03-webcontents-navigation	1	UNSUPPORTED	@keld/electron + keld-wv + keld-compat (webContents routing)	KEL-79,KEL-132,KEL-142	0	0	0		https://electronjs.org/docs/api/web-contents
WebContents	Class	savePage	instance-method	main	all			F03-webcontents-navigation	1	UNSUPPORTED	@keld/electron + keld-wv + keld-compat (webContents routing)	KEL-79,KEL-132,KEL-142	0	0	0		https://electronjs.org/docs/api/web-contents
WebContents	Class	showDefinitionForSelection	instance-method	main	macos			F03-webcontents-navigation	1	UNSUPPORTED	@keld/electron + keld-wv + keld-compat (webContents routing)	KEL-79,KEL-132,KEL-142	0	0	0		https://electronjs.org/docs/api/web-contents
WebContents	Class	isOffscreen	instance-method	main	all			F03-webcontents-navigation	1	UNSUPPORTED	@keld/electron + keld-wv + keld-compat (webContents routing)	KEL-79,KEL-132,KEL-142	0	0	0		https://electronjs.org/docs/api/web-contents
WebContents	Class	startPainting	instance-method	main	all			F03-webcontents-navigation	1	UNSUPPORTED	@keld/electron + keld-wv + keld-compat (webContents routing)	KEL-79,KEL-132,KEL-142	0	0	0		https://electronjs.org/docs/api/web-contents
WebContents	Class	stopPainting	instance-method	main	all			F03-webcontents-navigation	1	UNSUPPORTED	@keld/electron + keld-wv + keld-compat (webContents routing)	KEL-79,KEL-132,KEL-142	0	0	0		https://electronjs.org/docs/api/web-contents
WebContents	Class	isPainting	instance-method	main	all			F03-webcontents-navigation	1	UNSUPPORTED	@keld/electron + keld-wv + keld-compat (webContents routing)	KEL-79,KEL-132,KEL-142	0	0	0		https://electronjs.org/docs/api/web-contents
WebContents	Class	setFrameRate	instance-method	main	all			F03-webcontents-navigation	1	UNSUPPORTED	@keld/electron + keld-wv + keld-compat (webContents routing)	KEL-79,KEL-132,KEL-142	0	0	0		https://electronjs.org/docs/api/web-contents
WebContents	Class	getFrameRate	instance-method	main	all			F03-webcontents-navigation	1	UNSUPPORTED	@keld/electron + keld-wv + keld-compat (webContents routing)	KEL-79,KEL-132,KEL-142	0	0	0		https://electronjs.org/docs/api/web-contents
WebContents	Class	invalidate	instance-method	main	all			F03-webcontents-navigation	1	UNSUPPORTED	@keld/electron + keld-wv + keld-compat (webContents routing)	KEL-79,KEL-132,KEL-142	0	0	0		https://electronjs.org/docs/api/web-contents
WebContents	Class	getWebRTCIPHandlingPolicy	instance-method	main	all			F03-webcontents-navigation	1	UNSUPPORTED	@keld/electron + keld-wv + keld-compat (webContents routing)	KEL-79,KEL-132,KEL-142	0	0	0		https://electronjs.org/docs/api/web-contents
WebContents	Class	setWebRTCIPHandlingPolicy	instance-method	main	all			F03-webcontents-navigation	1	UNSUPPORTED	@keld/electron + keld-wv + keld-compat (webContents routing)	KEL-79,KEL-132,KEL-142	0	0	0		https://electronjs.org/docs/api/web-contents
WebContents	Class	getWebRTCUDPPortRange	instance-method	main	all			F03-webcontents-navigation	1	UNSUPPORTED	@keld/electron + keld-wv + keld-compat (webContents routing)	KEL-79,KEL-132,KEL-142	0	0	0		https://electronjs.org/docs/api/web-contents
WebContents	Class	setWebRTCUDPPortRange	instance-method	main	all			F03-webcontents-navigation	1	UNSUPPORTED	@keld/electron + keld-wv + keld-compat (webContents routing)	KEL-79,KEL-132,KEL-142	0	0	0		https://electronjs.org/docs/api/web-contents
WebContents	Class	getMediaSourceId	instance-method	main	all			F03-webcontents-navigation	1	UNSUPPORTED	@keld/electron + keld-wv + keld-compat (webContents routing)	KEL-79,KEL-132,KEL-142	0	0	0		https://electronjs.org/docs/api/web-contents
WebContents	Class	getOrCreateDevToolsTargetId	instance-method	main	all			F03-webcontents-navigation	1	UNSUPPORTED	@keld/electron + keld-wv + keld-compat (webContents routing)	KEL-79,KEL-132,KEL-142	0	0	0		https://electronjs.org/docs/api/web-contents
WebContents	Class	getOSProcessId	instance-method	main	all			F03-webcontents-navigation	1	UNSUPPORTED	@keld/electron + keld-wv + keld-compat (webContents routing)	KEL-79,KEL-132,KEL-142	0	0	0		https://electronjs.org/docs/api/web-contents
WebContents	Class	getProcessId	instance-method	main	all			F03-webcontents-navigation	1	UNSUPPORTED	@keld/electron + keld-wv + keld-compat (webContents routing)	KEL-79,KEL-132,KEL-142	0	0	0		https://electronjs.org/docs/api/web-contents
WebContents	Class	clone	instance-method	main	all			F03-webcontents-navigation	1	UNSUPPORTED	@keld/electron + keld-wv + keld-compat (webContents routing)	KEL-79,KEL-132,KEL-142	0	0	0		https://electronjs.org/docs/api/web-contents
WebContents	Class	takeHeapSnapshot	instance-method	main	all			F03-webcontents-navigation	1	UNSUPPORTED	@keld/electron + keld-wv + keld-compat (webContents routing)	KEL-79,KEL-132,KEL-142	0	0	0		https://electronjs.org/docs/api/web-contents
WebContents	Class	getBackgroundThrottling	instance-method	main	all			F03-webcontents-navigation	1	UNSUPPORTED	@keld/electron + keld-wv + keld-compat (webContents routing)	KEL-79,KEL-132,KEL-142	0	0	0		https://electronjs.org/docs/api/web-contents
WebContents	Class	setBackgroundThrottling	instance-method	main	all			F03-webcontents-navigation	1	UNSUPPORTED	@keld/electron + keld-wv + keld-compat (webContents routing)	KEL-79,KEL-132,KEL-142	0	0	0		https://electronjs.org/docs/api/web-contents
WebContents	Class	getType	instance-method	main	all			F03-webcontents-navigation	1	UNSUPPORTED	@keld/electron + keld-wv + keld-compat (webContents routing)	KEL-79,KEL-132,KEL-142	0	3	0		https://electronjs.org/docs/api/web-contents
WebContents	Class	setImageAnimationPolicy	instance-method	main	all			F03-webcontents-navigation	1	UNSUPPORTED	@keld/electron + keld-wv + keld-compat (webContents routing)	KEL-79,KEL-132,KEL-142	0	0	0		https://electronjs.org/docs/api/web-contents
WebContents	Class	did-finish-load	instance-event	main	all			F03-webcontents-navigation	1	UNSUPPORTED	@keld/electron + keld-wv + keld-compat (webContents routing)	KEL-79,KEL-132,KEL-142	7	0	0		https://electronjs.org/docs/api/web-contents
WebContents	Class	did-fail-load	instance-event	main	all			F03-webcontents-navigation	1	UNSUPPORTED	@keld/electron + keld-wv + keld-compat (webContents routing)	KEL-79,KEL-132,KEL-142	0	0	0		https://electronjs.org/docs/api/web-contents
WebContents	Class	did-fail-provisional-load	instance-event	main	all			F03-webcontents-navigation	1	UNSUPPORTED	@keld/electron + keld-wv + keld-compat (webContents routing)	KEL-79,KEL-132,KEL-142	0	0	0		https://electronjs.org/docs/api/web-contents
WebContents	Class	did-frame-finish-load	instance-event	main	all			F03-webcontents-navigation	1	UNSUPPORTED	@keld/electron + keld-wv + keld-compat (webContents routing)	KEL-79,KEL-132,KEL-142	0	0	0		https://electronjs.org/docs/api/web-contents
WebContents	Class	did-start-loading	instance-event	main	all			F03-webcontents-navigation	1	UNSUPPORTED	@keld/electron + keld-wv + keld-compat (webContents routing)	KEL-79,KEL-132,KEL-142	0	0	0		https://electronjs.org/docs/api/web-contents
WebContents	Class	did-stop-loading	instance-event	main	all			F03-webcontents-navigation	1	UNSUPPORTED	@keld/electron + keld-wv + keld-compat (webContents routing)	KEL-79,KEL-132,KEL-142	0	0	0		https://electronjs.org/docs/api/web-contents
WebContents	Class	dom-ready	instance-event	main	all			F03-webcontents-navigation	1	UNSUPPORTED	@keld/electron + keld-wv + keld-compat (webContents routing)	KEL-79,KEL-132,KEL-142	0	0	0		https://electronjs.org/docs/api/web-contents
WebContents	Class	page-title-updated	instance-event	main	all			F03-webcontents-navigation	1	UNSUPPORTED	@keld/electron + keld-wv + keld-compat (webContents routing)	KEL-79,KEL-132,KEL-142	0	0	0		https://electronjs.org/docs/api/web-contents
WebContents	Class	page-favicon-updated	instance-event	main	all			F03-webcontents-navigation	1	UNSUPPORTED	@keld/electron + keld-wv + keld-compat (webContents routing)	KEL-79,KEL-132,KEL-142	0	0	0		https://electronjs.org/docs/api/web-contents
WebContents	Class	content-bounds-updated	instance-event	main	all			F03-webcontents-navigation	1	UNSUPPORTED	@keld/electron + keld-wv + keld-compat (webContents routing)	KEL-79,KEL-132,KEL-142	0	0	0		https://electronjs.org/docs/api/web-contents
WebContents	Class	did-create-window	instance-event	main	all			F03-webcontents-navigation	1	UNSUPPORTED	@keld/electron + keld-wv + keld-compat (webContents routing)	KEL-79,KEL-132,KEL-142	0	0	0		https://electronjs.org/docs/api/web-contents
WebContents	Class	will-navigate	instance-event	main	all			F03-webcontents-navigation	1	UNSUPPORTED	@keld/electron + keld-wv + keld-compat (webContents routing)	KEL-79,KEL-132,KEL-142	1	1	0		https://electronjs.org/docs/api/web-contents
WebContents	Class	will-frame-navigate	instance-event	main	all			F03-webcontents-navigation	1	UNSUPPORTED	@keld/electron + keld-wv + keld-compat (webContents routing)	KEL-79,KEL-132,KEL-142	0	0	0		https://electronjs.org/docs/api/web-contents
WebContents	Class	did-start-navigation	instance-event	main	all			F03-webcontents-navigation	1	UNSUPPORTED	@keld/electron + keld-wv + keld-compat (webContents routing)	KEL-79,KEL-132,KEL-142	0	0	0		https://electronjs.org/docs/api/web-contents
WebContents	Class	will-redirect	instance-event	main	all			F03-webcontents-navigation	1	UNSUPPORTED	@keld/electron + keld-wv + keld-compat (webContents routing)	KEL-79,KEL-132,KEL-142	0	0	0		https://electronjs.org/docs/api/web-contents
WebContents	Class	did-redirect-navigation	instance-event	main	all			F03-webcontents-navigation	1	UNSUPPORTED	@keld/electron + keld-wv + keld-compat (webContents routing)	KEL-79,KEL-132,KEL-142	0	0	0		https://electronjs.org/docs/api/web-contents
WebContents	Class	did-navigate	instance-event	main	all			F03-webcontents-navigation	1	UNSUPPORTED	@keld/electron + keld-wv + keld-compat (webContents routing)	KEL-79,KEL-132,KEL-142	1	0	0		https://electronjs.org/docs/api/web-contents
WebContents	Class	did-frame-navigate	instance-event	main	all			F03-webcontents-navigation	1	UNSUPPORTED	@keld/electron + keld-wv + keld-compat (webContents routing)	KEL-79,KEL-132,KEL-142	0	0	0		https://electronjs.org/docs/api/web-contents
WebContents	Class	did-navigate-in-page	instance-event	main	all			F03-webcontents-navigation	1	UNSUPPORTED	@keld/electron + keld-wv + keld-compat (webContents routing)	KEL-79,KEL-132,KEL-142	0	0	0		https://electronjs.org/docs/api/web-contents
WebContents	Class	will-prevent-unload	instance-event	main	all			F03-webcontents-navigation	1	UNSUPPORTED	@keld/electron + keld-wv + keld-compat (webContents routing)	KEL-79,KEL-132,KEL-142	0	0	0		https://electronjs.org/docs/api/web-contents
WebContents	Class	render-process-gone	instance-event	main	all			F03-webcontents-navigation	1	UNSUPPORTED	@keld/electron + keld-wv + keld-compat (webContents routing)	KEL-79,KEL-132,KEL-142	2	0	0		https://electronjs.org/docs/api/web-contents
WebContents	Class	unresponsive	instance-event	main	all			F03-webcontents-navigation	1	UNSUPPORTED	@keld/electron + keld-wv + keld-compat (webContents routing)	KEL-79,KEL-132,KEL-142	0	1	0		https://electronjs.org/docs/api/web-contents
WebContents	Class	responsive	instance-event	main	all			F03-webcontents-navigation	1	UNSUPPORTED	@keld/electron + keld-wv + keld-compat (webContents routing)	KEL-79,KEL-132,KEL-142	0	0	0		https://electronjs.org/docs/api/web-contents
WebContents	Class	destroyed	instance-event	main	all			F03-webcontents-navigation	1	UNSUPPORTED	@keld/electron + keld-wv + keld-compat (webContents routing)	KEL-79,KEL-132,KEL-142	1	0	0		https://electronjs.org/docs/api/web-contents
WebContents	Class	input-event	instance-event	main	all			F03-webcontents-navigation	1	UNSUPPORTED	@keld/electron + keld-wv + keld-compat (webContents routing)	KEL-79,KEL-132,KEL-142	0	0	0		https://electronjs.org/docs/api/web-contents
WebContents	Class	before-input-event	instance-event	main	all			F03-webcontents-navigation	1	UNSUPPORTED	@keld/electron + keld-wv + keld-compat (webContents routing)	KEL-79,KEL-132,KEL-142	1	0	0		https://electronjs.org/docs/api/web-contents
WebContents	Class	before-mouse-event	instance-event	main	all			F03-webcontents-navigation	1	UNSUPPORTED	@keld/electron + keld-wv + keld-compat (webContents routing)	KEL-79,KEL-132,KEL-142	0	0	0		https://electronjs.org/docs/api/web-contents
WebContents	Class	enter-html-full-screen	instance-event	main	all			F03-webcontents-navigation	1	UNSUPPORTED	@keld/electron + keld-wv + keld-compat (webContents routing)	KEL-79,KEL-132,KEL-142	0	0	0		https://electronjs.org/docs/api/web-contents
WebContents	Class	leave-html-full-screen	instance-event	main	all			F03-webcontents-navigation	1	UNSUPPORTED	@keld/electron + keld-wv + keld-compat (webContents routing)	KEL-79,KEL-132,KEL-142	0	0	0		https://electronjs.org/docs/api/web-contents
WebContents	Class	zoom-changed	instance-event	main	all			F03-webcontents-navigation	1	UNSUPPORTED	@keld/electron + keld-wv + keld-compat (webContents routing)	KEL-79,KEL-132,KEL-142	0	0	0		https://electronjs.org/docs/api/web-contents
WebContents	Class	blur	instance-event	main	all			F03-webcontents-navigation	1	UNSUPPORTED	@keld/electron + keld-wv + keld-compat (webContents routing)	KEL-79,KEL-132,KEL-142	0	5	0		https://electronjs.org/docs/api/web-contents
WebContents	Class	focus	instance-event	main	all			F03-webcontents-navigation	1	UNSUPPORTED	@keld/electron + keld-wv + keld-compat (webContents routing)	KEL-79,KEL-132,KEL-142	0	30	0		https://electronjs.org/docs/api/web-contents
WebContents	Class	devtools-open-url	instance-event	main	all			F03-webcontents-navigation	1	UNSUPPORTED	@keld/electron + keld-wv + keld-compat (webContents routing)	KEL-79,KEL-132,KEL-142	0	0	0		https://electronjs.org/docs/api/web-contents
WebContents	Class	devtools-search-query	instance-event	main	all			F03-webcontents-navigation	1	UNSUPPORTED	@keld/electron + keld-wv + keld-compat (webContents routing)	KEL-79,KEL-132,KEL-142	0	0	0		https://electronjs.org/docs/api/web-contents
WebContents	Class	devtools-opened	instance-event	main	all			F03-webcontents-navigation	1	UNSUPPORTED	@keld/electron + keld-wv + keld-compat (webContents routing)	KEL-79,KEL-132,KEL-142	0	0	0		https://electronjs.org/docs/api/web-contents
WebContents	Class	devtools-closed	instance-event	main	all			F03-webcontents-navigation	1	UNSUPPORTED	@keld/electron + keld-wv + keld-compat (webContents routing)	KEL-79,KEL-132,KEL-142	0	0	0		https://electronjs.org/docs/api/web-contents
WebContents	Class	devtools-focused	instance-event	main	all			F03-webcontents-navigation	1	UNSUPPORTED	@keld/electron + keld-wv + keld-compat (webContents routing)	KEL-79,KEL-132,KEL-142	0	0	0		https://electronjs.org/docs/api/web-contents
WebContents	Class	certificate-error	instance-event	main	all			F03-webcontents-navigation	1	UNSUPPORTED	@keld/electron + keld-wv + keld-compat (webContents routing)	KEL-79,KEL-132,KEL-142	0	0	0		https://electronjs.org/docs/api/web-contents
WebContents	Class	select-client-certificate	instance-event	main	all			F03-webcontents-navigation	1	UNSUPPORTED	@keld/electron + keld-wv + keld-compat (webContents routing)	KEL-79,KEL-132,KEL-142	0	0	0		https://electronjs.org/docs/api/web-contents
WebContents	Class	login	instance-event	main	all			F03-webcontents-navigation	1	UNSUPPORTED	@keld/electron + keld-wv + keld-compat (webContents routing)	KEL-79,KEL-132,KEL-142	0	0	0		https://electronjs.org/docs/api/web-contents
WebContents	Class	found-in-page	instance-event	main	all			F03-webcontents-navigation	1	UNSUPPORTED	@keld/electron + keld-wv + keld-compat (webContents routing)	KEL-79,KEL-132,KEL-142	0	0	0		https://electronjs.org/docs/api/web-contents
WebContents	Class	media-started-playing	instance-event	main	all			F03-webcontents-navigation	1	UNSUPPORTED	@keld/electron + keld-wv + keld-compat (webContents routing)	KEL-79,KEL-132,KEL-142	0	0	0		https://electronjs.org/docs/api/web-contents
WebContents	Class	media-paused	instance-event	main	all			F03-webcontents-navigation	1	UNSUPPORTED	@keld/electron + keld-wv + keld-compat (webContents routing)	KEL-79,KEL-132,KEL-142	0	0	0		https://electronjs.org/docs/api/web-contents
WebContents	Class	audio-state-changed	instance-event	main	all			F03-webcontents-navigation	1	UNSUPPORTED	@keld/electron + keld-wv + keld-compat (webContents routing)	KEL-79,KEL-132,KEL-142	0	0	0		https://electronjs.org/docs/api/web-contents
WebContents	Class	did-change-theme-color	instance-event	main	all			F03-webcontents-navigation	1	UNSUPPORTED	@keld/electron + keld-wv + keld-compat (webContents routing)	KEL-79,KEL-132,KEL-142	0	0	0		https://electronjs.org/docs/api/web-contents
WebContents	Class	update-target-url	instance-event	main	all			F03-webcontents-navigation	1	UNSUPPORTED	@keld/electron + keld-wv + keld-compat (webContents routing)	KEL-79,KEL-132,KEL-142	0	0	0		https://electronjs.org/docs/api/web-contents
WebContents	Class	cursor-changed	instance-event	main	all			F03-webcontents-navigation	1	UNSUPPORTED	@keld/electron + keld-wv + keld-compat (webContents routing)	KEL-79,KEL-132,KEL-142	0	0	0		https://electronjs.org/docs/api/web-contents
WebContents	Class	context-menu	instance-event	main	all			F03-webcontents-navigation	1	UNSUPPORTED	@keld/electron + keld-wv + keld-compat (webContents routing)	KEL-79,KEL-132,KEL-142	0	0	0		https://electronjs.org/docs/api/web-contents
WebContents	Class	select-bluetooth-device	instance-event	main	all			F03-webcontents-navigation	1	UNSUPPORTED	@keld/electron + keld-wv + keld-compat (webContents routing)	KEL-79,KEL-132,KEL-142	0	0	0		https://electronjs.org/docs/api/web-contents
WebContents	Class	paint	instance-event	main	all			F03-webcontents-navigation	1	UNSUPPORTED	@keld/electron + keld-wv + keld-compat (webContents routing)	KEL-79,KEL-132,KEL-142	0	0	0		https://electronjs.org/docs/api/web-contents
WebContents	Class	devtools-reload-page	instance-event	main	all			F03-webcontents-navigation	1	UNSUPPORTED	@keld/electron + keld-wv + keld-compat (webContents routing)	KEL-79,KEL-132,KEL-142	0	0	0		https://electronjs.org/docs/api/web-contents
WebContents	Class	will-attach-webview	instance-event	main	all			F03-webcontents-navigation	1	UNSUPPORTED	@keld/electron + keld-wv + keld-compat (webContents routing)	KEL-79,KEL-132,KEL-142	1	0	0		https://electronjs.org/docs/api/web-contents
WebContents	Class	did-attach-webview	instance-event	main	all			F03-webcontents-navigation	1	UNSUPPORTED	@keld/electron + keld-wv + keld-compat (webContents routing)	KEL-79,KEL-132,KEL-142	0	0	0		https://electronjs.org/docs/api/web-contents
WebContents	Class	console-message	instance-event	main	all			F03-webcontents-navigation	1	UNSUPPORTED	@keld/electron + keld-wv + keld-compat (webContents routing)	KEL-79,KEL-132,KEL-142	0	1	0		https://electronjs.org/docs/api/web-contents
WebContents	Class	preload-error	instance-event	main	all			F03-webcontents-navigation	1	UNSUPPORTED	@keld/electron + keld-wv + keld-compat (webContents routing)	KEL-79,KEL-132,KEL-142	0	0	0		https://electronjs.org/docs/api/web-contents
WebContents	Class	ipc-message	instance-event	main	all			F03-webcontents-navigation	1	UNSUPPORTED	@keld/electron + keld-wv + keld-compat (webContents routing)	KEL-79,KEL-132,KEL-142	0	0	0		https://electronjs.org/docs/api/web-contents
WebContents	Class	ipc-message-sync	instance-event	main	all			F03-webcontents-navigation	1	UNSUPPORTED	@keld/electron + keld-wv + keld-compat (webContents routing)	KEL-79,KEL-132,KEL-142	0	0	0		https://electronjs.org/docs/api/web-contents
WebContents	Class	preferred-size-changed	instance-event	main	all			F03-webcontents-navigation	1	UNSUPPORTED	@keld/electron + keld-wv + keld-compat (webContents routing)	KEL-79,KEL-132,KEL-142	0	0	0		https://electronjs.org/docs/api/web-contents
WebContents	Class	frame-created	instance-event	main	all			F03-webcontents-navigation	1	UNSUPPORTED	@keld/electron + keld-wv + keld-compat (webContents routing)	KEL-79,KEL-132,KEL-142	0	0	0		https://electronjs.org/docs/api/web-contents
WebContents	Class	ipc	instance-property	main	all	availability_readonly		F03-webcontents-navigation	1	UNSUPPORTED	@keld/electron + keld-wv + keld-compat (webContents routing)	KEL-79,KEL-132,KEL-142	0	0	0		https://electronjs.org/docs/api/web-contents
WebContents	Class	audioMuted	instance-property	main	all			F03-webcontents-navigation	1	UNSUPPORTED	@keld/electron + keld-wv + keld-compat (webContents routing)	KEL-79,KEL-132,KEL-142	0	0	0		https://electronjs.org/docs/api/web-contents
WebContents	Class	caretBrowsingEnabled	instance-property	main	all			F03-webcontents-navigation	1	UNSUPPORTED	@keld/electron + keld-wv + keld-compat (webContents routing)	KEL-79,KEL-132,KEL-142	0	0	0		https://electronjs.org/docs/api/web-contents
WebContents	Class	userAgent	instance-property	main	all			F03-webcontents-navigation	1	UNSUPPORTED	@keld/electron + keld-wv + keld-compat (webContents routing)	KEL-79,KEL-132,KEL-142	0	0	0		https://electronjs.org/docs/api/web-contents
WebContents	Class	zoomLevel	instance-property	main	all			F03-webcontents-navigation	1	UNSUPPORTED	@keld/electron + keld-wv + keld-compat (webContents routing)	KEL-79,KEL-132,KEL-142	0	0	0		https://electronjs.org/docs/api/web-contents
WebContents	Class	zoomFactor	instance-property	main	all			F03-webcontents-navigation	1	UNSUPPORTED	@keld/electron + keld-wv + keld-compat (webContents routing)	KEL-79,KEL-132,KEL-142	0	0	0		https://electronjs.org/docs/api/web-contents
WebContents	Class	zoomMode	instance-property	main	all			F03-webcontents-navigation	1	UNSUPPORTED	@keld/electron + keld-wv + keld-compat (webContents routing)	KEL-79,KEL-132,KEL-142	0	0	0		https://electronjs.org/docs/api/web-contents
WebContents	Class	frameRate	instance-property	main	all			F03-webcontents-navigation	1	UNSUPPORTED	@keld/electron + keld-wv + keld-compat (webContents routing)	KEL-79,KEL-132,KEL-142	0	0	0		https://electronjs.org/docs/api/web-contents
WebContents	Class	id	instance-property	main	all	availability_readonly		F03-webcontents-navigation	1	UNSUPPORTED	@keld/electron + keld-wv + keld-compat (webContents routing)	KEL-79,KEL-132,KEL-142	0	0	0		https://electronjs.org/docs/api/web-contents
WebContents	Class	session	instance-property	main	all	availability_readonly		F03-webcontents-navigation	1	UNSUPPORTED	@keld/electron + keld-wv + keld-compat (webContents routing)	KEL-79,KEL-132,KEL-142	0	0	0		https://electronjs.org/docs/api/web-contents
WebContents	Class	navigationHistory	instance-property	main	all	availability_readonly		F03-webcontents-navigation	1	UNSUPPORTED	@keld/electron + keld-wv + keld-compat (webContents routing)	KEL-79,KEL-132,KEL-142	0	0	0		https://electronjs.org/docs/api/web-contents
WebContents	Class	hostWebContents	instance-property	main	all	availability_readonly		F03-webcontents-navigation	1	UNSUPPORTED	@keld/electron + keld-wv + keld-compat (webContents routing)	KEL-79,KEL-132,KEL-142	0	0	0		https://electronjs.org/docs/api/web-contents
WebContents	Class	devToolsWebContents	instance-property	main	all	availability_readonly		F03-webcontents-navigation	1	UNSUPPORTED	@keld/electron + keld-wv + keld-compat (webContents routing)	KEL-79,KEL-132,KEL-142	0	0	0		https://electronjs.org/docs/api/web-contents
WebContents	Class	debugger	instance-property	main	all	availability_readonly		F03-webcontents-navigation	1	UNSUPPORTED	@keld/electron + keld-wv + keld-compat (webContents routing)	KEL-79,KEL-132,KEL-142	0	0	0		https://electronjs.org/docs/api/web-contents
WebContents	Class	backgroundThrottling	instance-property	main	all			F03-webcontents-navigation	1	UNSUPPORTED	@keld/electron + keld-wv + keld-compat (webContents routing)	KEL-79,KEL-132,KEL-142	0	0	0		https://electronjs.org/docs/api/web-contents
WebContents	Class	mainFrame	instance-property	main	all	availability_readonly		F03-webcontents-navigation	1	UNSUPPORTED	@keld/electron + keld-wv + keld-compat (webContents routing)	KEL-79,KEL-132,KEL-142	0	0	0		https://electronjs.org/docs/api/web-contents
WebContents	Class	opener	instance-property	main	all	availability_readonly		F03-webcontents-navigation	1	UNSUPPORTED	@keld/electron + keld-wv + keld-compat (webContents routing)	KEL-79,KEL-132,KEL-142	0	0	0		https://electronjs.org/docs/api/web-contents
WebContents	Class	focusedFrame	instance-property	main	all	availability_readonly		F03-webcontents-navigation	1	UNSUPPORTED	@keld/electron + keld-wv + keld-compat (webContents routing)	KEL-79,KEL-132,KEL-142	0	0	0		https://electronjs.org/docs/api/web-contents
webFrameMain	Module	fromId	method	main	all			F03-webcontents-navigation	1	UNSUPPORTED	@keld/electron + keld-wv + keld-compat (webContents routing)	KEL-79,KEL-132,KEL-142	0	0	0		https://electronjs.org/docs/api/web-frame-main
webFrameMain	Module	fromFrameToken	method	main	all			F03-webcontents-navigation	1	UNSUPPORTED	@keld/electron + keld-wv + keld-compat (webContents routing)	KEL-79,KEL-132,KEL-142	0	0	0		https://electronjs.org/docs/api/web-frame-main
WebFrameMain	Class	executeJavaScript	instance-method	main	all			F03-webcontents-navigation	1	UNSUPPORTED	@keld/electron + keld-wv + keld-compat (webContents routing)	KEL-79,KEL-132,KEL-142	5	0	0		https://electronjs.org/docs/api/web-frame-main
WebFrameMain	Class	reload	instance-method	main	all			F03-webcontents-navigation	1	UNSUPPORTED	@keld/electron + keld-wv + keld-compat (webContents routing)	KEL-79,KEL-132,KEL-142	0	5	0		https://electronjs.org/docs/api/web-frame-main
WebFrameMain	Class	isDestroyed	instance-method	main	all			F03-webcontents-navigation	1	UNSUPPORTED	@keld/electron + keld-wv + keld-compat (webContents routing)	KEL-79,KEL-132,KEL-142	6	0	0		https://electronjs.org/docs/api/web-frame-main
WebFrameMain	Class	send	instance-method	main	all			F03-webcontents-navigation	1	UNSUPPORTED	@keld/electron + keld-wv + keld-compat (webContents routing)	KEL-79,KEL-132,KEL-142	15	84	0		https://electronjs.org/docs/api/web-frame-main
WebFrameMain	Class	postMessage	instance-method	main	all			F03-webcontents-navigation	1	UNSUPPORTED	@keld/electron + keld-wv + keld-compat (webContents routing)	KEL-79,KEL-132,KEL-142	0	0	0		https://electronjs.org/docs/api/web-frame-main
WebFrameMain	Class	collectJavaScriptCallStack	instance-method	main	all	stability_experimental		F03-webcontents-navigation	1	UNSUPPORTED	@keld/electron + keld-wv + keld-compat (webContents routing)	KEL-79,KEL-132,KEL-142	0	0	0		https://electronjs.org/docs/api/web-frame-main
WebFrameMain	Class	copyVideoFrameAt	instance-method	main	all			F03-webcontents-navigation	1	UNSUPPORTED	@keld/electron + keld-wv + keld-compat (webContents routing)	KEL-79,KEL-132,KEL-142	0	0	0		https://electronjs.org/docs/api/web-frame-main
WebFrameMain	Class	saveVideoFrameAs	instance-method	main	all			F03-webcontents-navigation	1	UNSUPPORTED	@keld/electron + keld-wv + keld-compat (webContents routing)	KEL-79,KEL-132,KEL-142	0	0	0		https://electronjs.org/docs/api/web-frame-main
WebFrameMain	Class	printToPDF	instance-method	main	all			F03-webcontents-navigation	1	UNSUPPORTED	@keld/electron + keld-wv + keld-compat (webContents routing)	KEL-79,KEL-132,KEL-142	1	0	0		https://electronjs.org/docs/api/web-frame-main
WebFrameMain	Class	dom-ready	instance-event	main	all			F03-webcontents-navigation	1	UNSUPPORTED	@keld/electron + keld-wv + keld-compat (webContents routing)	KEL-79,KEL-132,KEL-142	0	0	0		https://electronjs.org/docs/api/web-frame-main
WebFrameMain	Class	ipc	instance-property	main	all	availability_readonly		F03-webcontents-navigation	1	UNSUPPORTED	@keld/electron + keld-wv + keld-compat (webContents routing)	KEL-79,KEL-132,KEL-142	0	0	0		https://electronjs.org/docs/api/web-frame-main
WebFrameMain	Class	url	instance-property	main	all	availability_readonly		F03-webcontents-navigation	1	UNSUPPORTED	@keld/electron + keld-wv + keld-compat (webContents routing)	KEL-79,KEL-132,KEL-142	0	0	0		https://electronjs.org/docs/api/web-frame-main
WebFrameMain	Class	origin	instance-property	main	all	availability_readonly		F03-webcontents-navigation	1	UNSUPPORTED	@keld/electron + keld-wv + keld-compat (webContents routing)	KEL-79,KEL-132,KEL-142	0	0	0		https://electronjs.org/docs/api/web-frame-main
WebFrameMain	Class	top	instance-property	main	all	availability_readonly		F03-webcontents-navigation	1	UNSUPPORTED	@keld/electron + keld-wv + keld-compat (webContents routing)	KEL-79,KEL-132,KEL-142	0	0	0		https://electronjs.org/docs/api/web-frame-main
WebFrameMain	Class	parent	instance-property	main	all	availability_readonly		F03-webcontents-navigation	1	UNSUPPORTED	@keld/electron + keld-wv + keld-compat (webContents routing)	KEL-79,KEL-132,KEL-142	0	0	0		https://electronjs.org/docs/api/web-frame-main
WebFrameMain	Class	frames	instance-property	main	all	availability_readonly		F03-webcontents-navigation	1	UNSUPPORTED	@keld/electron + keld-wv + keld-compat (webContents routing)	KEL-79,KEL-132,KEL-142	0	0	0		https://electronjs.org/docs/api/web-frame-main
WebFrameMain	Class	framesInSubtree	instance-property	main	all	availability_readonly		F03-webcontents-navigation	1	UNSUPPORTED	@keld/electron + keld-wv + keld-compat (webContents routing)	KEL-79,KEL-132,KEL-142	0	0	0		https://electronjs.org/docs/api/web-frame-main
WebFrameMain	Class	frameTreeNodeId	instance-property	main	all	availability_readonly		F03-webcontents-navigation	1	UNSUPPORTED	@keld/electron + keld-wv + keld-compat (webContents routing)	KEL-79,KEL-132,KEL-142	0	0	0		https://electronjs.org/docs/api/web-frame-main
WebFrameMain	Class	name	instance-property	main	all	availability_readonly		F03-webcontents-navigation	1	UNSUPPORTED	@keld/electron + keld-wv + keld-compat (webContents routing)	KEL-79,KEL-132,KEL-142	0	0	0		https://electronjs.org/docs/api/web-frame-main
WebFrameMain	Class	frameToken	instance-property	main	all	availability_readonly		F03-webcontents-navigation	1	UNSUPPORTED	@keld/electron + keld-wv + keld-compat (webContents routing)	KEL-79,KEL-132,KEL-142	0	0	0		https://electronjs.org/docs/api/web-frame-main
WebFrameMain	Class	osProcessId	instance-property	main	all	availability_readonly		F03-webcontents-navigation	1	UNSUPPORTED	@keld/electron + keld-wv + keld-compat (webContents routing)	KEL-79,KEL-132,KEL-142	0	0	0		https://electronjs.org/docs/api/web-frame-main
WebFrameMain	Class	processId	instance-property	main	all	availability_readonly		F03-webcontents-navigation	1	UNSUPPORTED	@keld/electron + keld-wv + keld-compat (webContents routing)	KEL-79,KEL-132,KEL-142	0	0	0		https://electronjs.org/docs/api/web-frame-main
WebFrameMain	Class	routingId	instance-property	main	all	availability_readonly		F03-webcontents-navigation	1	UNSUPPORTED	@keld/electron + keld-wv + keld-compat (webContents routing)	KEL-79,KEL-132,KEL-142	0	0	0		https://electronjs.org/docs/api/web-frame-main
WebFrameMain	Class	visibilityState	instance-property	main	all	availability_readonly		F03-webcontents-navigation	1	UNSUPPORTED	@keld/electron + keld-wv + keld-compat (webContents routing)	KEL-79,KEL-132,KEL-142	0	0	0		https://electronjs.org/docs/api/web-frame-main
WebFrameMain	Class	detached	instance-property	main	all	availability_readonly		F03-webcontents-navigation	1	UNSUPPORTED	@keld/electron + keld-wv + keld-compat (webContents routing)	KEL-79,KEL-132,KEL-142	0	0	0		https://electronjs.org/docs/api/web-frame-main
webFrame	Module	setZoomFactor	method	renderer	all			F03-webcontents-navigation	1	UNSUPPORTED	@keld/electron + keld-wv + keld-compat (webContents routing)	KEL-79,KEL-132,KEL-142	0	0	0		https://electronjs.org/docs/api/web-frame
webFrame	Module	getZoomFactor	method	renderer	all			F03-webcontents-navigation	1	UNSUPPORTED	@keld/electron + keld-wv + keld-compat (webContents routing)	KEL-79,KEL-132,KEL-142	0	0	0		https://electronjs.org/docs/api/web-frame
webFrame	Module	setZoomLevel	method	renderer	all			F03-webcontents-navigation	1	UNSUPPORTED	@keld/electron + keld-wv + keld-compat (webContents routing)	KEL-79,KEL-132,KEL-142	0	0	0		https://electronjs.org/docs/api/web-frame
webFrame	Module	getZoomLevel	method	renderer	all			F03-webcontents-navigation	1	UNSUPPORTED	@keld/electron + keld-wv + keld-compat (webContents routing)	KEL-79,KEL-132,KEL-142	0	0	0		https://electronjs.org/docs/api/web-frame
webFrame	Module	setVisualZoomLevelLimits	method	renderer	all			F03-webcontents-navigation	1	UNSUPPORTED	@keld/electron + keld-wv + keld-compat (webContents routing)	KEL-79,KEL-132,KEL-142	0	0	0		https://electronjs.org/docs/api/web-frame
webFrame	Module	setSpellCheckProvider	method	renderer	all			F03-webcontents-navigation	1	UNSUPPORTED	@keld/electron + keld-wv + keld-compat (webContents routing)	KEL-79,KEL-132,KEL-142	0	0	0		https://electronjs.org/docs/api/web-frame
webFrame	Module	insertCSS	method	renderer	all			F03-webcontents-navigation	1	UNSUPPORTED	@keld/electron + keld-wv + keld-compat (webContents routing)	KEL-79,KEL-132,KEL-142	0	0	0		https://electronjs.org/docs/api/web-frame
webFrame	Module	removeInsertedCSS	method	renderer	all			F03-webcontents-navigation	1	UNSUPPORTED	@keld/electron + keld-wv + keld-compat (webContents routing)	KEL-79,KEL-132,KEL-142	0	0	0		https://electronjs.org/docs/api/web-frame
webFrame	Module	insertText	method	renderer	all			F03-webcontents-navigation	1	UNSUPPORTED	@keld/electron + keld-wv + keld-compat (webContents routing)	KEL-79,KEL-132,KEL-142	0	0	0		https://electronjs.org/docs/api/web-frame
webFrame	Module	executeJavaScript	method	renderer	all			F03-webcontents-navigation	1	UNSUPPORTED	@keld/electron + keld-wv + keld-compat (webContents routing)	KEL-79,KEL-132,KEL-142	0	0	0		https://electronjs.org/docs/api/web-frame
webFrame	Module	executeJavaScriptInIsolatedWorld	method	renderer	all			F03-webcontents-navigation	1	UNSUPPORTED	@keld/electron + keld-wv + keld-compat (webContents routing)	KEL-79,KEL-132,KEL-142	0	0	0		https://electronjs.org/docs/api/web-frame
webFrame	Module	setIsolatedWorldInfo	method	renderer	all			F03-webcontents-navigation	1	UNSUPPORTED	@keld/electron + keld-wv + keld-compat (webContents routing)	KEL-79,KEL-132,KEL-142	0	0	0		https://electronjs.org/docs/api/web-frame
webFrame	Module	getResourceUsage	method	renderer	all			F03-webcontents-navigation	1	UNSUPPORTED	@keld/electron + keld-wv + keld-compat (webContents routing)	KEL-79,KEL-132,KEL-142	0	0	0		https://electronjs.org/docs/api/web-frame
webFrame	Module	clearCache	method	renderer	all			F03-webcontents-navigation	1	UNSUPPORTED	@keld/electron + keld-wv + keld-compat (webContents routing)	KEL-79,KEL-132,KEL-142	0	0	0		https://electronjs.org/docs/api/web-frame
webFrame	Module	getFrameForSelector	method	renderer	all			F03-webcontents-navigation	1	UNSUPPORTED	@keld/electron + keld-wv + keld-compat (webContents routing)	KEL-79,KEL-132,KEL-142	0	0	0		https://electronjs.org/docs/api/web-frame
webFrame	Module	findFrameByName	method	renderer	all			F03-webcontents-navigation	1	UNSUPPORTED	@keld/electron + keld-wv + keld-compat (webContents routing)	KEL-79,KEL-132,KEL-142	0	0	0		https://electronjs.org/docs/api/web-frame
webFrame	Module	findFrameByRoutingId	method	renderer	all	stability_deprecated		F03-webcontents-navigation	1	UNSUPPORTED	@keld/electron + keld-wv + keld-compat (webContents routing)	KEL-79,KEL-132,KEL-142	0	0	0		https://electronjs.org/docs/api/web-frame
webFrame	Module	findFrameByToken	method	renderer	all			F03-webcontents-navigation	1	UNSUPPORTED	@keld/electron + keld-wv + keld-compat (webContents routing)	KEL-79,KEL-132,KEL-142	0	0	0		https://electronjs.org/docs/api/web-frame
webFrame	Module	isWordMisspelled	method	renderer	all			F03-webcontents-navigation	1	UNSUPPORTED	@keld/electron + keld-wv + keld-compat (webContents routing)	KEL-79,KEL-132,KEL-142	0	0	0		https://electronjs.org/docs/api/web-frame
webFrame	Module	getWordSuggestions	method	renderer	all			F03-webcontents-navigation	1	UNSUPPORTED	@keld/electron + keld-wv + keld-compat (webContents routing)	KEL-79,KEL-132,KEL-142	0	0	0		https://electronjs.org/docs/api/web-frame
webFrame	Module	top	property	renderer	all	availability_readonly		F03-webcontents-navigation	1	UNSUPPORTED	@keld/electron + keld-wv + keld-compat (webContents routing)	KEL-79,KEL-132,KEL-142	0	0	0		https://electronjs.org/docs/api/web-frame
webFrame	Module	opener	property	renderer	all	availability_readonly		F03-webcontents-navigation	1	UNSUPPORTED	@keld/electron + keld-wv + keld-compat (webContents routing)	KEL-79,KEL-132,KEL-142	0	0	0		https://electronjs.org/docs/api/web-frame
webFrame	Module	parent	property	renderer	all	availability_readonly		F03-webcontents-navigation	1	UNSUPPORTED	@keld/electron + keld-wv + keld-compat (webContents routing)	KEL-79,KEL-132,KEL-142	0	0	0		https://electronjs.org/docs/api/web-frame
webFrame	Module	firstChild	property	renderer	all	availability_readonly		F03-webcontents-navigation	1	UNSUPPORTED	@keld/electron + keld-wv + keld-compat (webContents routing)	KEL-79,KEL-132,KEL-142	0	0	0		https://electronjs.org/docs/api/web-frame
webFrame	Module	nextSibling	property	renderer	all	availability_readonly		F03-webcontents-navigation	1	UNSUPPORTED	@keld/electron + keld-wv + keld-compat (webContents routing)	KEL-79,KEL-132,KEL-142	0	0	0		https://electronjs.org/docs/api/web-frame
webFrame	Module	routingId	property	renderer	all	availability_readonly,stability_deprecated		F03-webcontents-navigation	1	UNSUPPORTED	@keld/electron + keld-wv + keld-compat (webContents routing)	KEL-79,KEL-132,KEL-142	0	0	0		https://electronjs.org/docs/api/web-frame
webFrame	Module	frameToken	property	renderer	all	availability_readonly		F03-webcontents-navigation	1	UNSUPPORTED	@keld/electron + keld-wv + keld-compat (webContents routing)	KEL-79,KEL-132,KEL-142	0	0	0		https://electronjs.org/docs/api/web-frame
WebRequest	Class	onBeforeRequest	instance-method	main	all			F05-session-network-protocol	2	UNSUPPORTED	keld-compat host emulation + keld-wv + keld-guard net scopes	KEL-79,KEL-135,KEL-74	1	0	0		https://electronjs.org/docs/api/web-request
WebRequest	Class	onBeforeSendHeaders	instance-method	main	all			F05-session-network-protocol	2	UNSUPPORTED	keld-compat host emulation + keld-wv + keld-guard net scopes	KEL-79,KEL-135,KEL-74	0	0	0		https://electronjs.org/docs/api/web-request
WebRequest	Class	onSendHeaders	instance-method	main	all			F05-session-network-protocol	2	UNSUPPORTED	keld-compat host emulation + keld-wv + keld-guard net scopes	KEL-79,KEL-135,KEL-74	0	0	0		https://electronjs.org/docs/api/web-request
WebRequest	Class	onHeadersReceived	instance-method	main	all			F05-session-network-protocol	2	UNSUPPORTED	keld-compat host emulation + keld-wv + keld-guard net scopes	KEL-79,KEL-135,KEL-74	1	0	0		https://electronjs.org/docs/api/web-request
WebRequest	Class	onResponseStarted	instance-method	main	all			F05-session-network-protocol	2	UNSUPPORTED	keld-compat host emulation + keld-wv + keld-guard net scopes	KEL-79,KEL-135,KEL-74	0	0	0		https://electronjs.org/docs/api/web-request
WebRequest	Class	onBeforeRedirect	instance-method	main	all			F05-session-network-protocol	2	UNSUPPORTED	keld-compat host emulation + keld-wv + keld-guard net scopes	KEL-79,KEL-135,KEL-74	0	0	0		https://electronjs.org/docs/api/web-request
WebRequest	Class	onCompleted	instance-method	main	all			F05-session-network-protocol	2	UNSUPPORTED	keld-compat host emulation + keld-wv + keld-guard net scopes	KEL-79,KEL-135,KEL-74	0	0	0		https://electronjs.org/docs/api/web-request
WebRequest	Class	onErrorOccurred	instance-method	main	all			F05-session-network-protocol	2	UNSUPPORTED	keld-compat host emulation + keld-wv + keld-guard net scopes	KEL-79,KEL-135,KEL-74	0	0	0		https://electronjs.org/docs/api/web-request
WebSocket	Class	send	instance-method	main	all			F05-session-network-protocol	3	UNSUPPORTED	keld-compat host emulation + keld-wv + keld-guard net scopes	KEL-79,KEL-135,KEL-74	0	0	0		https://electronjs.org/docs/api/web-socket
WebSocket	Class	close	instance-method	main	all			F05-session-network-protocol	3	UNSUPPORTED	keld-compat host emulation + keld-wv + keld-guard net scopes	KEL-79,KEL-135,KEL-74	0	0	0		https://electronjs.org/docs/api/web-socket
WebSocket	Class	url	instance-property	main	all	availability_readonly		F05-session-network-protocol	3	UNSUPPORTED	keld-compat host emulation + keld-wv + keld-guard net scopes	KEL-79,KEL-135,KEL-74	0	0	0		https://electronjs.org/docs/api/web-socket
WebSocket	Class	readyState	instance-property	main	all	availability_readonly		F05-session-network-protocol	3	UNSUPPORTED	keld-compat host emulation + keld-wv + keld-guard net scopes	KEL-79,KEL-135,KEL-74	0	0	0		https://electronjs.org/docs/api/web-socket
WebSocket	Class	bufferedAmount	instance-property	main	all	availability_readonly		F05-session-network-protocol	3	UNSUPPORTED	keld-compat host emulation + keld-wv + keld-guard net scopes	KEL-79,KEL-135,KEL-74	0	0	0		https://electronjs.org/docs/api/web-socket
WebSocket	Class	protocol	instance-property	main	all	availability_readonly		F05-session-network-protocol	3	UNSUPPORTED	keld-compat host emulation + keld-wv + keld-guard net scopes	KEL-79,KEL-135,KEL-74	0	0	0		https://electronjs.org/docs/api/web-socket
WebSocket	Class	extensions	instance-property	main	all	availability_readonly		F05-session-network-protocol	3	UNSUPPORTED	keld-compat host emulation + keld-wv + keld-guard net scopes	KEL-79,KEL-135,KEL-74	0	0	0		https://electronjs.org/docs/api/web-socket
WebSocket	Class	binaryType	instance-property	main	all			F05-session-network-protocol	3	UNSUPPORTED	keld-compat host emulation + keld-wv + keld-guard net scopes	KEL-79,KEL-135,KEL-74	0	0	0		https://electronjs.org/docs/api/web-socket
WebSocket	Class	onopen	instance-property	main	all			F05-session-network-protocol	3	UNSUPPORTED	keld-compat host emulation + keld-wv + keld-guard net scopes	KEL-79,KEL-135,KEL-74	0	0	0		https://electronjs.org/docs/api/web-socket
WebSocket	Class	onmessage	instance-property	main	all			F05-session-network-protocol	3	UNSUPPORTED	keld-compat host emulation + keld-wv + keld-guard net scopes	KEL-79,KEL-135,KEL-74	0	0	0		https://electronjs.org/docs/api/web-socket
WebSocket	Class	onerror	instance-property	main	all			F05-session-network-protocol	3	UNSUPPORTED	keld-compat host emulation + keld-wv + keld-guard net scopes	KEL-79,KEL-135,KEL-74	0	0	0		https://electronjs.org/docs/api/web-socket
WebSocket	Class	onclose	instance-property	main	all			F05-session-network-protocol	3	UNSUPPORTED	keld-compat host emulation + keld-wv + keld-guard net scopes	KEL-79,KEL-135,KEL-74	0	0	0		https://electronjs.org/docs/api/web-socket
WebSocket	Class	CONNECTING	static-property	main	all	availability_readonly		F05-session-network-protocol	3	UNSUPPORTED	keld-compat host emulation + keld-wv + keld-guard net scopes	KEL-79,KEL-135,KEL-74	0	0	0		https://electronjs.org/docs/api/web-socket
WebSocket	Class	OPEN	static-property	main	all	availability_readonly		F05-session-network-protocol	3	UNSUPPORTED	keld-compat host emulation + keld-wv + keld-guard net scopes	KEL-79,KEL-135,KEL-74	0	0	0		https://electronjs.org/docs/api/web-socket
WebSocket	Class	CLOSING	static-property	main	all	availability_readonly		F05-session-network-protocol	3	UNSUPPORTED	keld-compat host emulation + keld-wv + keld-guard net scopes	KEL-79,KEL-135,KEL-74	0	0	0		https://electronjs.org/docs/api/web-socket
WebSocket	Class	CLOSED	static-property	main	all	availability_readonly		F05-session-network-protocol	3	UNSUPPORTED	keld-compat host emulation + keld-wv + keld-guard net scopes	KEL-79,KEL-135,KEL-74	0	0	0		https://electronjs.org/docs/api/web-socket
WebSocket	Class	constructor	constructor	main	all			F05-session-network-protocol	3	UNSUPPORTED	keld-compat host emulation + keld-wv + keld-guard net scopes	KEL-79,KEL-135,KEL-74	0	0	0		https://electronjs.org/docs/api/web-socket
webUtils	Module	getPathForFile	method	renderer	all			F04-ipc-bridge	1	UNSUPPORTED	@keld/electron (main+renderer shim) + kipc + keld-runtime roles/virtual ports	KEL-80,KEL-75,KEL-136,KEL-98,KEL-142	0	4	0		https://electronjs.org/docs/api/web-utils
webviewTag	Element	loadURL	method	renderer	all			F07-renderer-webview-tag	3	UNSUPPORTED	@keld/web renderer shim + keld-wv (multi-webview)	KEL-79,KEL-142,KEL-132	0	0	0		https://electronjs.org/docs/api/webview-tag
webviewTag	Element	downloadURL	method	renderer	all			F07-renderer-webview-tag	3	UNSUPPORTED	@keld/web renderer shim + keld-wv (multi-webview)	KEL-79,KEL-142,KEL-132	0	0	0		https://electronjs.org/docs/api/webview-tag
webviewTag	Element	getURL	method	renderer	all			F07-renderer-webview-tag	3	UNSUPPORTED	@keld/web renderer shim + keld-wv (multi-webview)	KEL-79,KEL-142,KEL-132	0	0	0		https://electronjs.org/docs/api/webview-tag
webviewTag	Element	getTitle	method	renderer	all			F07-renderer-webview-tag	3	UNSUPPORTED	@keld/web renderer shim + keld-wv (multi-webview)	KEL-79,KEL-142,KEL-132	0	0	0		https://electronjs.org/docs/api/webview-tag
webviewTag	Element	isLoading	method	renderer	all			F07-renderer-webview-tag	3	UNSUPPORTED	@keld/web renderer shim + keld-wv (multi-webview)	KEL-79,KEL-142,KEL-132	0	0	0		https://electronjs.org/docs/api/webview-tag
webviewTag	Element	isLoadingMainFrame	method	renderer	all			F07-renderer-webview-tag	3	UNSUPPORTED	@keld/web renderer shim + keld-wv (multi-webview)	KEL-79,KEL-142,KEL-132	0	0	0		https://electronjs.org/docs/api/webview-tag
webviewTag	Element	isWaitingForResponse	method	renderer	all			F07-renderer-webview-tag	3	UNSUPPORTED	@keld/web renderer shim + keld-wv (multi-webview)	KEL-79,KEL-142,KEL-132	0	0	0		https://electronjs.org/docs/api/webview-tag
webviewTag	Element	stop	method	renderer	all			F07-renderer-webview-tag	3	UNSUPPORTED	@keld/web renderer shim + keld-wv (multi-webview)	KEL-79,KEL-142,KEL-132	0	0	0		https://electronjs.org/docs/api/webview-tag
webviewTag	Element	reload	method	renderer	all			F07-renderer-webview-tag	3	UNSUPPORTED	@keld/web renderer shim + keld-wv (multi-webview)	KEL-79,KEL-142,KEL-132	0	0	0		https://electronjs.org/docs/api/webview-tag
webviewTag	Element	reloadIgnoringCache	method	renderer	all			F07-renderer-webview-tag	3	UNSUPPORTED	@keld/web renderer shim + keld-wv (multi-webview)	KEL-79,KEL-142,KEL-132	0	0	0		https://electronjs.org/docs/api/webview-tag
webviewTag	Element	canGoBack	method	renderer	all			F07-renderer-webview-tag	3	UNSUPPORTED	@keld/web renderer shim + keld-wv (multi-webview)	KEL-79,KEL-142,KEL-132	0	0	0		https://electronjs.org/docs/api/webview-tag
webviewTag	Element	canGoForward	method	renderer	all			F07-renderer-webview-tag	3	UNSUPPORTED	@keld/web renderer shim + keld-wv (multi-webview)	KEL-79,KEL-142,KEL-132	0	0	0		https://electronjs.org/docs/api/webview-tag
webviewTag	Element	canGoToOffset	method	renderer	all			F07-renderer-webview-tag	3	UNSUPPORTED	@keld/web renderer shim + keld-wv (multi-webview)	KEL-79,KEL-142,KEL-132	0	0	0		https://electronjs.org/docs/api/webview-tag
webviewTag	Element	clearHistory	method	renderer	all			F07-renderer-webview-tag	3	UNSUPPORTED	@keld/web renderer shim + keld-wv (multi-webview)	KEL-79,KEL-142,KEL-132	0	0	0		https://electronjs.org/docs/api/webview-tag
webviewTag	Element	goBack	method	renderer	all			F07-renderer-webview-tag	3	UNSUPPORTED	@keld/web renderer shim + keld-wv (multi-webview)	KEL-79,KEL-142,KEL-132	0	0	0		https://electronjs.org/docs/api/webview-tag
webviewTag	Element	goForward	method	renderer	all			F07-renderer-webview-tag	3	UNSUPPORTED	@keld/web renderer shim + keld-wv (multi-webview)	KEL-79,KEL-142,KEL-132	0	0	0		https://electronjs.org/docs/api/webview-tag
webviewTag	Element	goToIndex	method	renderer	all			F07-renderer-webview-tag	3	UNSUPPORTED	@keld/web renderer shim + keld-wv (multi-webview)	KEL-79,KEL-142,KEL-132	0	0	0		https://electronjs.org/docs/api/webview-tag
webviewTag	Element	goToOffset	method	renderer	all			F07-renderer-webview-tag	3	UNSUPPORTED	@keld/web renderer shim + keld-wv (multi-webview)	KEL-79,KEL-142,KEL-132	0	0	0		https://electronjs.org/docs/api/webview-tag
webviewTag	Element	isCrashed	method	renderer	all			F07-renderer-webview-tag	3	UNSUPPORTED	@keld/web renderer shim + keld-wv (multi-webview)	KEL-79,KEL-142,KEL-132	0	0	0		https://electronjs.org/docs/api/webview-tag
webviewTag	Element	setUserAgent	method	renderer	all			F07-renderer-webview-tag	3	UNSUPPORTED	@keld/web renderer shim + keld-wv (multi-webview)	KEL-79,KEL-142,KEL-132	0	0	0		https://electronjs.org/docs/api/webview-tag
webviewTag	Element	getUserAgent	method	renderer	all			F07-renderer-webview-tag	3	UNSUPPORTED	@keld/web renderer shim + keld-wv (multi-webview)	KEL-79,KEL-142,KEL-132	0	0	0		https://electronjs.org/docs/api/webview-tag
webviewTag	Element	insertCSS	method	renderer	all			F07-renderer-webview-tag	3	UNSUPPORTED	@keld/web renderer shim + keld-wv (multi-webview)	KEL-79,KEL-142,KEL-132	0	0	0		https://electronjs.org/docs/api/webview-tag
webviewTag	Element	removeInsertedCSS	method	renderer	all			F07-renderer-webview-tag	3	UNSUPPORTED	@keld/web renderer shim + keld-wv (multi-webview)	KEL-79,KEL-142,KEL-132	0	0	0		https://electronjs.org/docs/api/webview-tag
webviewTag	Element	executeJavaScript	method	renderer	all			F07-renderer-webview-tag	3	UNSUPPORTED	@keld/web renderer shim + keld-wv (multi-webview)	KEL-79,KEL-142,KEL-132	0	0	0		https://electronjs.org/docs/api/webview-tag
webviewTag	Element	openDevTools	method	renderer	all			F07-renderer-webview-tag	3	UNSUPPORTED	@keld/web renderer shim + keld-wv (multi-webview)	KEL-79,KEL-142,KEL-132	0	0	0		https://electronjs.org/docs/api/webview-tag
webviewTag	Element	closeDevTools	method	renderer	all			F07-renderer-webview-tag	3	UNSUPPORTED	@keld/web renderer shim + keld-wv (multi-webview)	KEL-79,KEL-142,KEL-132	0	0	0		https://electronjs.org/docs/api/webview-tag
webviewTag	Element	isDevToolsOpened	method	renderer	all			F07-renderer-webview-tag	3	UNSUPPORTED	@keld/web renderer shim + keld-wv (multi-webview)	KEL-79,KEL-142,KEL-132	0	0	0		https://electronjs.org/docs/api/webview-tag
webviewTag	Element	isDevToolsFocused	method	renderer	all			F07-renderer-webview-tag	3	UNSUPPORTED	@keld/web renderer shim + keld-wv (multi-webview)	KEL-79,KEL-142,KEL-132	0	0	0		https://electronjs.org/docs/api/webview-tag
webviewTag	Element	inspectElement	method	renderer	all			F07-renderer-webview-tag	3	UNSUPPORTED	@keld/web renderer shim + keld-wv (multi-webview)	KEL-79,KEL-142,KEL-132	0	0	0		https://electronjs.org/docs/api/webview-tag
webviewTag	Element	inspectSharedWorker	method	renderer	all			F07-renderer-webview-tag	3	UNSUPPORTED	@keld/web renderer shim + keld-wv (multi-webview)	KEL-79,KEL-142,KEL-132	0	0	0		https://electronjs.org/docs/api/webview-tag
webviewTag	Element	inspectServiceWorker	method	renderer	all			F07-renderer-webview-tag	3	UNSUPPORTED	@keld/web renderer shim + keld-wv (multi-webview)	KEL-79,KEL-142,KEL-132	0	0	0		https://electronjs.org/docs/api/webview-tag
webviewTag	Element	setAudioMuted	method	renderer	all			F07-renderer-webview-tag	3	UNSUPPORTED	@keld/web renderer shim + keld-wv (multi-webview)	KEL-79,KEL-142,KEL-132	0	0	0		https://electronjs.org/docs/api/webview-tag
webviewTag	Element	isAudioMuted	method	renderer	all			F07-renderer-webview-tag	3	UNSUPPORTED	@keld/web renderer shim + keld-wv (multi-webview)	KEL-79,KEL-142,KEL-132	0	0	0		https://electronjs.org/docs/api/webview-tag
webviewTag	Element	isCurrentlyAudible	method	renderer	all			F07-renderer-webview-tag	3	UNSUPPORTED	@keld/web renderer shim + keld-wv (multi-webview)	KEL-79,KEL-142,KEL-132	0	0	0		https://electronjs.org/docs/api/webview-tag
webviewTag	Element	undo	method	renderer	all			F07-renderer-webview-tag	3	UNSUPPORTED	@keld/web renderer shim + keld-wv (multi-webview)	KEL-79,KEL-142,KEL-132	0	0	0		https://electronjs.org/docs/api/webview-tag
webviewTag	Element	redo	method	renderer	all			F07-renderer-webview-tag	3	UNSUPPORTED	@keld/web renderer shim + keld-wv (multi-webview)	KEL-79,KEL-142,KEL-132	0	0	0		https://electronjs.org/docs/api/webview-tag
webviewTag	Element	cut	method	renderer	all			F07-renderer-webview-tag	3	UNSUPPORTED	@keld/web renderer shim + keld-wv (multi-webview)	KEL-79,KEL-142,KEL-132	0	0	0		https://electronjs.org/docs/api/webview-tag
webviewTag	Element	copy	method	renderer	all			F07-renderer-webview-tag	3	UNSUPPORTED	@keld/web renderer shim + keld-wv (multi-webview)	KEL-79,KEL-142,KEL-132	0	0	0		https://electronjs.org/docs/api/webview-tag
webviewTag	Element	centerSelection	method	renderer	all			F07-renderer-webview-tag	3	UNSUPPORTED	@keld/web renderer shim + keld-wv (multi-webview)	KEL-79,KEL-142,KEL-132	0	0	0		https://electronjs.org/docs/api/webview-tag
webviewTag	Element	paste	method	renderer	all			F07-renderer-webview-tag	3	UNSUPPORTED	@keld/web renderer shim + keld-wv (multi-webview)	KEL-79,KEL-142,KEL-132	0	0	0		https://electronjs.org/docs/api/webview-tag
webviewTag	Element	pasteAndMatchStyle	method	renderer	all			F07-renderer-webview-tag	3	UNSUPPORTED	@keld/web renderer shim + keld-wv (multi-webview)	KEL-79,KEL-142,KEL-132	0	0	0		https://electronjs.org/docs/api/webview-tag
webviewTag	Element	delete	method	renderer	all			F07-renderer-webview-tag	3	UNSUPPORTED	@keld/web renderer shim + keld-wv (multi-webview)	KEL-79,KEL-142,KEL-132	0	0	0		https://electronjs.org/docs/api/webview-tag
webviewTag	Element	selectAll	method	renderer	all			F07-renderer-webview-tag	3	UNSUPPORTED	@keld/web renderer shim + keld-wv (multi-webview)	KEL-79,KEL-142,KEL-132	0	0	0		https://electronjs.org/docs/api/webview-tag
webviewTag	Element	unselect	method	renderer	all			F07-renderer-webview-tag	3	UNSUPPORTED	@keld/web renderer shim + keld-wv (multi-webview)	KEL-79,KEL-142,KEL-132	0	0	0		https://electronjs.org/docs/api/webview-tag
webviewTag	Element	scrollToTop	method	renderer	all			F07-renderer-webview-tag	3	UNSUPPORTED	@keld/web renderer shim + keld-wv (multi-webview)	KEL-79,KEL-142,KEL-132	0	0	0		https://electronjs.org/docs/api/webview-tag
webviewTag	Element	scrollToBottom	method	renderer	all			F07-renderer-webview-tag	3	UNSUPPORTED	@keld/web renderer shim + keld-wv (multi-webview)	KEL-79,KEL-142,KEL-132	0	0	0		https://electronjs.org/docs/api/webview-tag
webviewTag	Element	adjustSelection	method	renderer	all			F07-renderer-webview-tag	3	UNSUPPORTED	@keld/web renderer shim + keld-wv (multi-webview)	KEL-79,KEL-142,KEL-132	0	0	0		https://electronjs.org/docs/api/webview-tag
webviewTag	Element	replace	method	renderer	all			F07-renderer-webview-tag	3	UNSUPPORTED	@keld/web renderer shim + keld-wv (multi-webview)	KEL-79,KEL-142,KEL-132	0	0	0		https://electronjs.org/docs/api/webview-tag
webviewTag	Element	replaceMisspelling	method	renderer	all			F07-renderer-webview-tag	3	UNSUPPORTED	@keld/web renderer shim + keld-wv (multi-webview)	KEL-79,KEL-142,KEL-132	0	0	0		https://electronjs.org/docs/api/webview-tag
webviewTag	Element	insertText	method	renderer	all			F07-renderer-webview-tag	3	UNSUPPORTED	@keld/web renderer shim + keld-wv (multi-webview)	KEL-79,KEL-142,KEL-132	0	0	0		https://electronjs.org/docs/api/webview-tag
webviewTag	Element	findInPage	method	renderer	all			F07-renderer-webview-tag	3	UNSUPPORTED	@keld/web renderer shim + keld-wv (multi-webview)	KEL-79,KEL-142,KEL-132	0	0	0		https://electronjs.org/docs/api/webview-tag
webviewTag	Element	stopFindInPage	method	renderer	all			F07-renderer-webview-tag	3	UNSUPPORTED	@keld/web renderer shim + keld-wv (multi-webview)	KEL-79,KEL-142,KEL-132	0	0	0		https://electronjs.org/docs/api/webview-tag
webviewTag	Element	print	method	renderer	all			F07-renderer-webview-tag	3	UNSUPPORTED	@keld/web renderer shim + keld-wv (multi-webview)	KEL-79,KEL-142,KEL-132	0	0	0		https://electronjs.org/docs/api/webview-tag
webviewTag	Element	printToPDF	method	renderer	all			F07-renderer-webview-tag	3	UNSUPPORTED	@keld/web renderer shim + keld-wv (multi-webview)	KEL-79,KEL-142,KEL-132	0	0	0		https://electronjs.org/docs/api/webview-tag
webviewTag	Element	capturePage	method	renderer	all			F07-renderer-webview-tag	3	UNSUPPORTED	@keld/web renderer shim + keld-wv (multi-webview)	KEL-79,KEL-142,KEL-132	0	0	0		https://electronjs.org/docs/api/webview-tag
webviewTag	Element	send	method	renderer	all			F07-renderer-webview-tag	3	UNSUPPORTED	@keld/web renderer shim + keld-wv (multi-webview)	KEL-79,KEL-142,KEL-132	0	0	0		https://electronjs.org/docs/api/webview-tag
webviewTag	Element	sendToFrame	method	renderer	all			F07-renderer-webview-tag	3	UNSUPPORTED	@keld/web renderer shim + keld-wv (multi-webview)	KEL-79,KEL-142,KEL-132	0	0	0		https://electronjs.org/docs/api/webview-tag
webviewTag	Element	sendInputEvent	method	renderer	all			F07-renderer-webview-tag	3	UNSUPPORTED	@keld/web renderer shim + keld-wv (multi-webview)	KEL-79,KEL-142,KEL-132	0	0	0		https://electronjs.org/docs/api/webview-tag
webviewTag	Element	setZoomFactor	method	renderer	all			F07-renderer-webview-tag	3	UNSUPPORTED	@keld/web renderer shim + keld-wv (multi-webview)	KEL-79,KEL-142,KEL-132	0	0	0		https://electronjs.org/docs/api/webview-tag
webviewTag	Element	setZoomLevel	method	renderer	all			F07-renderer-webview-tag	3	UNSUPPORTED	@keld/web renderer shim + keld-wv (multi-webview)	KEL-79,KEL-142,KEL-132	0	0	0		https://electronjs.org/docs/api/webview-tag
webviewTag	Element	getZoomFactor	method	renderer	all			F07-renderer-webview-tag	3	UNSUPPORTED	@keld/web renderer shim + keld-wv (multi-webview)	KEL-79,KEL-142,KEL-132	0	0	0		https://electronjs.org/docs/api/webview-tag
webviewTag	Element	getZoomLevel	method	renderer	all			F07-renderer-webview-tag	3	UNSUPPORTED	@keld/web renderer shim + keld-wv (multi-webview)	KEL-79,KEL-142,KEL-132	0	0	0		https://electronjs.org/docs/api/webview-tag
webviewTag	Element	setVisualZoomLevelLimits	method	renderer	all			F07-renderer-webview-tag	3	UNSUPPORTED	@keld/web renderer shim + keld-wv (multi-webview)	KEL-79,KEL-142,KEL-132	0	0	0		https://electronjs.org/docs/api/webview-tag
webviewTag	Element	showDefinitionForSelection	method	renderer	macos			F07-renderer-webview-tag	3	UNSUPPORTED	@keld/web renderer shim + keld-wv (multi-webview)	KEL-79,KEL-142,KEL-132	0	0	0		https://electronjs.org/docs/api/webview-tag
webviewTag	Element	getWebContentsId	method	renderer	all			F07-renderer-webview-tag	3	UNSUPPORTED	@keld/web renderer shim + keld-wv (multi-webview)	KEL-79,KEL-142,KEL-132	0	0	0		https://electronjs.org/docs/api/webview-tag
webviewTag	Element	load-commit	event	renderer	all			F07-renderer-webview-tag	3	UNSUPPORTED	@keld/web renderer shim + keld-wv (multi-webview)	KEL-79,KEL-142,KEL-132	0	0	0		https://electronjs.org/docs/api/webview-tag
webviewTag	Element	did-finish-load	event	renderer	all			F07-renderer-webview-tag	3	UNSUPPORTED	@keld/web renderer shim + keld-wv (multi-webview)	KEL-79,KEL-142,KEL-132	0	0	0		https://electronjs.org/docs/api/webview-tag
webviewTag	Element	did-fail-load	event	renderer	all			F07-renderer-webview-tag	3	UNSUPPORTED	@keld/web renderer shim + keld-wv (multi-webview)	KEL-79,KEL-142,KEL-132	0	0	0		https://electronjs.org/docs/api/webview-tag
webviewTag	Element	did-frame-finish-load	event	renderer	all			F07-renderer-webview-tag	3	UNSUPPORTED	@keld/web renderer shim + keld-wv (multi-webview)	KEL-79,KEL-142,KEL-132	0	0	0		https://electronjs.org/docs/api/webview-tag
webviewTag	Element	did-start-loading	event	renderer	all			F07-renderer-webview-tag	3	UNSUPPORTED	@keld/web renderer shim + keld-wv (multi-webview)	KEL-79,KEL-142,KEL-132	0	0	0		https://electronjs.org/docs/api/webview-tag
webviewTag	Element	did-stop-loading	event	renderer	all			F07-renderer-webview-tag	3	UNSUPPORTED	@keld/web renderer shim + keld-wv (multi-webview)	KEL-79,KEL-142,KEL-132	0	0	0		https://electronjs.org/docs/api/webview-tag
webviewTag	Element	did-attach	event	renderer	all			F07-renderer-webview-tag	3	UNSUPPORTED	@keld/web renderer shim + keld-wv (multi-webview)	KEL-79,KEL-142,KEL-132	0	0	0		https://electronjs.org/docs/api/webview-tag
webviewTag	Element	dom-ready	event	renderer	all			F07-renderer-webview-tag	3	UNSUPPORTED	@keld/web renderer shim + keld-wv (multi-webview)	KEL-79,KEL-142,KEL-132	0	0	0		https://electronjs.org/docs/api/webview-tag
webviewTag	Element	page-title-updated	event	renderer	all			F07-renderer-webview-tag	3	UNSUPPORTED	@keld/web renderer shim + keld-wv (multi-webview)	KEL-79,KEL-142,KEL-132	0	0	0		https://electronjs.org/docs/api/webview-tag
webviewTag	Element	page-favicon-updated	event	renderer	all			F07-renderer-webview-tag	3	UNSUPPORTED	@keld/web renderer shim + keld-wv (multi-webview)	KEL-79,KEL-142,KEL-132	0	0	0		https://electronjs.org/docs/api/webview-tag
webviewTag	Element	enter-html-full-screen	event	renderer	all			F07-renderer-webview-tag	3	UNSUPPORTED	@keld/web renderer shim + keld-wv (multi-webview)	KEL-79,KEL-142,KEL-132	0	0	0		https://electronjs.org/docs/api/webview-tag
webviewTag	Element	leave-html-full-screen	event	renderer	all			F07-renderer-webview-tag	3	UNSUPPORTED	@keld/web renderer shim + keld-wv (multi-webview)	KEL-79,KEL-142,KEL-132	0	0	0		https://electronjs.org/docs/api/webview-tag
webviewTag	Element	console-message	event	renderer	all			F07-renderer-webview-tag	3	UNSUPPORTED	@keld/web renderer shim + keld-wv (multi-webview)	KEL-79,KEL-142,KEL-132	0	0	0		https://electronjs.org/docs/api/webview-tag
webviewTag	Element	found-in-page	event	renderer	all			F07-renderer-webview-tag	3	UNSUPPORTED	@keld/web renderer shim + keld-wv (multi-webview)	KEL-79,KEL-142,KEL-132	0	0	0		https://electronjs.org/docs/api/webview-tag
webviewTag	Element	will-navigate	event	renderer	all			F07-renderer-webview-tag	3	UNSUPPORTED	@keld/web renderer shim + keld-wv (multi-webview)	KEL-79,KEL-142,KEL-132	0	0	0		https://electronjs.org/docs/api/webview-tag
webviewTag	Element	will-frame-navigate	event	renderer	all			F07-renderer-webview-tag	3	UNSUPPORTED	@keld/web renderer shim + keld-wv (multi-webview)	KEL-79,KEL-142,KEL-132	0	0	0		https://electronjs.org/docs/api/webview-tag
webviewTag	Element	did-start-navigation	event	renderer	all			F07-renderer-webview-tag	3	UNSUPPORTED	@keld/web renderer shim + keld-wv (multi-webview)	KEL-79,KEL-142,KEL-132	0	0	0		https://electronjs.org/docs/api/webview-tag
webviewTag	Element	did-redirect-navigation	event	renderer	all			F07-renderer-webview-tag	3	UNSUPPORTED	@keld/web renderer shim + keld-wv (multi-webview)	KEL-79,KEL-142,KEL-132	0	0	0		https://electronjs.org/docs/api/webview-tag
webviewTag	Element	did-navigate	event	renderer	all			F07-renderer-webview-tag	3	UNSUPPORTED	@keld/web renderer shim + keld-wv (multi-webview)	KEL-79,KEL-142,KEL-132	0	0	0		https://electronjs.org/docs/api/webview-tag
webviewTag	Element	did-frame-navigate	event	renderer	all			F07-renderer-webview-tag	3	UNSUPPORTED	@keld/web renderer shim + keld-wv (multi-webview)	KEL-79,KEL-142,KEL-132	0	0	0		https://electronjs.org/docs/api/webview-tag
webviewTag	Element	did-navigate-in-page	event	renderer	all			F07-renderer-webview-tag	3	UNSUPPORTED	@keld/web renderer shim + keld-wv (multi-webview)	KEL-79,KEL-142,KEL-132	0	0	0		https://electronjs.org/docs/api/webview-tag
webviewTag	Element	close	event	renderer	all			F07-renderer-webview-tag	3	UNSUPPORTED	@keld/web renderer shim + keld-wv (multi-webview)	KEL-79,KEL-142,KEL-132	0	0	0		https://electronjs.org/docs/api/webview-tag
webviewTag	Element	ipc-message	event	renderer	all			F07-renderer-webview-tag	3	UNSUPPORTED	@keld/web renderer shim + keld-wv (multi-webview)	KEL-79,KEL-142,KEL-132	0	0	0		https://electronjs.org/docs/api/webview-tag
webviewTag	Element	render-process-gone	event	renderer	all			F07-renderer-webview-tag	3	UNSUPPORTED	@keld/web renderer shim + keld-wv (multi-webview)	KEL-79,KEL-142,KEL-132	0	0	0		https://electronjs.org/docs/api/webview-tag
webviewTag	Element	destroyed	event	renderer	all			F07-renderer-webview-tag	3	UNSUPPORTED	@keld/web renderer shim + keld-wv (multi-webview)	KEL-79,KEL-142,KEL-132	0	0	0		https://electronjs.org/docs/api/webview-tag
webviewTag	Element	media-started-playing	event	renderer	all			F07-renderer-webview-tag	3	UNSUPPORTED	@keld/web renderer shim + keld-wv (multi-webview)	KEL-79,KEL-142,KEL-132	0	0	0		https://electronjs.org/docs/api/webview-tag
webviewTag	Element	media-paused	event	renderer	all			F07-renderer-webview-tag	3	UNSUPPORTED	@keld/web renderer shim + keld-wv (multi-webview)	KEL-79,KEL-142,KEL-132	0	0	0		https://electronjs.org/docs/api/webview-tag
webviewTag	Element	did-change-theme-color	event	renderer	all			F07-renderer-webview-tag	3	UNSUPPORTED	@keld/web renderer shim + keld-wv (multi-webview)	KEL-79,KEL-142,KEL-132	0	0	0		https://electronjs.org/docs/api/webview-tag
webviewTag	Element	update-target-url	event	renderer	all			F07-renderer-webview-tag	3	UNSUPPORTED	@keld/web renderer shim + keld-wv (multi-webview)	KEL-79,KEL-142,KEL-132	0	0	0		https://electronjs.org/docs/api/webview-tag
webviewTag	Element	devtools-open-url	event	renderer	all			F07-renderer-webview-tag	3	UNSUPPORTED	@keld/web renderer shim + keld-wv (multi-webview)	KEL-79,KEL-142,KEL-132	0	0	0		https://electronjs.org/docs/api/webview-tag
webviewTag	Element	devtools-search-query	event	renderer	all			F07-renderer-webview-tag	3	UNSUPPORTED	@keld/web renderer shim + keld-wv (multi-webview)	KEL-79,KEL-142,KEL-132	0	0	0		https://electronjs.org/docs/api/webview-tag
webviewTag	Element	devtools-opened	event	renderer	all			F07-renderer-webview-tag	3	UNSUPPORTED	@keld/web renderer shim + keld-wv (multi-webview)	KEL-79,KEL-142,KEL-132	0	0	0		https://electronjs.org/docs/api/webview-tag
webviewTag	Element	devtools-closed	event	renderer	all			F07-renderer-webview-tag	3	UNSUPPORTED	@keld/web renderer shim + keld-wv (multi-webview)	KEL-79,KEL-142,KEL-132	0	0	0		https://electronjs.org/docs/api/webview-tag
webviewTag	Element	devtools-focused	event	renderer	all			F07-renderer-webview-tag	3	UNSUPPORTED	@keld/web renderer shim + keld-wv (multi-webview)	KEL-79,KEL-142,KEL-132	0	0	0		https://electronjs.org/docs/api/webview-tag
webviewTag	Element	context-menu	event	renderer	all			F07-renderer-webview-tag	3	UNSUPPORTED	@keld/web renderer shim + keld-wv (multi-webview)	KEL-79,KEL-142,KEL-132	0	0	0		https://electronjs.org/docs/api/webview-tag
webviewTag	Element	src	property	renderer	all			F07-renderer-webview-tag	3	UNSUPPORTED	@keld/web renderer shim + keld-wv (multi-webview)	KEL-79,KEL-142,KEL-132	0	0	0		https://electronjs.org/docs/api/webview-tag
webviewTag	Element	nodeintegration	property	renderer	all			F07-renderer-webview-tag	3	UNSUPPORTED	@keld/web renderer shim + keld-wv (multi-webview)	KEL-79,KEL-142,KEL-132	0	0	0		https://electronjs.org/docs/api/webview-tag
webviewTag	Element	nodeintegrationinsubframes	property	renderer	all			F07-renderer-webview-tag	3	UNSUPPORTED	@keld/web renderer shim + keld-wv (multi-webview)	KEL-79,KEL-142,KEL-132	0	0	0		https://electronjs.org/docs/api/webview-tag
webviewTag	Element	plugins	property	renderer	all			F07-renderer-webview-tag	3	UNSUPPORTED	@keld/web renderer shim + keld-wv (multi-webview)	KEL-79,KEL-142,KEL-132	0	0	0		https://electronjs.org/docs/api/webview-tag
webviewTag	Element	preload	property	renderer	all			F07-renderer-webview-tag	3	UNSUPPORTED	@keld/web renderer shim + keld-wv (multi-webview)	KEL-79,KEL-142,KEL-132	0	0	0		https://electronjs.org/docs/api/webview-tag
webviewTag	Element	httpreferrer	property	renderer	all			F07-renderer-webview-tag	3	UNSUPPORTED	@keld/web renderer shim + keld-wv (multi-webview)	KEL-79,KEL-142,KEL-132	0	0	0		https://electronjs.org/docs/api/webview-tag
webviewTag	Element	useragent	property	renderer	all			F07-renderer-webview-tag	3	UNSUPPORTED	@keld/web renderer shim + keld-wv (multi-webview)	KEL-79,KEL-142,KEL-132	0	0	0		https://electronjs.org/docs/api/webview-tag
webviewTag	Element	disablewebsecurity	property	renderer	all			F07-renderer-webview-tag	3	UNSUPPORTED	@keld/web renderer shim + keld-wv (multi-webview)	KEL-79,KEL-142,KEL-132	0	0	0		https://electronjs.org/docs/api/webview-tag
webviewTag	Element	partition	property	renderer	all			F07-renderer-webview-tag	3	UNSUPPORTED	@keld/web renderer shim + keld-wv (multi-webview)	KEL-79,KEL-142,KEL-132	0	0	0		https://electronjs.org/docs/api/webview-tag
webviewTag	Element	allowpopups	property	renderer	all			F07-renderer-webview-tag	3	UNSUPPORTED	@keld/web renderer shim + keld-wv (multi-webview)	KEL-79,KEL-142,KEL-132	0	0	0		https://electronjs.org/docs/api/webview-tag
webviewTag	Element	webpreferences	property	renderer	all			F07-renderer-webview-tag	3	UNSUPPORTED	@keld/web renderer shim + keld-wv (multi-webview)	KEL-79,KEL-142,KEL-132	0	0	0		https://electronjs.org/docs/api/webview-tag
webviewTag	Element	enableblinkfeatures	property	renderer	all			F07-renderer-webview-tag	3	UNSUPPORTED	@keld/web renderer shim + keld-wv (multi-webview)	KEL-79,KEL-142,KEL-132	0	0	0		https://electronjs.org/docs/api/webview-tag
webviewTag	Element	disableblinkfeatures	property	renderer	all			F07-renderer-webview-tag	3	UNSUPPORTED	@keld/web renderer shim + keld-wv (multi-webview)	KEL-79,KEL-142,KEL-132	0	0	0		https://electronjs.org/docs/api/webview-tag
ActivationArguments	Structure	type	property		all			F06-native-desktop	1	UNSUPPORTED	keld-native brokers + keld-guard system grants + @keld/api	KEL-71,KEL-130,KEL-102,KEL-89,KEL-76	0	0	0		https://electronjs.org/docs/api/structures/activation-arguments
ActivationArguments	Structure	arguments	property		all			F06-native-desktop	1	UNSUPPORTED	keld-native brokers + keld-guard system grants + @keld/api	KEL-71,KEL-130,KEL-102,KEL-89,KEL-76	0	0	0		https://electronjs.org/docs/api/structures/activation-arguments
ActivationArguments	Structure	actionIndex	property		all			F06-native-desktop	1	UNSUPPORTED	keld-native brokers + keld-guard system grants + @keld/api	KEL-71,KEL-130,KEL-102,KEL-89,KEL-76	0	0	0		https://electronjs.org/docs/api/structures/activation-arguments
ActivationArguments	Structure	reply	property		all			F06-native-desktop	1	UNSUPPORTED	keld-native brokers + keld-guard system grants + @keld/api	KEL-71,KEL-130,KEL-102,KEL-89,KEL-76	0	0	0		https://electronjs.org/docs/api/structures/activation-arguments
ActivationArguments	Structure	userInputs	property		all			F06-native-desktop	1	UNSUPPORTED	keld-native brokers + keld-guard system grants + @keld/api	KEL-71,KEL-130,KEL-102,KEL-89,KEL-76	0	0	0		https://electronjs.org/docs/api/structures/activation-arguments
BaseWindowConstructorOptions	Structure	width	property		all			F02-windowing	1	UNSUPPORTED	@keld/electron + keld-core window registry + keld-wv	KEL-139,KEL-142,KEL-143,KEL-135	0	0	0		https://electronjs.org/docs/api/structures/base-window-options
BaseWindowConstructorOptions	Structure	height	property		all			F02-windowing	1	UNSUPPORTED	@keld/electron + keld-core window registry + keld-wv	KEL-139,KEL-142,KEL-143,KEL-135	0	0	0		https://electronjs.org/docs/api/structures/base-window-options
BaseWindowConstructorOptions	Structure	x	property		all			F02-windowing	1	UNSUPPORTED	@keld/electron + keld-core window registry + keld-wv	KEL-139,KEL-142,KEL-143,KEL-135	0	0	0		https://electronjs.org/docs/api/structures/base-window-options
BaseWindowConstructorOptions	Structure	y	property		all			F02-windowing	1	UNSUPPORTED	@keld/electron + keld-core window registry + keld-wv	KEL-139,KEL-142,KEL-143,KEL-135	0	0	0		https://electronjs.org/docs/api/structures/base-window-options
BaseWindowConstructorOptions	Structure	useContentSize	property		all			F02-windowing	1	UNSUPPORTED	@keld/electron + keld-core window registry + keld-wv	KEL-139,KEL-142,KEL-143,KEL-135	0	0	0		https://electronjs.org/docs/api/structures/base-window-options
BaseWindowConstructorOptions	Structure	center	property		all			F02-windowing	1	UNSUPPORTED	@keld/electron + keld-core window registry + keld-wv	KEL-139,KEL-142,KEL-143,KEL-135	0	0	0		https://electronjs.org/docs/api/structures/base-window-options
BaseWindowConstructorOptions	Structure	minWidth	property		all			F02-windowing	1	UNSUPPORTED	@keld/electron + keld-core window registry + keld-wv	KEL-139,KEL-142,KEL-143,KEL-135	0	0	0		https://electronjs.org/docs/api/structures/base-window-options
BaseWindowConstructorOptions	Structure	minHeight	property		all			F02-windowing	1	UNSUPPORTED	@keld/electron + keld-core window registry + keld-wv	KEL-139,KEL-142,KEL-143,KEL-135	0	0	0		https://electronjs.org/docs/api/structures/base-window-options
BaseWindowConstructorOptions	Structure	maxWidth	property		all			F02-windowing	1	UNSUPPORTED	@keld/electron + keld-core window registry + keld-wv	KEL-139,KEL-142,KEL-143,KEL-135	0	0	0		https://electronjs.org/docs/api/structures/base-window-options
BaseWindowConstructorOptions	Structure	maxHeight	property		all			F02-windowing	1	UNSUPPORTED	@keld/electron + keld-core window registry + keld-wv	KEL-139,KEL-142,KEL-143,KEL-135	0	0	0		https://electronjs.org/docs/api/structures/base-window-options
BaseWindowConstructorOptions	Structure	resizable	property		all			F02-windowing	1	UNSUPPORTED	@keld/electron + keld-core window registry + keld-wv	KEL-139,KEL-142,KEL-143,KEL-135	0	0	0		https://electronjs.org/docs/api/structures/base-window-options
BaseWindowConstructorOptions	Structure	movable	property		macos,windows			F02-windowing	1	UNSUPPORTED	@keld/electron + keld-core window registry + keld-wv	KEL-139,KEL-142,KEL-143,KEL-135	0	0	0		https://electronjs.org/docs/api/structures/base-window-options
BaseWindowConstructorOptions	Structure	minimizable	property		macos,windows			F02-windowing	1	UNSUPPORTED	@keld/electron + keld-core window registry + keld-wv	KEL-139,KEL-142,KEL-143,KEL-135	0	0	0		https://electronjs.org/docs/api/structures/base-window-options
BaseWindowConstructorOptions	Structure	maximizable	property		macos,windows			F02-windowing	1	UNSUPPORTED	@keld/electron + keld-core window registry + keld-wv	KEL-139,KEL-142,KEL-143,KEL-135	0	0	0		https://electronjs.org/docs/api/structures/base-window-options
BaseWindowConstructorOptions	Structure	closable	property		macos,windows			F02-windowing	1	UNSUPPORTED	@keld/electron + keld-core window registry + keld-wv	KEL-139,KEL-142,KEL-143,KEL-135	0	0	0		https://electronjs.org/docs/api/structures/base-window-options
BaseWindowConstructorOptions	Structure	focusable	property		all			F02-windowing	1	UNSUPPORTED	@keld/electron + keld-core window registry + keld-wv	KEL-139,KEL-142,KEL-143,KEL-135	0	0	0		https://electronjs.org/docs/api/structures/base-window-options
BaseWindowConstructorOptions	Structure	alwaysOnTop	property		all			F02-windowing	1	UNSUPPORTED	@keld/electron + keld-core window registry + keld-wv	KEL-139,KEL-142,KEL-143,KEL-135	0	0	0		https://electronjs.org/docs/api/structures/base-window-options
BaseWindowConstructorOptions	Structure	fullscreen	property		all			F02-windowing	1	UNSUPPORTED	@keld/electron + keld-core window registry + keld-wv	KEL-139,KEL-142,KEL-143,KEL-135	0	0	0		https://electronjs.org/docs/api/structures/base-window-options
BaseWindowConstructorOptions	Structure	fullscreenable	property		all			F02-windowing	1	UNSUPPORTED	@keld/electron + keld-core window registry + keld-wv	KEL-139,KEL-142,KEL-143,KEL-135	0	0	0		https://electronjs.org/docs/api/structures/base-window-options
BaseWindowConstructorOptions	Structure	simpleFullscreen	property		macos			F02-windowing	1	UNSUPPORTED	@keld/electron + keld-core window registry + keld-wv	KEL-139,KEL-142,KEL-143,KEL-135	0	0	0		https://electronjs.org/docs/api/structures/base-window-options
BaseWindowConstructorOptions	Structure	skipTaskbar	property		macos,windows			F02-windowing	1	UNSUPPORTED	@keld/electron + keld-core window registry + keld-wv	KEL-139,KEL-142,KEL-143,KEL-135	0	0	0		https://electronjs.org/docs/api/structures/base-window-options
BaseWindowConstructorOptions	Structure	hiddenInMissionControl	property		macos			F02-windowing	1	UNSUPPORTED	@keld/electron + keld-core window registry + keld-wv	KEL-139,KEL-142,KEL-143,KEL-135	0	0	0		https://electronjs.org/docs/api/structures/base-window-options
BaseWindowConstructorOptions	Structure	kiosk	property		all			F02-windowing	1	UNSUPPORTED	@keld/electron + keld-core window registry + keld-wv	KEL-139,KEL-142,KEL-143,KEL-135	0	0	0		https://electronjs.org/docs/api/structures/base-window-options
BaseWindowConstructorOptions	Structure	name	property		all			F02-windowing	1	UNSUPPORTED	@keld/electron + keld-core window registry + keld-wv	KEL-139,KEL-142,KEL-143,KEL-135	0	0	0		https://electronjs.org/docs/api/structures/base-window-options
BaseWindowConstructorOptions	Structure	windowStatePersistence	property		all			F02-windowing	1	UNSUPPORTED	@keld/electron + keld-core window registry + keld-wv	KEL-139,KEL-142,KEL-143,KEL-135	0	0	0		https://electronjs.org/docs/api/structures/base-window-options
BaseWindowConstructorOptions	Structure	title	property		all			F02-windowing	1	UNSUPPORTED	@keld/electron + keld-core window registry + keld-wv	KEL-139,KEL-142,KEL-143,KEL-135	0	0	0		https://electronjs.org/docs/api/structures/base-window-options
BaseWindowConstructorOptions	Structure	icon	property		all			F02-windowing	1	UNSUPPORTED	@keld/electron + keld-core window registry + keld-wv	KEL-139,KEL-142,KEL-143,KEL-135	0	0	0		https://electronjs.org/docs/api/structures/base-window-options
BaseWindowConstructorOptions	Structure	show	property		all			F02-windowing	1	UNSUPPORTED	@keld/electron + keld-core window registry + keld-wv	KEL-139,KEL-142,KEL-143,KEL-135	0	0	0		https://electronjs.org/docs/api/structures/base-window-options
BaseWindowConstructorOptions	Structure	frame	property		all			F02-windowing	1	UNSUPPORTED	@keld/electron + keld-core window registry + keld-wv	KEL-139,KEL-142,KEL-143,KEL-135	0	0	0		https://electronjs.org/docs/api/structures/base-window-options
BaseWindowConstructorOptions	Structure	parent	property		all			F02-windowing	1	UNSUPPORTED	@keld/electron + keld-core window registry + keld-wv	KEL-139,KEL-142,KEL-143,KEL-135	0	0	0		https://electronjs.org/docs/api/structures/base-window-options
BaseWindowConstructorOptions	Structure	modal	property		all			F02-windowing	1	UNSUPPORTED	@keld/electron + keld-core window registry + keld-wv	KEL-139,KEL-142,KEL-143,KEL-135	0	0	0		https://electronjs.org/docs/api/structures/base-window-options
BaseWindowConstructorOptions	Structure	acceptFirstMouse	property		macos			F02-windowing	1	UNSUPPORTED	@keld/electron + keld-core window registry + keld-wv	KEL-139,KEL-142,KEL-143,KEL-135	0	0	0		https://electronjs.org/docs/api/structures/base-window-options
BaseWindowConstructorOptions	Structure	disableAutoHideCursor	property		all			F02-windowing	1	UNSUPPORTED	@keld/electron + keld-core window registry + keld-wv	KEL-139,KEL-142,KEL-143,KEL-135	0	0	0		https://electronjs.org/docs/api/structures/base-window-options
BaseWindowConstructorOptions	Structure	autoHideMenuBar	property		linux,windows			F02-windowing	1	UNSUPPORTED	@keld/electron + keld-core window registry + keld-wv	KEL-139,KEL-142,KEL-143,KEL-135	0	0	0		https://electronjs.org/docs/api/structures/base-window-options
BaseWindowConstructorOptions	Structure	enableLargerThanScreen	property		macos			F02-windowing	1	UNSUPPORTED	@keld/electron + keld-core window registry + keld-wv	KEL-139,KEL-142,KEL-143,KEL-135	0	0	0		https://electronjs.org/docs/api/structures/base-window-options
BaseWindowConstructorOptions	Structure	backgroundColor	property		all			F02-windowing	1	UNSUPPORTED	@keld/electron + keld-core window registry + keld-wv	KEL-139,KEL-142,KEL-143,KEL-135	0	0	0		https://electronjs.org/docs/api/structures/base-window-options
BaseWindowConstructorOptions	Structure	hasShadow	property		all			F02-windowing	1	UNSUPPORTED	@keld/electron + keld-core window registry + keld-wv	KEL-139,KEL-142,KEL-143,KEL-135	0	0	0		https://electronjs.org/docs/api/structures/base-window-options
BaseWindowConstructorOptions	Structure	opacity	property		macos,windows			F02-windowing	1	UNSUPPORTED	@keld/electron + keld-core window registry + keld-wv	KEL-139,KEL-142,KEL-143,KEL-135	0	0	0		https://electronjs.org/docs/api/structures/base-window-options
BaseWindowConstructorOptions	Structure	darkTheme	property		all			F02-windowing	1	UNSUPPORTED	@keld/electron + keld-core window registry + keld-wv	KEL-139,KEL-142,KEL-143,KEL-135	0	0	0		https://electronjs.org/docs/api/structures/base-window-options
BaseWindowConstructorOptions	Structure	transparent	property		all			F02-windowing	1	UNSUPPORTED	@keld/electron + keld-core window registry + keld-wv	KEL-139,KEL-142,KEL-143,KEL-135	0	0	0		https://electronjs.org/docs/api/structures/base-window-options
BaseWindowConstructorOptions	Structure	type	property		all			F02-windowing	1	UNSUPPORTED	@keld/electron + keld-core window registry + keld-wv	KEL-139,KEL-142,KEL-143,KEL-135	0	0	0		https://electronjs.org/docs/api/structures/base-window-options
BaseWindowConstructorOptions	Structure	visualEffectState	property		macos			F02-windowing	1	UNSUPPORTED	@keld/electron + keld-core window registry + keld-wv	KEL-139,KEL-142,KEL-143,KEL-135	0	0	0		https://electronjs.org/docs/api/structures/base-window-options
BaseWindowConstructorOptions	Structure	titleBarStyle	property		all			F02-windowing	1	UNSUPPORTED	@keld/electron + keld-core window registry + keld-wv	KEL-139,KEL-142,KEL-143,KEL-135	0	0	0		https://electronjs.org/docs/api/structures/base-window-options
BaseWindowConstructorOptions	Structure	titleBarOverlay	property		all			F02-windowing	1	UNSUPPORTED	@keld/electron + keld-core window registry + keld-wv	KEL-139,KEL-142,KEL-143,KEL-135	0	0	0		https://electronjs.org/docs/api/structures/base-window-options
BaseWindowConstructorOptions	Structure	accentColor	property		windows			F02-windowing	1	UNSUPPORTED	@keld/electron + keld-core window registry + keld-wv	KEL-139,KEL-142,KEL-143,KEL-135	0	0	0		https://electronjs.org/docs/api/structures/base-window-options
BaseWindowConstructorOptions	Structure	trafficLightPosition	property		macos			F02-windowing	1	UNSUPPORTED	@keld/electron + keld-core window registry + keld-wv	KEL-139,KEL-142,KEL-143,KEL-135	0	0	0		https://electronjs.org/docs/api/structures/base-window-options
BaseWindowConstructorOptions	Structure	roundedCorners	property		all			F02-windowing	1	UNSUPPORTED	@keld/electron + keld-core window registry + keld-wv	KEL-139,KEL-142,KEL-143,KEL-135	0	0	0		https://electronjs.org/docs/api/structures/base-window-options
BaseWindowConstructorOptions	Structure	thickFrame	property		windows			F02-windowing	1	UNSUPPORTED	@keld/electron + keld-core window registry + keld-wv	KEL-139,KEL-142,KEL-143,KEL-135	0	0	0		https://electronjs.org/docs/api/structures/base-window-options
BaseWindowConstructorOptions	Structure	vibrancy	property		macos			F02-windowing	1	UNSUPPORTED	@keld/electron + keld-core window registry + keld-wv	KEL-139,KEL-142,KEL-143,KEL-135	0	0	0		https://electronjs.org/docs/api/structures/base-window-options
BaseWindowConstructorOptions	Structure	backgroundMaterial	property		windows			F02-windowing	1	UNSUPPORTED	@keld/electron + keld-core window registry + keld-wv	KEL-139,KEL-142,KEL-143,KEL-135	0	0	0		https://electronjs.org/docs/api/structures/base-window-options
BaseWindowConstructorOptions	Structure	zoomToPageWidth	property		macos			F02-windowing	1	UNSUPPORTED	@keld/electron + keld-core window registry + keld-wv	KEL-139,KEL-142,KEL-143,KEL-135	0	0	0		https://electronjs.org/docs/api/structures/base-window-options
BaseWindowConstructorOptions	Structure	tabbingIdentifier	property		macos			F02-windowing	1	UNSUPPORTED	@keld/electron + keld-core window registry + keld-wv	KEL-139,KEL-142,KEL-143,KEL-135	0	0	0		https://electronjs.org/docs/api/structures/base-window-options
BluetoothDevice	Structure	deviceName	property		all			F05-session-network-protocol	3	UNSUPPORTED	keld-compat host emulation + keld-wv + keld-guard net scopes	KEL-79,KEL-135,KEL-74	0	0	0		https://electronjs.org/docs/api/structures/bluetooth-device
BluetoothDevice	Structure	deviceId	property		all			F05-session-network-protocol	3	UNSUPPORTED	keld-compat host emulation + keld-wv + keld-guard net scopes	KEL-79,KEL-135,KEL-74	0	0	0		https://electronjs.org/docs/api/structures/bluetooth-device
BrowserWindowConstructorOptions	Structure	webPreferences	property		all			F02-windowing	1	UNSUPPORTED	@keld/electron + keld-core window registry + keld-wv	KEL-139,KEL-142,KEL-143,KEL-135	0	0	0		https://electronjs.org/docs/api/structures/browser-window-options
BrowserWindowConstructorOptions	Structure	paintWhenInitiallyHidden	property		all			F02-windowing	1	UNSUPPORTED	@keld/electron + keld-core window registry + keld-wv	KEL-139,KEL-142,KEL-143,KEL-135	0	0	0		https://electronjs.org/docs/api/structures/browser-window-options
CertificatePrincipal	Structure	commonName	property		all			F05-session-network-protocol	2	UNSUPPORTED	keld-compat host emulation + keld-wv + keld-guard net scopes	KEL-79,KEL-135,KEL-74	0	0	0		https://electronjs.org/docs/api/structures/certificate-principal
CertificatePrincipal	Structure	organizations	property		all			F05-session-network-protocol	2	UNSUPPORTED	keld-compat host emulation + keld-wv + keld-guard net scopes	KEL-79,KEL-135,KEL-74	0	0	0		https://electronjs.org/docs/api/structures/certificate-principal
CertificatePrincipal	Structure	organizationUnits	property		all			F05-session-network-protocol	2	UNSUPPORTED	keld-compat host emulation + keld-wv + keld-guard net scopes	KEL-79,KEL-135,KEL-74	0	0	0		https://electronjs.org/docs/api/structures/certificate-principal
CertificatePrincipal	Structure	locality	property		all			F05-session-network-protocol	2	UNSUPPORTED	keld-compat host emulation + keld-wv + keld-guard net scopes	KEL-79,KEL-135,KEL-74	0	0	0		https://electronjs.org/docs/api/structures/certificate-principal
CertificatePrincipal	Structure	state	property		all			F05-session-network-protocol	2	UNSUPPORTED	keld-compat host emulation + keld-wv + keld-guard net scopes	KEL-79,KEL-135,KEL-74	0	0	0		https://electronjs.org/docs/api/structures/certificate-principal
CertificatePrincipal	Structure	country	property		all			F05-session-network-protocol	2	UNSUPPORTED	keld-compat host emulation + keld-wv + keld-guard net scopes	KEL-79,KEL-135,KEL-74	0	0	0		https://electronjs.org/docs/api/structures/certificate-principal
Certificate	Structure	data	property		all			F05-session-network-protocol	2	UNSUPPORTED	keld-compat host emulation + keld-wv + keld-guard net scopes	KEL-79,KEL-135,KEL-74	0	0	0		https://electronjs.org/docs/api/structures/certificate
Certificate	Structure	issuer	property		all			F05-session-network-protocol	2	UNSUPPORTED	keld-compat host emulation + keld-wv + keld-guard net scopes	KEL-79,KEL-135,KEL-74	0	0	0		https://electronjs.org/docs/api/structures/certificate
Certificate	Structure	issuerName	property		all			F05-session-network-protocol	2	UNSUPPORTED	keld-compat host emulation + keld-wv + keld-guard net scopes	KEL-79,KEL-135,KEL-74	0	0	0		https://electronjs.org/docs/api/structures/certificate
Certificate	Structure	issuerCert	property		all			F05-session-network-protocol	2	UNSUPPORTED	keld-compat host emulation + keld-wv + keld-guard net scopes	KEL-79,KEL-135,KEL-74	0	0	0		https://electronjs.org/docs/api/structures/certificate
Certificate	Structure	subject	property		all			F05-session-network-protocol	2	UNSUPPORTED	keld-compat host emulation + keld-wv + keld-guard net scopes	KEL-79,KEL-135,KEL-74	0	0	0		https://electronjs.org/docs/api/structures/certificate
Certificate	Structure	subjectName	property		all			F05-session-network-protocol	2	UNSUPPORTED	keld-compat host emulation + keld-wv + keld-guard net scopes	KEL-79,KEL-135,KEL-74	0	0	0		https://electronjs.org/docs/api/structures/certificate
Certificate	Structure	serialNumber	property		all			F05-session-network-protocol	2	UNSUPPORTED	keld-compat host emulation + keld-wv + keld-guard net scopes	KEL-79,KEL-135,KEL-74	0	0	0		https://electronjs.org/docs/api/structures/certificate
Certificate	Structure	validStart	property		all			F05-session-network-protocol	2	UNSUPPORTED	keld-compat host emulation + keld-wv + keld-guard net scopes	KEL-79,KEL-135,KEL-74	0	0	0		https://electronjs.org/docs/api/structures/certificate
Certificate	Structure	validExpiry	property		all			F05-session-network-protocol	2	UNSUPPORTED	keld-compat host emulation + keld-wv + keld-guard net scopes	KEL-79,KEL-135,KEL-74	0	0	0		https://electronjs.org/docs/api/structures/certificate
Certificate	Structure	fingerprint	property		all			F05-session-network-protocol	2	UNSUPPORTED	keld-compat host emulation + keld-wv + keld-guard net scopes	KEL-79,KEL-135,KEL-74	0	0	0		https://electronjs.org/docs/api/structures/certificate
ClipboardBookmark	Structure	title	property		all			F06-native-desktop	1	UNSUPPORTED	keld-native brokers + keld-guard system grants + @keld/api	KEL-71,KEL-130,KEL-102,KEL-89,KEL-76	0	0	0		https://electronjs.org/docs/api/structures/clipboard-bookmark
ClipboardBookmark	Structure	url	property		all			F06-native-desktop	1	UNSUPPORTED	keld-native brokers + keld-guard system grants + @keld/api	KEL-71,KEL-130,KEL-102,KEL-89,KEL-76	0	0	0		https://electronjs.org/docs/api/structures/clipboard-bookmark
ColorSpace	Structure	primaries	property		all			F03-webcontents-navigation	2	UNSUPPORTED	@keld/electron + keld-wv + keld-compat (webContents routing)	KEL-79,KEL-132,KEL-142	0	0	0		https://electronjs.org/docs/api/structures/color-space
ColorSpace	Structure	transfer	property		all			F03-webcontents-navigation	2	UNSUPPORTED	@keld/electron + keld-wv + keld-compat (webContents routing)	KEL-79,KEL-132,KEL-142	0	0	0		https://electronjs.org/docs/api/structures/color-space
ColorSpace	Structure	matrix	property		all			F03-webcontents-navigation	2	UNSUPPORTED	@keld/electron + keld-wv + keld-compat (webContents routing)	KEL-79,KEL-132,KEL-142	0	0	0		https://electronjs.org/docs/api/structures/color-space
ColorSpace	Structure	range	property		all			F03-webcontents-navigation	2	UNSUPPORTED	@keld/electron + keld-wv + keld-compat (webContents routing)	KEL-79,KEL-132,KEL-142	0	0	0		https://electronjs.org/docs/api/structures/color-space
Cookie	Structure	name	property		all			F05-session-network-protocol	2	UNSUPPORTED	keld-compat host emulation + keld-wv + keld-guard net scopes	KEL-79,KEL-135,KEL-74	0	0	0		https://electronjs.org/docs/api/structures/cookie
Cookie	Structure	value	property		all			F05-session-network-protocol	2	UNSUPPORTED	keld-compat host emulation + keld-wv + keld-guard net scopes	KEL-79,KEL-135,KEL-74	0	0	0		https://electronjs.org/docs/api/structures/cookie
Cookie	Structure	domain	property		all			F05-session-network-protocol	2	UNSUPPORTED	keld-compat host emulation + keld-wv + keld-guard net scopes	KEL-79,KEL-135,KEL-74	0	0	0		https://electronjs.org/docs/api/structures/cookie
Cookie	Structure	hostOnly	property		all			F05-session-network-protocol	2	UNSUPPORTED	keld-compat host emulation + keld-wv + keld-guard net scopes	KEL-79,KEL-135,KEL-74	0	0	0		https://electronjs.org/docs/api/structures/cookie
Cookie	Structure	path	property		all			F05-session-network-protocol	2	UNSUPPORTED	keld-compat host emulation + keld-wv + keld-guard net scopes	KEL-79,KEL-135,KEL-74	0	0	0		https://electronjs.org/docs/api/structures/cookie
Cookie	Structure	secure	property		all			F05-session-network-protocol	2	UNSUPPORTED	keld-compat host emulation + keld-wv + keld-guard net scopes	KEL-79,KEL-135,KEL-74	0	0	0		https://electronjs.org/docs/api/structures/cookie
Cookie	Structure	httpOnly	property		all			F05-session-network-protocol	2	UNSUPPORTED	keld-compat host emulation + keld-wv + keld-guard net scopes	KEL-79,KEL-135,KEL-74	0	0	0		https://electronjs.org/docs/api/structures/cookie
Cookie	Structure	session	property		all			F05-session-network-protocol	2	UNSUPPORTED	keld-compat host emulation + keld-wv + keld-guard net scopes	KEL-79,KEL-135,KEL-74	0	0	0		https://electronjs.org/docs/api/structures/cookie
Cookie	Structure	expirationDate	property		all			F05-session-network-protocol	2	UNSUPPORTED	keld-compat host emulation + keld-wv + keld-guard net scopes	KEL-79,KEL-135,KEL-74	0	0	0		https://electronjs.org/docs/api/structures/cookie
Cookie	Structure	sameSite	property		all			F05-session-network-protocol	2	UNSUPPORTED	keld-compat host emulation + keld-wv + keld-guard net scopes	KEL-79,KEL-135,KEL-74	0	0	0		https://electronjs.org/docs/api/structures/cookie
CPUUsage	Structure	percentCPUUsage	property		all			F08-diagnostics-crash-tracing	2	UNSUPPORTED	keld-runtime crash ledger + keld-core census	KEL-105,KEL-116,KEL-90,KEL-129	0	0	0		https://electronjs.org/docs/api/structures/cpu-usage
CPUUsage	Structure	cumulativeCPUUsage	property		all			F08-diagnostics-crash-tracing	2	UNSUPPORTED	keld-runtime crash ledger + keld-core census	KEL-105,KEL-116,KEL-90,KEL-129	0	0	0		https://electronjs.org/docs/api/structures/cpu-usage
CPUUsage	Structure	idleWakeupsPerSecond	property		all			F08-diagnostics-crash-tracing	2	UNSUPPORTED	keld-runtime crash ledger + keld-core census	KEL-105,KEL-116,KEL-90,KEL-129	0	0	0		https://electronjs.org/docs/api/structures/cpu-usage
CrashReport	Structure	date	property		all			F08-diagnostics-crash-tracing	2	UNSUPPORTED	keld-runtime crash ledger + keld-core census	KEL-105,KEL-116,KEL-90,KEL-129	0	0	0		https://electronjs.org/docs/api/structures/crash-report
CrashReport	Structure	id	property		all			F08-diagnostics-crash-tracing	2	UNSUPPORTED	keld-runtime crash ledger + keld-core census	KEL-105,KEL-116,KEL-90,KEL-129	0	0	0		https://electronjs.org/docs/api/structures/crash-report
CustomScheme	Structure	scheme	property		all			F05-session-network-protocol	2	UNSUPPORTED	keld-compat host emulation + keld-wv + keld-guard net scopes	KEL-79,KEL-135,KEL-74	0	0	0		https://electronjs.org/docs/api/structures/custom-scheme
CustomScheme	Structure	privileges	property		all			F05-session-network-protocol	2	UNSUPPORTED	keld-compat host emulation + keld-wv + keld-guard net scopes	KEL-79,KEL-135,KEL-74	0	0	0		https://electronjs.org/docs/api/structures/custom-scheme
DesktopCapturerSource	Structure	id	property		all			F06-native-desktop	3	UNSUPPORTED	keld-native brokers + keld-guard system grants + @keld/api	KEL-71,KEL-130,KEL-102,KEL-89,KEL-76	0	0	0		https://electronjs.org/docs/api/structures/desktop-capturer-source
DesktopCapturerSource	Structure	name	property		all			F06-native-desktop	3	UNSUPPORTED	keld-native brokers + keld-guard system grants + @keld/api	KEL-71,KEL-130,KEL-102,KEL-89,KEL-76	0	0	0		https://electronjs.org/docs/api/structures/desktop-capturer-source
DesktopCapturerSource	Structure	thumbnail	property		all			F06-native-desktop	3	UNSUPPORTED	keld-native brokers + keld-guard system grants + @keld/api	KEL-71,KEL-130,KEL-102,KEL-89,KEL-76	0	0	0		https://electronjs.org/docs/api/structures/desktop-capturer-source
DesktopCapturerSource	Structure	display_id	property		all			F06-native-desktop	3	UNSUPPORTED	keld-native brokers + keld-guard system grants + @keld/api	KEL-71,KEL-130,KEL-102,KEL-89,KEL-76	0	0	0		https://electronjs.org/docs/api/structures/desktop-capturer-source
DesktopCapturerSource	Structure	appIcon	property		all			F06-native-desktop	3	UNSUPPORTED	keld-native brokers + keld-guard system grants + @keld/api	KEL-71,KEL-130,KEL-102,KEL-89,KEL-76	0	0	0		https://electronjs.org/docs/api/structures/desktop-capturer-source
Display	Structure	accelerometerSupport	property		all			F06-native-desktop	1	UNSUPPORTED	keld-native brokers + keld-guard system grants + @keld/api	KEL-71,KEL-130,KEL-102,KEL-89,KEL-76	0	0	0		https://electronjs.org/docs/api/structures/display
Display	Structure	bounds	property		all			F06-native-desktop	1	UNSUPPORTED	keld-native brokers + keld-guard system grants + @keld/api	KEL-71,KEL-130,KEL-102,KEL-89,KEL-76	0	0	0		https://electronjs.org/docs/api/structures/display
Display	Structure	colorDepth	property		all			F06-native-desktop	1	UNSUPPORTED	keld-native brokers + keld-guard system grants + @keld/api	KEL-71,KEL-130,KEL-102,KEL-89,KEL-76	0	0	0		https://electronjs.org/docs/api/structures/display
Display	Structure	colorSpace	property		all			F06-native-desktop	1	UNSUPPORTED	keld-native brokers + keld-guard system grants + @keld/api	KEL-71,KEL-130,KEL-102,KEL-89,KEL-76	0	0	0		https://electronjs.org/docs/api/structures/display
Display	Structure	depthPerComponent	property		all			F06-native-desktop	1	UNSUPPORTED	keld-native brokers + keld-guard system grants + @keld/api	KEL-71,KEL-130,KEL-102,KEL-89,KEL-76	0	0	0		https://electronjs.org/docs/api/structures/display
Display	Structure	detected	property		all			F06-native-desktop	1	UNSUPPORTED	keld-native brokers + keld-guard system grants + @keld/api	KEL-71,KEL-130,KEL-102,KEL-89,KEL-76	0	0	0		https://electronjs.org/docs/api/structures/display
Display	Structure	displayFrequency	property		all			F06-native-desktop	1	UNSUPPORTED	keld-native brokers + keld-guard system grants + @keld/api	KEL-71,KEL-130,KEL-102,KEL-89,KEL-76	0	0	0		https://electronjs.org/docs/api/structures/display
Display	Structure	id	property		all			F06-native-desktop	1	UNSUPPORTED	keld-native brokers + keld-guard system grants + @keld/api	KEL-71,KEL-130,KEL-102,KEL-89,KEL-76	0	0	0		https://electronjs.org/docs/api/structures/display
Display	Structure	internal	property		all			F06-native-desktop	1	UNSUPPORTED	keld-native brokers + keld-guard system grants + @keld/api	KEL-71,KEL-130,KEL-102,KEL-89,KEL-76	0	0	0		https://electronjs.org/docs/api/structures/display
Display	Structure	label	property		all			F06-native-desktop	1	UNSUPPORTED	keld-native brokers + keld-guard system grants + @keld/api	KEL-71,KEL-130,KEL-102,KEL-89,KEL-76	0	0	0		https://electronjs.org/docs/api/structures/display
Display	Structure	maximumCursorSize	property		all			F06-native-desktop	1	UNSUPPORTED	keld-native brokers + keld-guard system grants + @keld/api	KEL-71,KEL-130,KEL-102,KEL-89,KEL-76	0	0	0		https://electronjs.org/docs/api/structures/display
Display	Structure	nativeOrigin	property		all			F06-native-desktop	1	UNSUPPORTED	keld-native brokers + keld-guard system grants + @keld/api	KEL-71,KEL-130,KEL-102,KEL-89,KEL-76	0	0	0		https://electronjs.org/docs/api/structures/display
Display	Structure	rotation	property		all			F06-native-desktop	1	UNSUPPORTED	keld-native brokers + keld-guard system grants + @keld/api	KEL-71,KEL-130,KEL-102,KEL-89,KEL-76	0	0	0		https://electronjs.org/docs/api/structures/display
Display	Structure	scaleFactor	property		all			F06-native-desktop	1	UNSUPPORTED	keld-native brokers + keld-guard system grants + @keld/api	KEL-71,KEL-130,KEL-102,KEL-89,KEL-76	0	0	0		https://electronjs.org/docs/api/structures/display
Display	Structure	touchSupport	property		all			F06-native-desktop	1	UNSUPPORTED	keld-native brokers + keld-guard system grants + @keld/api	KEL-71,KEL-130,KEL-102,KEL-89,KEL-76	0	0	0		https://electronjs.org/docs/api/structures/display
Display	Structure	monochrome	property		all			F06-native-desktop	1	UNSUPPORTED	keld-native brokers + keld-guard system grants + @keld/api	KEL-71,KEL-130,KEL-102,KEL-89,KEL-76	0	0	0		https://electronjs.org/docs/api/structures/display
Display	Structure	size	property		all			F06-native-desktop	1	UNSUPPORTED	keld-native brokers + keld-guard system grants + @keld/api	KEL-71,KEL-130,KEL-102,KEL-89,KEL-76	0	0	0		https://electronjs.org/docs/api/structures/display
Display	Structure	workArea	property		all			F06-native-desktop	1	UNSUPPORTED	keld-native brokers + keld-guard system grants + @keld/api	KEL-71,KEL-130,KEL-102,KEL-89,KEL-76	0	0	0		https://electronjs.org/docs/api/structures/display
Display	Structure	workAreaSize	property		all			F06-native-desktop	1	UNSUPPORTED	keld-native brokers + keld-guard system grants + @keld/api	KEL-71,KEL-130,KEL-102,KEL-89,KEL-76	0	0	0		https://electronjs.org/docs/api/structures/display
EnableHeapProfilingOptions	Structure	mode	property		all			F08-diagnostics-crash-tracing	2	UNSUPPORTED	keld-runtime crash ledger + keld-core census	KEL-105,KEL-116,KEL-90,KEL-129	0	0	0		https://electronjs.org/docs/api/structures/enable-heap-profiling-options
EnableHeapProfilingOptions	Structure	samplingRate	property		all			F08-diagnostics-crash-tracing	2	UNSUPPORTED	keld-runtime crash ledger + keld-core census	KEL-105,KEL-116,KEL-90,KEL-129	0	0	0		https://electronjs.org/docs/api/structures/enable-heap-profiling-options
EnableHeapProfilingOptions	Structure	stackMode	property		all			F08-diagnostics-crash-tracing	2	UNSUPPORTED	keld-runtime crash ledger + keld-core census	KEL-105,KEL-116,KEL-90,KEL-129	0	0	0		https://electronjs.org/docs/api/structures/enable-heap-profiling-options
ExtensionInfo	Structure	name	property		all			F05-session-network-protocol	3	UNSUPPORTED	keld-compat host emulation + keld-wv + keld-guard net scopes	KEL-79,KEL-135,KEL-74	0	0	0		https://electronjs.org/docs/api/structures/extension-info
ExtensionInfo	Structure	version	property		all			F05-session-network-protocol	3	UNSUPPORTED	keld-compat host emulation + keld-wv + keld-guard net scopes	KEL-79,KEL-135,KEL-74	0	0	0		https://electronjs.org/docs/api/structures/extension-info
Extension	Structure	id	property		all			F05-session-network-protocol	3	UNSUPPORTED	keld-compat host emulation + keld-wv + keld-guard net scopes	KEL-79,KEL-135,KEL-74	0	0	0		https://electronjs.org/docs/api/structures/extension
Extension	Structure	manifest	property		all			F05-session-network-protocol	3	UNSUPPORTED	keld-compat host emulation + keld-wv + keld-guard net scopes	KEL-79,KEL-135,KEL-74	0	0	0		https://electronjs.org/docs/api/structures/extension
Extension	Structure	name	property		all			F05-session-network-protocol	3	UNSUPPORTED	keld-compat host emulation + keld-wv + keld-guard net scopes	KEL-79,KEL-135,KEL-74	0	0	0		https://electronjs.org/docs/api/structures/extension
Extension	Structure	path	property		all			F05-session-network-protocol	3	UNSUPPORTED	keld-compat host emulation + keld-wv + keld-guard net scopes	KEL-79,KEL-135,KEL-74	0	0	0		https://electronjs.org/docs/api/structures/extension
Extension	Structure	version	property		all			F05-session-network-protocol	3	UNSUPPORTED	keld-compat host emulation + keld-wv + keld-guard net scopes	KEL-79,KEL-135,KEL-74	0	0	0		https://electronjs.org/docs/api/structures/extension
Extension	Structure	url	property		all			F05-session-network-protocol	3	UNSUPPORTED	keld-compat host emulation + keld-wv + keld-guard net scopes	KEL-79,KEL-135,KEL-74	0	0	0		https://electronjs.org/docs/api/structures/extension
FileFilter	Structure	name	property		all			F06-native-desktop	1	UNSUPPORTED	keld-native brokers + keld-guard system grants + @keld/api	KEL-71,KEL-130,KEL-102,KEL-89,KEL-76	0	0	0		https://electronjs.org/docs/api/structures/file-filter
FileFilter	Structure	extensions	property		all			F06-native-desktop	1	UNSUPPORTED	keld-native brokers + keld-guard system grants + @keld/api	KEL-71,KEL-130,KEL-102,KEL-89,KEL-76	0	0	0		https://electronjs.org/docs/api/structures/file-filter
FilePathWithHeaders	Structure	path	property		all			F05-session-network-protocol	2	UNSUPPORTED	keld-compat host emulation + keld-wv + keld-guard net scopes	KEL-79,KEL-135,KEL-74	0	0	0		https://electronjs.org/docs/api/structures/file-path-with-headers
FilePathWithHeaders	Structure	headers	property		all			F05-session-network-protocol	2	UNSUPPORTED	keld-compat host emulation + keld-wv + keld-guard net scopes	KEL-79,KEL-135,KEL-74	0	0	0		https://electronjs.org/docs/api/structures/file-path-with-headers
FilesystemPermissionRequest	Structure	filePath	property		all			F05-session-network-protocol	2	UNSUPPORTED	keld-compat host emulation + keld-wv + keld-guard net scopes	KEL-79,KEL-135,KEL-74	0	0	0		https://electronjs.org/docs/api/structures/filesystem-permission-request
FilesystemPermissionRequest	Structure	isDirectory	property		all			F05-session-network-protocol	2	UNSUPPORTED	keld-compat host emulation + keld-wv + keld-guard net scopes	KEL-79,KEL-135,KEL-74	0	0	0		https://electronjs.org/docs/api/structures/filesystem-permission-request
FilesystemPermissionRequest	Structure	fileAccessType	property		all			F05-session-network-protocol	2	UNSUPPORTED	keld-compat host emulation + keld-wv + keld-guard net scopes	KEL-79,KEL-135,KEL-74	0	0	0		https://electronjs.org/docs/api/structures/filesystem-permission-request
GPUFeatureStatus	Structure	2d_canvas	property		all			F08-diagnostics-crash-tracing	2	UNSUPPORTED	keld-runtime crash ledger + keld-core census	KEL-105,KEL-116,KEL-90,KEL-129	0	0	0		https://electronjs.org/docs/api/structures/gpu-feature-status
GPUFeatureStatus	Structure	flash_3d	property		all			F08-diagnostics-crash-tracing	2	UNSUPPORTED	keld-runtime crash ledger + keld-core census	KEL-105,KEL-116,KEL-90,KEL-129	0	0	0		https://electronjs.org/docs/api/structures/gpu-feature-status
GPUFeatureStatus	Structure	flash_stage3d	property		all			F08-diagnostics-crash-tracing	2	UNSUPPORTED	keld-runtime crash ledger + keld-core census	KEL-105,KEL-116,KEL-90,KEL-129	0	0	0		https://electronjs.org/docs/api/structures/gpu-feature-status
GPUFeatureStatus	Structure	flash_stage3d_baseline	property		all			F08-diagnostics-crash-tracing	2	UNSUPPORTED	keld-runtime crash ledger + keld-core census	KEL-105,KEL-116,KEL-90,KEL-129	0	0	0		https://electronjs.org/docs/api/structures/gpu-feature-status
GPUFeatureStatus	Structure	gpu_compositing	property		all			F08-diagnostics-crash-tracing	2	UNSUPPORTED	keld-runtime crash ledger + keld-core census	KEL-105,KEL-116,KEL-90,KEL-129	0	0	0		https://electronjs.org/docs/api/structures/gpu-feature-status
GPUFeatureStatus	Structure	multiple_raster_threads	property		all			F08-diagnostics-crash-tracing	2	UNSUPPORTED	keld-runtime crash ledger + keld-core census	KEL-105,KEL-116,KEL-90,KEL-129	0	0	0		https://electronjs.org/docs/api/structures/gpu-feature-status
GPUFeatureStatus	Structure	native_gpu_memory_buffers	property		all			F08-diagnostics-crash-tracing	2	UNSUPPORTED	keld-runtime crash ledger + keld-core census	KEL-105,KEL-116,KEL-90,KEL-129	0	0	0		https://electronjs.org/docs/api/structures/gpu-feature-status
GPUFeatureStatus	Structure	rasterization	property		all			F08-diagnostics-crash-tracing	2	UNSUPPORTED	keld-runtime crash ledger + keld-core census	KEL-105,KEL-116,KEL-90,KEL-129	0	0	0		https://electronjs.org/docs/api/structures/gpu-feature-status
GPUFeatureStatus	Structure	video_decode	property		all			F08-diagnostics-crash-tracing	2	UNSUPPORTED	keld-runtime crash ledger + keld-core census	KEL-105,KEL-116,KEL-90,KEL-129	0	0	0		https://electronjs.org/docs/api/structures/gpu-feature-status
GPUFeatureStatus	Structure	video_encode	property		all			F08-diagnostics-crash-tracing	2	UNSUPPORTED	keld-runtime crash ledger + keld-core census	KEL-105,KEL-116,KEL-90,KEL-129	0	0	0		https://electronjs.org/docs/api/structures/gpu-feature-status
GPUFeatureStatus	Structure	vpx_decode	property		all			F08-diagnostics-crash-tracing	2	UNSUPPORTED	keld-runtime crash ledger + keld-core census	KEL-105,KEL-116,KEL-90,KEL-129	0	0	0		https://electronjs.org/docs/api/structures/gpu-feature-status
GPUFeatureStatus	Structure	webgl	property		all			F08-diagnostics-crash-tracing	2	UNSUPPORTED	keld-runtime crash ledger + keld-core census	KEL-105,KEL-116,KEL-90,KEL-129	0	0	0		https://electronjs.org/docs/api/structures/gpu-feature-status
GPUFeatureStatus	Structure	webgl2	property		all			F08-diagnostics-crash-tracing	2	UNSUPPORTED	keld-runtime crash ledger + keld-core census	KEL-105,KEL-116,KEL-90,KEL-129	0	0	0		https://electronjs.org/docs/api/structures/gpu-feature-status
HIDDevice	Structure	deviceId	property		all			F05-session-network-protocol	3	UNSUPPORTED	keld-compat host emulation + keld-wv + keld-guard net scopes	KEL-79,KEL-135,KEL-74	0	0	0		https://electronjs.org/docs/api/structures/hid-device
HIDDevice	Structure	name	property		all			F05-session-network-protocol	3	UNSUPPORTED	keld-compat host emulation + keld-wv + keld-guard net scopes	KEL-79,KEL-135,KEL-74	0	0	0		https://electronjs.org/docs/api/structures/hid-device
HIDDevice	Structure	vendorId	property		all			F05-session-network-protocol	3	UNSUPPORTED	keld-compat host emulation + keld-wv + keld-guard net scopes	KEL-79,KEL-135,KEL-74	0	0	0		https://electronjs.org/docs/api/structures/hid-device
HIDDevice	Structure	productId	property		all			F05-session-network-protocol	3	UNSUPPORTED	keld-compat host emulation + keld-wv + keld-guard net scopes	KEL-79,KEL-135,KEL-74	0	0	0		https://electronjs.org/docs/api/structures/hid-device
HIDDevice	Structure	serialNumber	property		all			F05-session-network-protocol	3	UNSUPPORTED	keld-compat host emulation + keld-wv + keld-guard net scopes	KEL-79,KEL-135,KEL-74	0	0	0		https://electronjs.org/docs/api/structures/hid-device
HIDDevice	Structure	guid	property		all			F05-session-network-protocol	3	UNSUPPORTED	keld-compat host emulation + keld-wv + keld-guard net scopes	KEL-79,KEL-135,KEL-74	0	0	0		https://electronjs.org/docs/api/structures/hid-device
HIDDevice	Structure	collections	property		all			F05-session-network-protocol	3	UNSUPPORTED	keld-compat host emulation + keld-wv + keld-guard net scopes	KEL-79,KEL-135,KEL-74	0	0	0		https://electronjs.org/docs/api/structures/hid-device
InputEvent	Structure	type	property		all			F03-webcontents-navigation	1	UNSUPPORTED	@keld/electron + keld-wv + keld-compat (webContents routing)	KEL-79,KEL-132,KEL-142	0	0	0		https://electronjs.org/docs/api/structures/input-event
InputEvent	Structure	modifiers	property		all			F03-webcontents-navigation	1	UNSUPPORTED	@keld/electron + keld-wv + keld-compat (webContents routing)	KEL-79,KEL-132,KEL-142	0	0	0		https://electronjs.org/docs/api/structures/input-event
IpcMainEvent	Structure	type	property		all			F04-ipc-bridge	1	UNSUPPORTED	@keld/electron (main+renderer shim) + kipc + keld-runtime roles/virtual ports	KEL-80,KEL-75,KEL-136,KEL-98,KEL-142	0	0	0		https://electronjs.org/docs/api/structures/ipc-main-event
IpcMainEvent	Structure	processId	property		all			F04-ipc-bridge	1	UNSUPPORTED	@keld/electron (main+renderer shim) + kipc + keld-runtime roles/virtual ports	KEL-80,KEL-75,KEL-136,KEL-98,KEL-142	0	0	0		https://electronjs.org/docs/api/structures/ipc-main-event
IpcMainEvent	Structure	frameId	property		all			F04-ipc-bridge	1	UNSUPPORTED	@keld/electron (main+renderer shim) + kipc + keld-runtime roles/virtual ports	KEL-80,KEL-75,KEL-136,KEL-98,KEL-142	0	0	0		https://electronjs.org/docs/api/structures/ipc-main-event
IpcMainEvent	Structure	returnValue	property		all			F04-ipc-bridge	1	UNSUPPORTED	@keld/electron (main+renderer shim) + kipc + keld-runtime roles/virtual ports	KEL-80,KEL-75,KEL-136,KEL-98,KEL-142	0	0	0		https://electronjs.org/docs/api/structures/ipc-main-event
IpcMainEvent	Structure	sender	property		all			F04-ipc-bridge	1	UNSUPPORTED	@keld/electron (main+renderer shim) + kipc + keld-runtime roles/virtual ports	KEL-80,KEL-75,KEL-136,KEL-98,KEL-142	0	0	0		https://electronjs.org/docs/api/structures/ipc-main-event
IpcMainEvent	Structure	senderFrame	property		all	availability_readonly		F04-ipc-bridge	1	UNSUPPORTED	@keld/electron (main+renderer shim) + kipc + keld-runtime roles/virtual ports	KEL-80,KEL-75,KEL-136,KEL-98,KEL-142	0	0	0		https://electronjs.org/docs/api/structures/ipc-main-event
IpcMainEvent	Structure	ports	property		all			F04-ipc-bridge	1	UNSUPPORTED	@keld/electron (main+renderer shim) + kipc + keld-runtime roles/virtual ports	KEL-80,KEL-75,KEL-136,KEL-98,KEL-142	0	0	0		https://electronjs.org/docs/api/structures/ipc-main-event
IpcMainEvent	Structure	reply	property		all			F04-ipc-bridge	1	UNSUPPORTED	@keld/electron (main+renderer shim) + kipc + keld-runtime roles/virtual ports	KEL-80,KEL-75,KEL-136,KEL-98,KEL-142	0	0	0		https://electronjs.org/docs/api/structures/ipc-main-event
IpcMainInvokeEvent	Structure	type	property		all			F04-ipc-bridge	1	UNSUPPORTED	@keld/electron (main+renderer shim) + kipc + keld-runtime roles/virtual ports	KEL-80,KEL-75,KEL-136,KEL-98,KEL-142	0	0	0		https://electronjs.org/docs/api/structures/ipc-main-invoke-event
IpcMainInvokeEvent	Structure	processId	property		all			F04-ipc-bridge	1	UNSUPPORTED	@keld/electron (main+renderer shim) + kipc + keld-runtime roles/virtual ports	KEL-80,KEL-75,KEL-136,KEL-98,KEL-142	0	0	0		https://electronjs.org/docs/api/structures/ipc-main-invoke-event
IpcMainInvokeEvent	Structure	frameId	property		all			F04-ipc-bridge	1	UNSUPPORTED	@keld/electron (main+renderer shim) + kipc + keld-runtime roles/virtual ports	KEL-80,KEL-75,KEL-136,KEL-98,KEL-142	0	0	0		https://electronjs.org/docs/api/structures/ipc-main-invoke-event
IpcMainInvokeEvent	Structure	sender	property		all			F04-ipc-bridge	1	UNSUPPORTED	@keld/electron (main+renderer shim) + kipc + keld-runtime roles/virtual ports	KEL-80,KEL-75,KEL-136,KEL-98,KEL-142	0	0	0		https://electronjs.org/docs/api/structures/ipc-main-invoke-event
IpcMainInvokeEvent	Structure	senderFrame	property		all	availability_readonly		F04-ipc-bridge	1	UNSUPPORTED	@keld/electron (main+renderer shim) + kipc + keld-runtime roles/virtual ports	KEL-80,KEL-75,KEL-136,KEL-98,KEL-142	0	0	0		https://electronjs.org/docs/api/structures/ipc-main-invoke-event
IpcMainServiceWorkerEvent	Structure	type	property		all			F04-ipc-bridge	2	UNSUPPORTED	@keld/electron (main+renderer shim) + kipc + keld-runtime roles/virtual ports	KEL-80,KEL-75,KEL-136,KEL-98,KEL-142	0	0	0		https://electronjs.org/docs/api/structures/ipc-main-service-worker-event
IpcMainServiceWorkerEvent	Structure	serviceWorker	property		all	availability_readonly		F04-ipc-bridge	2	UNSUPPORTED	@keld/electron (main+renderer shim) + kipc + keld-runtime roles/virtual ports	KEL-80,KEL-75,KEL-136,KEL-98,KEL-142	0	0	0		https://electronjs.org/docs/api/structures/ipc-main-service-worker-event
IpcMainServiceWorkerEvent	Structure	versionId	property		all			F04-ipc-bridge	2	UNSUPPORTED	@keld/electron (main+renderer shim) + kipc + keld-runtime roles/virtual ports	KEL-80,KEL-75,KEL-136,KEL-98,KEL-142	0	0	0		https://electronjs.org/docs/api/structures/ipc-main-service-worker-event
IpcMainServiceWorkerEvent	Structure	session	property		all			F04-ipc-bridge	2	UNSUPPORTED	@keld/electron (main+renderer shim) + kipc + keld-runtime roles/virtual ports	KEL-80,KEL-75,KEL-136,KEL-98,KEL-142	0	0	0		https://electronjs.org/docs/api/structures/ipc-main-service-worker-event
IpcMainServiceWorkerEvent	Structure	returnValue	property		all			F04-ipc-bridge	2	UNSUPPORTED	@keld/electron (main+renderer shim) + kipc + keld-runtime roles/virtual ports	KEL-80,KEL-75,KEL-136,KEL-98,KEL-142	0	0	0		https://electronjs.org/docs/api/structures/ipc-main-service-worker-event
IpcMainServiceWorkerEvent	Structure	ports	property		all			F04-ipc-bridge	2	UNSUPPORTED	@keld/electron (main+renderer shim) + kipc + keld-runtime roles/virtual ports	KEL-80,KEL-75,KEL-136,KEL-98,KEL-142	0	0	0		https://electronjs.org/docs/api/structures/ipc-main-service-worker-event
IpcMainServiceWorkerEvent	Structure	reply	property		all			F04-ipc-bridge	2	UNSUPPORTED	@keld/electron (main+renderer shim) + kipc + keld-runtime roles/virtual ports	KEL-80,KEL-75,KEL-136,KEL-98,KEL-142	0	0	0		https://electronjs.org/docs/api/structures/ipc-main-service-worker-event
IpcMainServiceWorkerInvokeEvent	Structure	type	property		all			F04-ipc-bridge	2	UNSUPPORTED	@keld/electron (main+renderer shim) + kipc + keld-runtime roles/virtual ports	KEL-80,KEL-75,KEL-136,KEL-98,KEL-142	0	0	0		https://electronjs.org/docs/api/structures/ipc-main-service-worker-invoke-event
IpcMainServiceWorkerInvokeEvent	Structure	serviceWorker	property		all	availability_readonly		F04-ipc-bridge	2	UNSUPPORTED	@keld/electron (main+renderer shim) + kipc + keld-runtime roles/virtual ports	KEL-80,KEL-75,KEL-136,KEL-98,KEL-142	0	0	0		https://electronjs.org/docs/api/structures/ipc-main-service-worker-invoke-event
IpcMainServiceWorkerInvokeEvent	Structure	versionId	property		all			F04-ipc-bridge	2	UNSUPPORTED	@keld/electron (main+renderer shim) + kipc + keld-runtime roles/virtual ports	KEL-80,KEL-75,KEL-136,KEL-98,KEL-142	0	0	0		https://electronjs.org/docs/api/structures/ipc-main-service-worker-invoke-event
IpcMainServiceWorkerInvokeEvent	Structure	session	property		all			F04-ipc-bridge	2	UNSUPPORTED	@keld/electron (main+renderer shim) + kipc + keld-runtime roles/virtual ports	KEL-80,KEL-75,KEL-136,KEL-98,KEL-142	0	0	0		https://electronjs.org/docs/api/structures/ipc-main-service-worker-invoke-event
IpcRendererEvent	Structure	sender	property		all			F04-ipc-bridge	1	UNSUPPORTED	@keld/electron (main+renderer shim) + kipc + keld-runtime roles/virtual ports	KEL-80,KEL-75,KEL-136,KEL-98,KEL-142	0	0	0		https://electronjs.org/docs/api/structures/ipc-renderer-event
IpcRendererEvent	Structure	ports	property		all			F04-ipc-bridge	1	UNSUPPORTED	@keld/electron (main+renderer shim) + kipc + keld-runtime roles/virtual ports	KEL-80,KEL-75,KEL-136,KEL-98,KEL-142	0	0	0		https://electronjs.org/docs/api/structures/ipc-renderer-event
JumpListCategory	Structure	type	property		all			F02-windowing	2	UNSUPPORTED	@keld/electron + keld-core window registry + keld-wv	KEL-139,KEL-142,KEL-143,KEL-135	0	0	0		https://electronjs.org/docs/api/structures/jump-list-category
JumpListCategory	Structure	name	property		all			F02-windowing	2	UNSUPPORTED	@keld/electron + keld-core window registry + keld-wv	KEL-139,KEL-142,KEL-143,KEL-135	0	0	0		https://electronjs.org/docs/api/structures/jump-list-category
JumpListCategory	Structure	items	property		all			F02-windowing	2	UNSUPPORTED	@keld/electron + keld-core window registry + keld-wv	KEL-139,KEL-142,KEL-143,KEL-135	0	0	0		https://electronjs.org/docs/api/structures/jump-list-category
JumpListItem	Structure	type	property		all			F02-windowing	2	UNSUPPORTED	@keld/electron + keld-core window registry + keld-wv	KEL-139,KEL-142,KEL-143,KEL-135	0	0	0		https://electronjs.org/docs/api/structures/jump-list-item
JumpListItem	Structure	path	property		all			F02-windowing	2	UNSUPPORTED	@keld/electron + keld-core window registry + keld-wv	KEL-139,KEL-142,KEL-143,KEL-135	0	0	0		https://electronjs.org/docs/api/structures/jump-list-item
JumpListItem	Structure	program	property		all			F02-windowing	2	UNSUPPORTED	@keld/electron + keld-core window registry + keld-wv	KEL-139,KEL-142,KEL-143,KEL-135	0	0	0		https://electronjs.org/docs/api/structures/jump-list-item
JumpListItem	Structure	args	property		all			F02-windowing	2	UNSUPPORTED	@keld/electron + keld-core window registry + keld-wv	KEL-139,KEL-142,KEL-143,KEL-135	0	0	0		https://electronjs.org/docs/api/structures/jump-list-item
JumpListItem	Structure	title	property		all			F02-windowing	2	UNSUPPORTED	@keld/electron + keld-core window registry + keld-wv	KEL-139,KEL-142,KEL-143,KEL-135	0	0	0		https://electronjs.org/docs/api/structures/jump-list-item
JumpListItem	Structure	description	property		all			F02-windowing	2	UNSUPPORTED	@keld/electron + keld-core window registry + keld-wv	KEL-139,KEL-142,KEL-143,KEL-135	0	0	0		https://electronjs.org/docs/api/structures/jump-list-item
JumpListItem	Structure	iconPath	property		all			F02-windowing	2	UNSUPPORTED	@keld/electron + keld-core window registry + keld-wv	KEL-139,KEL-142,KEL-143,KEL-135	0	0	0		https://electronjs.org/docs/api/structures/jump-list-item
JumpListItem	Structure	iconIndex	property		all			F02-windowing	2	UNSUPPORTED	@keld/electron + keld-core window registry + keld-wv	KEL-139,KEL-142,KEL-143,KEL-135	0	0	0		https://electronjs.org/docs/api/structures/jump-list-item
JumpListItem	Structure	workingDirectory	property		all			F02-windowing	2	UNSUPPORTED	@keld/electron + keld-core window registry + keld-wv	KEL-139,KEL-142,KEL-143,KEL-135	0	0	0		https://electronjs.org/docs/api/structures/jump-list-item
KeyboardEvent	Structure	ctrlKey	property		all			F06-native-desktop	1	UNSUPPORTED	keld-native brokers + keld-guard system grants + @keld/api	KEL-71,KEL-130,KEL-102,KEL-89,KEL-76	0	0	0		https://electronjs.org/docs/api/structures/keyboard-event
KeyboardEvent	Structure	metaKey	property		all			F06-native-desktop	1	UNSUPPORTED	keld-native brokers + keld-guard system grants + @keld/api	KEL-71,KEL-130,KEL-102,KEL-89,KEL-76	0	0	0		https://electronjs.org/docs/api/structures/keyboard-event
KeyboardEvent	Structure	shiftKey	property		all			F06-native-desktop	1	UNSUPPORTED	keld-native brokers + keld-guard system grants + @keld/api	KEL-71,KEL-130,KEL-102,KEL-89,KEL-76	0	0	0		https://electronjs.org/docs/api/structures/keyboard-event
KeyboardEvent	Structure	altKey	property		all			F06-native-desktop	1	UNSUPPORTED	keld-native brokers + keld-guard system grants + @keld/api	KEL-71,KEL-130,KEL-102,KEL-89,KEL-76	0	0	0		https://electronjs.org/docs/api/structures/keyboard-event
KeyboardEvent	Structure	triggeredByAccelerator	property		all			F06-native-desktop	1	UNSUPPORTED	keld-native brokers + keld-guard system grants + @keld/api	KEL-71,KEL-130,KEL-102,KEL-89,KEL-76	0	0	0		https://electronjs.org/docs/api/structures/keyboard-event
KeyboardInputEvent	Structure	type	property		all		InputEvent	F03-webcontents-navigation	1	UNSUPPORTED	@keld/electron + keld-wv + keld-compat (webContents routing)	KEL-79,KEL-132,KEL-142	0	0	0		https://electronjs.org/docs/api/structures/keyboard-input-event
KeyboardInputEvent	Structure	keyCode	property		all			F03-webcontents-navigation	1	UNSUPPORTED	@keld/electron + keld-wv + keld-compat (webContents routing)	KEL-79,KEL-132,KEL-142	0	0	0		https://electronjs.org/docs/api/structures/keyboard-input-event
MediaAccessPermissionRequest	Structure	securityOrigin	property		all			F05-session-network-protocol	2	UNSUPPORTED	keld-compat host emulation + keld-wv + keld-guard net scopes	KEL-79,KEL-135,KEL-74	0	0	0		https://electronjs.org/docs/api/structures/media-access-permission-request
MediaAccessPermissionRequest	Structure	mediaTypes	property		all			F05-session-network-protocol	2	UNSUPPORTED	keld-compat host emulation + keld-wv + keld-guard net scopes	KEL-79,KEL-135,KEL-74	0	0	0		https://electronjs.org/docs/api/structures/media-access-permission-request
MemoryInfo	Structure	workingSetSize	property		all			F08-diagnostics-crash-tracing	2	UNSUPPORTED	keld-runtime crash ledger + keld-core census	KEL-105,KEL-116,KEL-90,KEL-129	0	0	0		https://electronjs.org/docs/api/structures/memory-info
MemoryInfo	Structure	peakWorkingSetSize	property		all			F08-diagnostics-crash-tracing	2	UNSUPPORTED	keld-runtime crash ledger + keld-core census	KEL-105,KEL-116,KEL-90,KEL-129	0	0	0		https://electronjs.org/docs/api/structures/memory-info
MemoryInfo	Structure	privateBytes	property		windows			F08-diagnostics-crash-tracing	2	UNSUPPORTED	keld-runtime crash ledger + keld-core census	KEL-105,KEL-116,KEL-90,KEL-129	0	0	0		https://electronjs.org/docs/api/structures/memory-info
MemoryUsageDetails	Structure	count	property		all			F08-diagnostics-crash-tracing	2	UNSUPPORTED	keld-runtime crash ledger + keld-core census	KEL-105,KEL-116,KEL-90,KEL-129	0	0	0		https://electronjs.org/docs/api/structures/memory-usage-details
MemoryUsageDetails	Structure	size	property		all			F08-diagnostics-crash-tracing	2	UNSUPPORTED	keld-runtime crash ledger + keld-core census	KEL-105,KEL-116,KEL-90,KEL-129	0	0	0		https://electronjs.org/docs/api/structures/memory-usage-details
MemoryUsageDetails	Structure	liveSize	property		all			F08-diagnostics-crash-tracing	2	UNSUPPORTED	keld-runtime crash ledger + keld-core census	KEL-105,KEL-116,KEL-90,KEL-129	0	0	0		https://electronjs.org/docs/api/structures/memory-usage-details
MenuItemBadge	Structure	type	property		all			F06-native-desktop	1	UNSUPPORTED	keld-native brokers + keld-guard system grants + @keld/api	KEL-71,KEL-130,KEL-102,KEL-89,KEL-76	0	0	0		https://electronjs.org/docs/api/structures/menu-item-badge
MenuItemBadge	Structure	count	property		all			F06-native-desktop	1	UNSUPPORTED	keld-native brokers + keld-guard system grants + @keld/api	KEL-71,KEL-130,KEL-102,KEL-89,KEL-76	0	0	0		https://electronjs.org/docs/api/structures/menu-item-badge
MenuItemBadge	Structure	content	property		all			F06-native-desktop	1	UNSUPPORTED	keld-native brokers + keld-guard system grants + @keld/api	KEL-71,KEL-130,KEL-102,KEL-89,KEL-76	0	0	0		https://electronjs.org/docs/api/structures/menu-item-badge
MimeTypedBuffer	Structure	mimeType	property		all			F05-session-network-protocol	2	UNSUPPORTED	keld-compat host emulation + keld-wv + keld-guard net scopes	KEL-79,KEL-135,KEL-74	0	0	0		https://electronjs.org/docs/api/structures/mime-typed-buffer
MimeTypedBuffer	Structure	charset	property		all			F05-session-network-protocol	2	UNSUPPORTED	keld-compat host emulation + keld-wv + keld-guard net scopes	KEL-79,KEL-135,KEL-74	0	0	0		https://electronjs.org/docs/api/structures/mime-typed-buffer
MimeTypedBuffer	Structure	data	property		all			F05-session-network-protocol	2	UNSUPPORTED	keld-compat host emulation + keld-wv + keld-guard net scopes	KEL-79,KEL-135,KEL-74	0	0	0		https://electronjs.org/docs/api/structures/mime-typed-buffer
MouseInputEvent	Structure	type	property		all		InputEvent	F03-webcontents-navigation	1	UNSUPPORTED	@keld/electron + keld-wv + keld-compat (webContents routing)	KEL-79,KEL-132,KEL-142	0	0	0		https://electronjs.org/docs/api/structures/mouse-input-event
MouseInputEvent	Structure	x	property		all			F03-webcontents-navigation	1	UNSUPPORTED	@keld/electron + keld-wv + keld-compat (webContents routing)	KEL-79,KEL-132,KEL-142	0	0	0		https://electronjs.org/docs/api/structures/mouse-input-event
MouseInputEvent	Structure	y	property		all			F03-webcontents-navigation	1	UNSUPPORTED	@keld/electron + keld-wv + keld-compat (webContents routing)	KEL-79,KEL-132,KEL-142	0	0	0		https://electronjs.org/docs/api/structures/mouse-input-event
MouseInputEvent	Structure	button	property		all			F03-webcontents-navigation	1	UNSUPPORTED	@keld/electron + keld-wv + keld-compat (webContents routing)	KEL-79,KEL-132,KEL-142	0	0	0		https://electronjs.org/docs/api/structures/mouse-input-event
MouseInputEvent	Structure	globalX	property		all			F03-webcontents-navigation	1	UNSUPPORTED	@keld/electron + keld-wv + keld-compat (webContents routing)	KEL-79,KEL-132,KEL-142	0	0	0		https://electronjs.org/docs/api/structures/mouse-input-event
MouseInputEvent	Structure	globalY	property		all			F03-webcontents-navigation	1	UNSUPPORTED	@keld/electron + keld-wv + keld-compat (webContents routing)	KEL-79,KEL-132,KEL-142	0	0	0		https://electronjs.org/docs/api/structures/mouse-input-event
MouseInputEvent	Structure	movementX	property		all			F03-webcontents-navigation	1	UNSUPPORTED	@keld/electron + keld-wv + keld-compat (webContents routing)	KEL-79,KEL-132,KEL-142	0	0	0		https://electronjs.org/docs/api/structures/mouse-input-event
MouseInputEvent	Structure	movementY	property		all			F03-webcontents-navigation	1	UNSUPPORTED	@keld/electron + keld-wv + keld-compat (webContents routing)	KEL-79,KEL-132,KEL-142	0	0	0		https://electronjs.org/docs/api/structures/mouse-input-event
MouseInputEvent	Structure	clickCount	property		all			F03-webcontents-navigation	1	UNSUPPORTED	@keld/electron + keld-wv + keld-compat (webContents routing)	KEL-79,KEL-132,KEL-142	0	0	0		https://electronjs.org/docs/api/structures/mouse-input-event
MouseWheelInputEvent	Structure	type	property		all		MouseInputEvent	F03-webcontents-navigation	1	UNSUPPORTED	@keld/electron + keld-wv + keld-compat (webContents routing)	KEL-79,KEL-132,KEL-142	0	0	0		https://electronjs.org/docs/api/structures/mouse-wheel-input-event
MouseWheelInputEvent	Structure	deltaX	property		all			F03-webcontents-navigation	1	UNSUPPORTED	@keld/electron + keld-wv + keld-compat (webContents routing)	KEL-79,KEL-132,KEL-142	0	0	0		https://electronjs.org/docs/api/structures/mouse-wheel-input-event
MouseWheelInputEvent	Structure	deltaY	property		all			F03-webcontents-navigation	1	UNSUPPORTED	@keld/electron + keld-wv + keld-compat (webContents routing)	KEL-79,KEL-132,KEL-142	0	0	0		https://electronjs.org/docs/api/structures/mouse-wheel-input-event
MouseWheelInputEvent	Structure	wheelTicksX	property		all			F03-webcontents-navigation	1	UNSUPPORTED	@keld/electron + keld-wv + keld-compat (webContents routing)	KEL-79,KEL-132,KEL-142	0	0	0		https://electronjs.org/docs/api/structures/mouse-wheel-input-event
MouseWheelInputEvent	Structure	wheelTicksY	property		all			F03-webcontents-navigation	1	UNSUPPORTED	@keld/electron + keld-wv + keld-compat (webContents routing)	KEL-79,KEL-132,KEL-142	0	0	0		https://electronjs.org/docs/api/structures/mouse-wheel-input-event
MouseWheelInputEvent	Structure	accelerationRatioX	property		all			F03-webcontents-navigation	1	UNSUPPORTED	@keld/electron + keld-wv + keld-compat (webContents routing)	KEL-79,KEL-132,KEL-142	0	0	0		https://electronjs.org/docs/api/structures/mouse-wheel-input-event
MouseWheelInputEvent	Structure	accelerationRatioY	property		all			F03-webcontents-navigation	1	UNSUPPORTED	@keld/electron + keld-wv + keld-compat (webContents routing)	KEL-79,KEL-132,KEL-142	0	0	0		https://electronjs.org/docs/api/structures/mouse-wheel-input-event
MouseWheelInputEvent	Structure	hasPreciseScrollingDeltas	property		all			F03-webcontents-navigation	1	UNSUPPORTED	@keld/electron + keld-wv + keld-compat (webContents routing)	KEL-79,KEL-132,KEL-142	0	0	0		https://electronjs.org/docs/api/structures/mouse-wheel-input-event
MouseWheelInputEvent	Structure	canScroll	property		all			F03-webcontents-navigation	1	UNSUPPORTED	@keld/electron + keld-wv + keld-compat (webContents routing)	KEL-79,KEL-132,KEL-142	0	0	0		https://electronjs.org/docs/api/structures/mouse-wheel-input-event
NavigationEntry	Structure	url	property		all			F03-webcontents-navigation	1	UNSUPPORTED	@keld/electron + keld-wv + keld-compat (webContents routing)	KEL-79,KEL-132,KEL-142	0	0	0		https://electronjs.org/docs/api/structures/navigation-entry
NavigationEntry	Structure	title	property		all			F03-webcontents-navigation	1	UNSUPPORTED	@keld/electron + keld-wv + keld-compat (webContents routing)	KEL-79,KEL-132,KEL-142	0	0	0		https://electronjs.org/docs/api/structures/navigation-entry
NavigationEntry	Structure	pageState	property		all			F03-webcontents-navigation	1	UNSUPPORTED	@keld/electron + keld-wv + keld-compat (webContents routing)	KEL-79,KEL-132,KEL-142	0	0	0		https://electronjs.org/docs/api/structures/navigation-entry
NotificationAction	Structure	type	property		all			F06-native-desktop	1	UNSUPPORTED	keld-native brokers + keld-guard system grants + @keld/api	KEL-71,KEL-130,KEL-102,KEL-89,KEL-76	0	0	0		https://electronjs.org/docs/api/structures/notification-action
NotificationAction	Structure	text	property		all			F06-native-desktop	1	UNSUPPORTED	keld-native brokers + keld-guard system grants + @keld/api	KEL-71,KEL-130,KEL-102,KEL-89,KEL-76	0	0	0		https://electronjs.org/docs/api/structures/notification-action
NotificationAction	Structure	items	property		windows			F06-native-desktop	1	UNSUPPORTED	keld-native brokers + keld-guard system grants + @keld/api	KEL-71,KEL-130,KEL-102,KEL-89,KEL-76	0	0	0		https://electronjs.org/docs/api/structures/notification-action
NotificationResponse	Structure	actionIdentifier	property		all			F06-native-desktop	1	UNSUPPORTED	keld-native brokers + keld-guard system grants + @keld/api	KEL-71,KEL-130,KEL-102,KEL-89,KEL-76	0	0	0		https://electronjs.org/docs/api/structures/notification-response
NotificationResponse	Structure	date	property		all			F06-native-desktop	1	UNSUPPORTED	keld-native brokers + keld-guard system grants + @keld/api	KEL-71,KEL-130,KEL-102,KEL-89,KEL-76	0	0	0		https://electronjs.org/docs/api/structures/notification-response
NotificationResponse	Structure	identifier	property		all			F06-native-desktop	1	UNSUPPORTED	keld-native brokers + keld-guard system grants + @keld/api	KEL-71,KEL-130,KEL-102,KEL-89,KEL-76	0	0	0		https://electronjs.org/docs/api/structures/notification-response
NotificationResponse	Structure	userInfo	property		all			F06-native-desktop	1	UNSUPPORTED	keld-native brokers + keld-guard system grants + @keld/api	KEL-71,KEL-130,KEL-102,KEL-89,KEL-76	0	0	0		https://electronjs.org/docs/api/structures/notification-response
NotificationResponse	Structure	userText	property		all			F06-native-desktop	1	UNSUPPORTED	keld-native brokers + keld-guard system grants + @keld/api	KEL-71,KEL-130,KEL-102,KEL-89,KEL-76	0	0	0		https://electronjs.org/docs/api/structures/notification-response
OffscreenSharedTexture	Structure	textureInfo	property		all			F03-webcontents-navigation	never	NEVER	@keld/electron + keld-wv + keld-compat (webContents routing)	KEL-79,KEL-132,KEL-142	0	0	0		https://electronjs.org/docs/api/structures/offscreen-shared-texture
OffscreenSharedTexture	Structure	release	property		all			F03-webcontents-navigation	never	NEVER	@keld/electron + keld-wv + keld-compat (webContents routing)	KEL-79,KEL-132,KEL-142	0	0	0		https://electronjs.org/docs/api/structures/offscreen-shared-texture
OpenExternalPermissionRequest	Structure	externalURL	property		all			F05-session-network-protocol	2	UNSUPPORTED	keld-compat host emulation + keld-wv + keld-guard net scopes	KEL-79,KEL-135,KEL-74	0	0	0		https://electronjs.org/docs/api/structures/open-external-permission-request
PaymentDiscount	Structure	identifier	property		all			F06-native-desktop	2	UNSUPPORTED	keld-native brokers + keld-guard system grants + @keld/api	KEL-71,KEL-130,KEL-102,KEL-89,KEL-76	0	0	0		https://electronjs.org/docs/api/structures/payment-discount
PaymentDiscount	Structure	keyIdentifier	property		all			F06-native-desktop	2	UNSUPPORTED	keld-native brokers + keld-guard system grants + @keld/api	KEL-71,KEL-130,KEL-102,KEL-89,KEL-76	0	0	0		https://electronjs.org/docs/api/structures/payment-discount
PaymentDiscount	Structure	nonce	property		all			F06-native-desktop	2	UNSUPPORTED	keld-native brokers + keld-guard system grants + @keld/api	KEL-71,KEL-130,KEL-102,KEL-89,KEL-76	0	0	0		https://electronjs.org/docs/api/structures/payment-discount
PaymentDiscount	Structure	signature	property		all			F06-native-desktop	2	UNSUPPORTED	keld-native brokers + keld-guard system grants + @keld/api	KEL-71,KEL-130,KEL-102,KEL-89,KEL-76	0	0	0		https://electronjs.org/docs/api/structures/payment-discount
PaymentDiscount	Structure	timestamp	property		all			F06-native-desktop	2	UNSUPPORTED	keld-native brokers + keld-guard system grants + @keld/api	KEL-71,KEL-130,KEL-102,KEL-89,KEL-76	0	0	0		https://electronjs.org/docs/api/structures/payment-discount
PermissionRequest	Structure	requestingUrl	property		all			F05-session-network-protocol	2	UNSUPPORTED	keld-compat host emulation + keld-wv + keld-guard net scopes	KEL-79,KEL-135,KEL-74	0	0	0		https://electronjs.org/docs/api/structures/permission-request
PermissionRequest	Structure	isMainFrame	property		all			F05-session-network-protocol	2	UNSUPPORTED	keld-compat host emulation + keld-wv + keld-guard net scopes	KEL-79,KEL-135,KEL-74	0	0	0		https://electronjs.org/docs/api/structures/permission-request
Point	Structure	x	property		all			F02-windowing	1	UNSUPPORTED	@keld/electron + keld-core window registry + keld-wv	KEL-139,KEL-142,KEL-143,KEL-135	0	0	0		https://electronjs.org/docs/api/structures/point
Point	Structure	y	property		all			F02-windowing	1	UNSUPPORTED	@keld/electron + keld-core window registry + keld-wv	KEL-139,KEL-142,KEL-143,KEL-135	0	0	0		https://electronjs.org/docs/api/structures/point
PostBody	Structure	data	property		all			F03-webcontents-navigation	1	UNSUPPORTED	@keld/electron + keld-wv + keld-compat (webContents routing)	KEL-79,KEL-132,KEL-142	0	0	0		https://electronjs.org/docs/api/structures/post-body
PostBody	Structure	contentType	property		all			F03-webcontents-navigation	1	UNSUPPORTED	@keld/electron + keld-wv + keld-compat (webContents routing)	KEL-79,KEL-132,KEL-142	0	0	0		https://electronjs.org/docs/api/structures/post-body
PostBody	Structure	boundary	property		all			F03-webcontents-navigation	1	UNSUPPORTED	@keld/electron + keld-wv + keld-compat (webContents routing)	KEL-79,KEL-132,KEL-142	0	0	0		https://electronjs.org/docs/api/structures/post-body
PreloadScriptRegistration	Structure	type	property		all			F03-webcontents-navigation	1	UNSUPPORTED	@keld/electron + keld-wv + keld-compat (webContents routing)	KEL-79,KEL-132,KEL-142	0	0	0		https://electronjs.org/docs/api/structures/preload-script-registration
PreloadScriptRegistration	Structure	id	property		all			F03-webcontents-navigation	1	UNSUPPORTED	@keld/electron + keld-wv + keld-compat (webContents routing)	KEL-79,KEL-132,KEL-142	0	0	0		https://electronjs.org/docs/api/structures/preload-script-registration
PreloadScriptRegistration	Structure	filePath	property		all			F03-webcontents-navigation	1	UNSUPPORTED	@keld/electron + keld-wv + keld-compat (webContents routing)	KEL-79,KEL-132,KEL-142	0	0	0		https://electronjs.org/docs/api/structures/preload-script-registration
PreloadScript	Structure	type	property		all			F03-webcontents-navigation	1	UNSUPPORTED	@keld/electron + keld-wv + keld-compat (webContents routing)	KEL-79,KEL-132,KEL-142	0	0	0		https://electronjs.org/docs/api/structures/preload-script
PreloadScript	Structure	id	property		all			F03-webcontents-navigation	1	UNSUPPORTED	@keld/electron + keld-wv + keld-compat (webContents routing)	KEL-79,KEL-132,KEL-142	0	0	0		https://electronjs.org/docs/api/structures/preload-script
PreloadScript	Structure	filePath	property		all			F03-webcontents-navigation	1	UNSUPPORTED	@keld/electron + keld-wv + keld-compat (webContents routing)	KEL-79,KEL-132,KEL-142	0	0	0		https://electronjs.org/docs/api/structures/preload-script
PrintToPDFMargins	Structure	top	property		all			F03-webcontents-navigation	1	UNSUPPORTED	@keld/electron + keld-wv + keld-compat (webContents routing)	KEL-79,KEL-132,KEL-142	0	0	0		https://electronjs.org/docs/api/structures/print-to-pdf-margins
PrintToPDFMargins	Structure	bottom	property		all			F03-webcontents-navigation	1	UNSUPPORTED	@keld/electron + keld-wv + keld-compat (webContents routing)	KEL-79,KEL-132,KEL-142	0	0	0		https://electronjs.org/docs/api/structures/print-to-pdf-margins
PrintToPDFMargins	Structure	left	property		all			F03-webcontents-navigation	1	UNSUPPORTED	@keld/electron + keld-wv + keld-compat (webContents routing)	KEL-79,KEL-132,KEL-142	0	0	0		https://electronjs.org/docs/api/structures/print-to-pdf-margins
PrintToPDFMargins	Structure	right	property		all			F03-webcontents-navigation	1	UNSUPPORTED	@keld/electron + keld-wv + keld-compat (webContents routing)	KEL-79,KEL-132,KEL-142	0	0	0		https://electronjs.org/docs/api/structures/print-to-pdf-margins
PrintToPDFOptions	Structure	landscape	property		all			F03-webcontents-navigation	1	UNSUPPORTED	@keld/electron + keld-wv + keld-compat (webContents routing)	KEL-79,KEL-132,KEL-142	0	0	0		https://electronjs.org/docs/api/structures/print-to-pdf-options
PrintToPDFOptions	Structure	displayHeaderFooter	property		all			F03-webcontents-navigation	1	UNSUPPORTED	@keld/electron + keld-wv + keld-compat (webContents routing)	KEL-79,KEL-132,KEL-142	0	0	0		https://electronjs.org/docs/api/structures/print-to-pdf-options
PrintToPDFOptions	Structure	printBackground	property		all			F03-webcontents-navigation	1	UNSUPPORTED	@keld/electron + keld-wv + keld-compat (webContents routing)	KEL-79,KEL-132,KEL-142	0	0	0		https://electronjs.org/docs/api/structures/print-to-pdf-options
PrintToPDFOptions	Structure	scale	property		all			F03-webcontents-navigation	1	UNSUPPORTED	@keld/electron + keld-wv + keld-compat (webContents routing)	KEL-79,KEL-132,KEL-142	0	0	0		https://electronjs.org/docs/api/structures/print-to-pdf-options
PrintToPDFOptions	Structure	pageSize	property		all			F03-webcontents-navigation	1	UNSUPPORTED	@keld/electron + keld-wv + keld-compat (webContents routing)	KEL-79,KEL-132,KEL-142	0	0	0		https://electronjs.org/docs/api/structures/print-to-pdf-options
PrintToPDFOptions	Structure	margins	property		all			F03-webcontents-navigation	1	UNSUPPORTED	@keld/electron + keld-wv + keld-compat (webContents routing)	KEL-79,KEL-132,KEL-142	0	0	0		https://electronjs.org/docs/api/structures/print-to-pdf-options
PrintToPDFOptions	Structure	pageRanges	property		all			F03-webcontents-navigation	1	UNSUPPORTED	@keld/electron + keld-wv + keld-compat (webContents routing)	KEL-79,KEL-132,KEL-142	0	0	0		https://electronjs.org/docs/api/structures/print-to-pdf-options
PrintToPDFOptions	Structure	headerTemplate	property		all			F03-webcontents-navigation	1	UNSUPPORTED	@keld/electron + keld-wv + keld-compat (webContents routing)	KEL-79,KEL-132,KEL-142	0	0	0		https://electronjs.org/docs/api/structures/print-to-pdf-options
PrintToPDFOptions	Structure	footerTemplate	property		all			F03-webcontents-navigation	1	UNSUPPORTED	@keld/electron + keld-wv + keld-compat (webContents routing)	KEL-79,KEL-132,KEL-142	0	0	0		https://electronjs.org/docs/api/structures/print-to-pdf-options
PrintToPDFOptions	Structure	preferCSSPageSize	property		all			F03-webcontents-navigation	1	UNSUPPORTED	@keld/electron + keld-wv + keld-compat (webContents routing)	KEL-79,KEL-132,KEL-142	0	0	0		https://electronjs.org/docs/api/structures/print-to-pdf-options
PrintToPDFOptions	Structure	generateTaggedPDF	property		all	stability_experimental		F03-webcontents-navigation	1	UNSUPPORTED	@keld/electron + keld-wv + keld-compat (webContents routing)	KEL-79,KEL-132,KEL-142	0	0	0		https://electronjs.org/docs/api/structures/print-to-pdf-options
PrintToPDFOptions	Structure	generateDocumentOutline	property		all	stability_experimental		F03-webcontents-navigation	1	UNSUPPORTED	@keld/electron + keld-wv + keld-compat (webContents routing)	KEL-79,KEL-132,KEL-142	0	0	0		https://electronjs.org/docs/api/structures/print-to-pdf-options
PrinterInfo	Structure	name	property		all			F03-webcontents-navigation	1	UNSUPPORTED	@keld/electron + keld-wv + keld-compat (webContents routing)	KEL-79,KEL-132,KEL-142	0	0	0		https://electronjs.org/docs/api/structures/printer-info
PrinterInfo	Structure	displayName	property		all			F03-webcontents-navigation	1	UNSUPPORTED	@keld/electron + keld-wv + keld-compat (webContents routing)	KEL-79,KEL-132,KEL-142	0	0	0		https://electronjs.org/docs/api/structures/printer-info
PrinterInfo	Structure	description	property		all			F03-webcontents-navigation	1	UNSUPPORTED	@keld/electron + keld-wv + keld-compat (webContents routing)	KEL-79,KEL-132,KEL-142	0	0	0		https://electronjs.org/docs/api/structures/printer-info
PrinterInfo	Structure	options	property		all			F03-webcontents-navigation	1	UNSUPPORTED	@keld/electron + keld-wv + keld-compat (webContents routing)	KEL-79,KEL-132,KEL-142	0	0	0		https://electronjs.org/docs/api/structures/printer-info
ProcessMemoryInfo	Structure	residentSet	property		linux,windows			F08-diagnostics-crash-tracing	2	UNSUPPORTED	keld-runtime crash ledger + keld-core census	KEL-105,KEL-116,KEL-90,KEL-129	0	0	0		https://electronjs.org/docs/api/structures/process-memory-info
ProcessMemoryInfo	Structure	private	property		all			F08-diagnostics-crash-tracing	2	UNSUPPORTED	keld-runtime crash ledger + keld-core census	KEL-105,KEL-116,KEL-90,KEL-129	0	0	0		https://electronjs.org/docs/api/structures/process-memory-info
ProcessMemoryInfo	Structure	shared	property		all			F08-diagnostics-crash-tracing	2	UNSUPPORTED	keld-runtime crash ledger + keld-core census	KEL-105,KEL-116,KEL-90,KEL-129	0	0	0		https://electronjs.org/docs/api/structures/process-memory-info
ProcessMetric	Structure	pid	property		all			F08-diagnostics-crash-tracing	2	UNSUPPORTED	keld-runtime crash ledger + keld-core census	KEL-105,KEL-116,KEL-90,KEL-129	0	0	0		https://electronjs.org/docs/api/structures/process-metric
ProcessMetric	Structure	type	property		all			F08-diagnostics-crash-tracing	2	UNSUPPORTED	keld-runtime crash ledger + keld-core census	KEL-105,KEL-116,KEL-90,KEL-129	0	0	0		https://electronjs.org/docs/api/structures/process-metric
ProcessMetric	Structure	serviceName	property		all			F08-diagnostics-crash-tracing	2	UNSUPPORTED	keld-runtime crash ledger + keld-core census	KEL-105,KEL-116,KEL-90,KEL-129	0	0	0		https://electronjs.org/docs/api/structures/process-metric
ProcessMetric	Structure	name	property		all			F08-diagnostics-crash-tracing	2	UNSUPPORTED	keld-runtime crash ledger + keld-core census	KEL-105,KEL-116,KEL-90,KEL-129	0	0	0		https://electronjs.org/docs/api/structures/process-metric
ProcessMetric	Structure	cpu	property		all			F08-diagnostics-crash-tracing	2	UNSUPPORTED	keld-runtime crash ledger + keld-core census	KEL-105,KEL-116,KEL-90,KEL-129	0	0	0		https://electronjs.org/docs/api/structures/process-metric
ProcessMetric	Structure	creationTime	property		all			F08-diagnostics-crash-tracing	2	UNSUPPORTED	keld-runtime crash ledger + keld-core census	KEL-105,KEL-116,KEL-90,KEL-129	0	0	0		https://electronjs.org/docs/api/structures/process-metric
ProcessMetric	Structure	memory	property		all			F08-diagnostics-crash-tracing	2	UNSUPPORTED	keld-runtime crash ledger + keld-core census	KEL-105,KEL-116,KEL-90,KEL-129	0	0	0		https://electronjs.org/docs/api/structures/process-metric
ProcessMetric	Structure	sandboxed	property		macos,windows			F08-diagnostics-crash-tracing	2	UNSUPPORTED	keld-runtime crash ledger + keld-core census	KEL-105,KEL-116,KEL-90,KEL-129	0	0	0		https://electronjs.org/docs/api/structures/process-metric
ProcessMetric	Structure	integrityLevel	property		windows			F08-diagnostics-crash-tracing	2	UNSUPPORTED	keld-runtime crash ledger + keld-core census	KEL-105,KEL-116,KEL-90,KEL-129	0	0	0		https://electronjs.org/docs/api/structures/process-metric
ProductDiscount	Structure	identifier	property		all			F06-native-desktop	2	UNSUPPORTED	keld-native brokers + keld-guard system grants + @keld/api	KEL-71,KEL-130,KEL-102,KEL-89,KEL-76	0	0	0		https://electronjs.org/docs/api/structures/product-discount
ProductDiscount	Structure	type	property		all			F06-native-desktop	2	UNSUPPORTED	keld-native brokers + keld-guard system grants + @keld/api	KEL-71,KEL-130,KEL-102,KEL-89,KEL-76	0	0	0		https://electronjs.org/docs/api/structures/product-discount
ProductDiscount	Structure	price	property		all			F06-native-desktop	2	UNSUPPORTED	keld-native brokers + keld-guard system grants + @keld/api	KEL-71,KEL-130,KEL-102,KEL-89,KEL-76	0	0	0		https://electronjs.org/docs/api/structures/product-discount
ProductDiscount	Structure	priceLocale	property		all			F06-native-desktop	2	UNSUPPORTED	keld-native brokers + keld-guard system grants + @keld/api	KEL-71,KEL-130,KEL-102,KEL-89,KEL-76	0	0	0		https://electronjs.org/docs/api/structures/product-discount
ProductDiscount	Structure	paymentMode	property		all			F06-native-desktop	2	UNSUPPORTED	keld-native brokers + keld-guard system grants + @keld/api	KEL-71,KEL-130,KEL-102,KEL-89,KEL-76	0	0	0		https://electronjs.org/docs/api/structures/product-discount
ProductDiscount	Structure	numberOfPeriods	property		all			F06-native-desktop	2	UNSUPPORTED	keld-native brokers + keld-guard system grants + @keld/api	KEL-71,KEL-130,KEL-102,KEL-89,KEL-76	0	0	0		https://electronjs.org/docs/api/structures/product-discount
ProductDiscount	Structure	subscriptionPeriod	property		all			F06-native-desktop	2	UNSUPPORTED	keld-native brokers + keld-guard system grants + @keld/api	KEL-71,KEL-130,KEL-102,KEL-89,KEL-76	0	0	0		https://electronjs.org/docs/api/structures/product-discount
ProductSubscriptionPeriod	Structure	numberOfUnits	property		all			F06-native-desktop	2	UNSUPPORTED	keld-native brokers + keld-guard system grants + @keld/api	KEL-71,KEL-130,KEL-102,KEL-89,KEL-76	0	0	0		https://electronjs.org/docs/api/structures/product-subscription-period
ProductSubscriptionPeriod	Structure	unit	property		all			F06-native-desktop	2	UNSUPPORTED	keld-native brokers + keld-guard system grants + @keld/api	KEL-71,KEL-130,KEL-102,KEL-89,KEL-76	0	0	0		https://electronjs.org/docs/api/structures/product-subscription-period
Product	Structure	productIdentifier	property		all			F06-native-desktop	2	UNSUPPORTED	keld-native brokers + keld-guard system grants + @keld/api	KEL-71,KEL-130,KEL-102,KEL-89,KEL-76	0	0	0		https://electronjs.org/docs/api/structures/product
Product	Structure	localizedDescription	property		all			F06-native-desktop	2	UNSUPPORTED	keld-native brokers + keld-guard system grants + @keld/api	KEL-71,KEL-130,KEL-102,KEL-89,KEL-76	0	0	0		https://electronjs.org/docs/api/structures/product
Product	Structure	localizedTitle	property		all			F06-native-desktop	2	UNSUPPORTED	keld-native brokers + keld-guard system grants + @keld/api	KEL-71,KEL-130,KEL-102,KEL-89,KEL-76	0	0	0		https://electronjs.org/docs/api/structures/product
Product	Structure	price	property		all			F06-native-desktop	2	UNSUPPORTED	keld-native brokers + keld-guard system grants + @keld/api	KEL-71,KEL-130,KEL-102,KEL-89,KEL-76	0	0	0		https://electronjs.org/docs/api/structures/product
Product	Structure	formattedPrice	property		all			F06-native-desktop	2	UNSUPPORTED	keld-native brokers + keld-guard system grants + @keld/api	KEL-71,KEL-130,KEL-102,KEL-89,KEL-76	0	0	0		https://electronjs.org/docs/api/structures/product
Product	Structure	currencyCode	property		all			F06-native-desktop	2	UNSUPPORTED	keld-native brokers + keld-guard system grants + @keld/api	KEL-71,KEL-130,KEL-102,KEL-89,KEL-76	0	0	0		https://electronjs.org/docs/api/structures/product
Product	Structure	introductoryPrice	property		all			F06-native-desktop	2	UNSUPPORTED	keld-native brokers + keld-guard system grants + @keld/api	KEL-71,KEL-130,KEL-102,KEL-89,KEL-76	0	0	0		https://electronjs.org/docs/api/structures/product
Product	Structure	discounts	property		all			F06-native-desktop	2	UNSUPPORTED	keld-native brokers + keld-guard system grants + @keld/api	KEL-71,KEL-130,KEL-102,KEL-89,KEL-76	0	0	0		https://electronjs.org/docs/api/structures/product
Product	Structure	subscriptionGroupIdentifier	property		all			F06-native-desktop	2	UNSUPPORTED	keld-native brokers + keld-guard system grants + @keld/api	KEL-71,KEL-130,KEL-102,KEL-89,KEL-76	0	0	0		https://electronjs.org/docs/api/structures/product
Product	Structure	subscriptionPeriod	property		all			F06-native-desktop	2	UNSUPPORTED	keld-native brokers + keld-guard system grants + @keld/api	KEL-71,KEL-130,KEL-102,KEL-89,KEL-76	0	0	0		https://electronjs.org/docs/api/structures/product
Product	Structure	isDownloadable	property		all			F06-native-desktop	2	UNSUPPORTED	keld-native brokers + keld-guard system grants + @keld/api	KEL-71,KEL-130,KEL-102,KEL-89,KEL-76	0	0	0		https://electronjs.org/docs/api/structures/product
Product	Structure	downloadContentVersion	property		all			F06-native-desktop	2	UNSUPPORTED	keld-native brokers + keld-guard system grants + @keld/api	KEL-71,KEL-130,KEL-102,KEL-89,KEL-76	0	0	0		https://electronjs.org/docs/api/structures/product
Product	Structure	downloadContentLengths	property		all			F06-native-desktop	2	UNSUPPORTED	keld-native brokers + keld-guard system grants + @keld/api	KEL-71,KEL-130,KEL-102,KEL-89,KEL-76	0	0	0		https://electronjs.org/docs/api/structures/product
ProtocolRequest	Structure	url	property		all			F05-session-network-protocol	2	UNSUPPORTED	keld-compat host emulation + keld-wv + keld-guard net scopes	KEL-79,KEL-135,KEL-74	0	0	0		https://electronjs.org/docs/api/structures/protocol-request
ProtocolRequest	Structure	referrer	property		all			F05-session-network-protocol	2	UNSUPPORTED	keld-compat host emulation + keld-wv + keld-guard net scopes	KEL-79,KEL-135,KEL-74	0	0	0		https://electronjs.org/docs/api/structures/protocol-request
ProtocolRequest	Structure	initiatorOrigin	property		all			F05-session-network-protocol	2	UNSUPPORTED	keld-compat host emulation + keld-wv + keld-guard net scopes	KEL-79,KEL-135,KEL-74	0	0	0		https://electronjs.org/docs/api/structures/protocol-request
ProtocolRequest	Structure	method	property		all			F05-session-network-protocol	2	UNSUPPORTED	keld-compat host emulation + keld-wv + keld-guard net scopes	KEL-79,KEL-135,KEL-74	0	0	0		https://electronjs.org/docs/api/structures/protocol-request
ProtocolRequest	Structure	uploadData	property		all			F05-session-network-protocol	2	UNSUPPORTED	keld-compat host emulation + keld-wv + keld-guard net scopes	KEL-79,KEL-135,KEL-74	0	0	0		https://electronjs.org/docs/api/structures/protocol-request
ProtocolRequest	Structure	headers	property		all			F05-session-network-protocol	2	UNSUPPORTED	keld-compat host emulation + keld-wv + keld-guard net scopes	KEL-79,KEL-135,KEL-74	0	0	0		https://electronjs.org/docs/api/structures/protocol-request
ProtocolResponseUploadData	Structure	contentType	property		all			F05-session-network-protocol	2	UNSUPPORTED	keld-compat host emulation + keld-wv + keld-guard net scopes	KEL-79,KEL-135,KEL-74	0	0	0		https://electronjs.org/docs/api/structures/protocol-response-upload-data
ProtocolResponseUploadData	Structure	data	property		all			F05-session-network-protocol	2	UNSUPPORTED	keld-compat host emulation + keld-wv + keld-guard net scopes	KEL-79,KEL-135,KEL-74	0	0	0		https://electronjs.org/docs/api/structures/protocol-response-upload-data
ProtocolResponse	Structure	error	property		all			F05-session-network-protocol	2	UNSUPPORTED	keld-compat host emulation + keld-wv + keld-guard net scopes	KEL-79,KEL-135,KEL-74	0	0	0		https://electronjs.org/docs/api/structures/protocol-response
ProtocolResponse	Structure	statusCode	property		all			F05-session-network-protocol	2	UNSUPPORTED	keld-compat host emulation + keld-wv + keld-guard net scopes	KEL-79,KEL-135,KEL-74	0	0	0		https://electronjs.org/docs/api/structures/protocol-response
ProtocolResponse	Structure	charset	property		all			F05-session-network-protocol	2	UNSUPPORTED	keld-compat host emulation + keld-wv + keld-guard net scopes	KEL-79,KEL-135,KEL-74	0	0	0		https://electronjs.org/docs/api/structures/protocol-response
ProtocolResponse	Structure	mimeType	property		all			F05-session-network-protocol	2	UNSUPPORTED	keld-compat host emulation + keld-wv + keld-guard net scopes	KEL-79,KEL-135,KEL-74	0	0	0		https://electronjs.org/docs/api/structures/protocol-response
ProtocolResponse	Structure	headers	property		all			F05-session-network-protocol	2	UNSUPPORTED	keld-compat host emulation + keld-wv + keld-guard net scopes	KEL-79,KEL-135,KEL-74	0	0	0		https://electronjs.org/docs/api/structures/protocol-response
ProtocolResponse	Structure	data	property		all			F05-session-network-protocol	2	UNSUPPORTED	keld-compat host emulation + keld-wv + keld-guard net scopes	KEL-79,KEL-135,KEL-74	0	0	0		https://electronjs.org/docs/api/structures/protocol-response
ProtocolResponse	Structure	path	property		all			F05-session-network-protocol	2	UNSUPPORTED	keld-compat host emulation + keld-wv + keld-guard net scopes	KEL-79,KEL-135,KEL-74	0	0	0		https://electronjs.org/docs/api/structures/protocol-response
ProtocolResponse	Structure	url	property		all			F05-session-network-protocol	2	UNSUPPORTED	keld-compat host emulation + keld-wv + keld-guard net scopes	KEL-79,KEL-135,KEL-74	0	0	0		https://electronjs.org/docs/api/structures/protocol-response
ProtocolResponse	Structure	referrer	property		all			F05-session-network-protocol	2	UNSUPPORTED	keld-compat host emulation + keld-wv + keld-guard net scopes	KEL-79,KEL-135,KEL-74	0	0	0		https://electronjs.org/docs/api/structures/protocol-response
ProtocolResponse	Structure	method	property		all			F05-session-network-protocol	2	UNSUPPORTED	keld-compat host emulation + keld-wv + keld-guard net scopes	KEL-79,KEL-135,KEL-74	0	0	0		https://electronjs.org/docs/api/structures/protocol-response
ProtocolResponse	Structure	session	property		all			F05-session-network-protocol	2	UNSUPPORTED	keld-compat host emulation + keld-wv + keld-guard net scopes	KEL-79,KEL-135,KEL-74	0	0	0		https://electronjs.org/docs/api/structures/protocol-response
ProtocolResponse	Structure	uploadData	property		all			F05-session-network-protocol	2	UNSUPPORTED	keld-compat host emulation + keld-wv + keld-guard net scopes	KEL-79,KEL-135,KEL-74	0	0	0		https://electronjs.org/docs/api/structures/protocol-response
ProxyConfig	Structure	mode	property		all			F05-session-network-protocol	2	UNSUPPORTED	keld-compat host emulation + keld-wv + keld-guard net scopes	KEL-79,KEL-135,KEL-74	0	0	0		https://electronjs.org/docs/api/structures/proxy-config
ProxyConfig	Structure	pacScript	property		all			F05-session-network-protocol	2	UNSUPPORTED	keld-compat host emulation + keld-wv + keld-guard net scopes	KEL-79,KEL-135,KEL-74	0	0	0		https://electronjs.org/docs/api/structures/proxy-config
ProxyConfig	Structure	proxyRules	property		all			F05-session-network-protocol	2	UNSUPPORTED	keld-compat host emulation + keld-wv + keld-guard net scopes	KEL-79,KEL-135,KEL-74	0	0	0		https://electronjs.org/docs/api/structures/proxy-config
ProxyConfig	Structure	proxyBypassRules	property		all			F05-session-network-protocol	2	UNSUPPORTED	keld-compat host emulation + keld-wv + keld-guard net scopes	KEL-79,KEL-135,KEL-74	0	0	0		https://electronjs.org/docs/api/structures/proxy-config
Rectangle	Structure	x	property		all			F02-windowing	1	UNSUPPORTED	@keld/electron + keld-core window registry + keld-wv	KEL-139,KEL-142,KEL-143,KEL-135	0	0	0		https://electronjs.org/docs/api/structures/rectangle
Rectangle	Structure	y	property		all			F02-windowing	1	UNSUPPORTED	@keld/electron + keld-core window registry + keld-wv	KEL-139,KEL-142,KEL-143,KEL-135	0	0	0		https://electronjs.org/docs/api/structures/rectangle
Rectangle	Structure	width	property		all			F02-windowing	1	UNSUPPORTED	@keld/electron + keld-core window registry + keld-wv	KEL-139,KEL-142,KEL-143,KEL-135	0	0	0		https://electronjs.org/docs/api/structures/rectangle
Rectangle	Structure	height	property		all			F02-windowing	1	UNSUPPORTED	@keld/electron + keld-core window registry + keld-wv	KEL-139,KEL-142,KEL-143,KEL-135	0	0	0		https://electronjs.org/docs/api/structures/rectangle
Referrer	Structure	url	property		all			F03-webcontents-navigation	1	UNSUPPORTED	@keld/electron + keld-wv + keld-compat (webContents routing)	KEL-79,KEL-132,KEL-142	0	0	0		https://electronjs.org/docs/api/structures/referrer
Referrer	Structure	policy	property		all			F03-webcontents-navigation	1	UNSUPPORTED	@keld/electron + keld-wv + keld-compat (webContents routing)	KEL-79,KEL-132,KEL-142	0	0	0		https://electronjs.org/docs/api/structures/referrer
RenderProcessGoneDetails	Structure	reason	property		all			F03-webcontents-navigation	1	UNSUPPORTED	@keld/electron + keld-wv + keld-compat (webContents routing)	KEL-79,KEL-132,KEL-142	0	0	0		https://electronjs.org/docs/api/structures/render-process-gone-details
RenderProcessGoneDetails	Structure	exitCode	property		all			F03-webcontents-navigation	1	UNSUPPORTED	@keld/electron + keld-wv + keld-compat (webContents routing)	KEL-79,KEL-132,KEL-142	0	0	0		https://electronjs.org/docs/api/structures/render-process-gone-details
ResolvedEndpoint	Structure	address	property		all			F05-session-network-protocol	2	UNSUPPORTED	keld-compat host emulation + keld-wv + keld-guard net scopes	KEL-79,KEL-135,KEL-74	0	0	0		https://electronjs.org/docs/api/structures/resolved-endpoint
ResolvedEndpoint	Structure	family	property		all			F05-session-network-protocol	2	UNSUPPORTED	keld-compat host emulation + keld-wv + keld-guard net scopes	KEL-79,KEL-135,KEL-74	0	0	0		https://electronjs.org/docs/api/structures/resolved-endpoint
ResolvedHost	Structure	endpoints	property		all			F05-session-network-protocol	2	UNSUPPORTED	keld-compat host emulation + keld-wv + keld-guard net scopes	KEL-79,KEL-135,KEL-74	0	0	0		https://electronjs.org/docs/api/structures/resolved-host
ScrubberItem	Structure	label	property		all			F02-windowing	2	UNSUPPORTED	@keld/electron + keld-core window registry + keld-wv	KEL-139,KEL-142,KEL-143,KEL-135	0	0	0		https://electronjs.org/docs/api/structures/scrubber-item
ScrubberItem	Structure	icon	property		all			F02-windowing	2	UNSUPPORTED	@keld/electron + keld-core window registry + keld-wv	KEL-139,KEL-142,KEL-143,KEL-135	0	0	0		https://electronjs.org/docs/api/structures/scrubber-item
SegmentedControlSegment	Structure	label	property		all			F02-windowing	2	UNSUPPORTED	@keld/electron + keld-core window registry + keld-wv	KEL-139,KEL-142,KEL-143,KEL-135	0	0	0		https://electronjs.org/docs/api/structures/segmented-control-segment
SegmentedControlSegment	Structure	icon	property		all			F02-windowing	2	UNSUPPORTED	@keld/electron + keld-core window registry + keld-wv	KEL-139,KEL-142,KEL-143,KEL-135	0	0	0		https://electronjs.org/docs/api/structures/segmented-control-segment
SegmentedControlSegment	Structure	enabled	property		all			F02-windowing	2	UNSUPPORTED	@keld/electron + keld-core window registry + keld-wv	KEL-139,KEL-142,KEL-143,KEL-135	0	0	0		https://electronjs.org/docs/api/structures/segmented-control-segment
SerialPort	Structure	portId	property		all			F05-session-network-protocol	3	UNSUPPORTED	keld-compat host emulation + keld-wv + keld-guard net scopes	KEL-79,KEL-135,KEL-74	0	0	0		https://electronjs.org/docs/api/structures/serial-port
SerialPort	Structure	portName	property		all			F05-session-network-protocol	3	UNSUPPORTED	keld-compat host emulation + keld-wv + keld-guard net scopes	KEL-79,KEL-135,KEL-74	0	0	0		https://electronjs.org/docs/api/structures/serial-port
SerialPort	Structure	displayName	property		all			F05-session-network-protocol	3	UNSUPPORTED	keld-compat host emulation + keld-wv + keld-guard net scopes	KEL-79,KEL-135,KEL-74	0	0	0		https://electronjs.org/docs/api/structures/serial-port
SerialPort	Structure	vendorId	property		all			F05-session-network-protocol	3	UNSUPPORTED	keld-compat host emulation + keld-wv + keld-guard net scopes	KEL-79,KEL-135,KEL-74	0	0	0		https://electronjs.org/docs/api/structures/serial-port
SerialPort	Structure	productId	property		all			F05-session-network-protocol	3	UNSUPPORTED	keld-compat host emulation + keld-wv + keld-guard net scopes	KEL-79,KEL-135,KEL-74	0	0	0		https://electronjs.org/docs/api/structures/serial-port
SerialPort	Structure	serialNumber	property		all			F05-session-network-protocol	3	UNSUPPORTED	keld-compat host emulation + keld-wv + keld-guard net scopes	KEL-79,KEL-135,KEL-74	0	0	0		https://electronjs.org/docs/api/structures/serial-port
SerialPort	Structure	usbDriverName	property		macos			F05-session-network-protocol	3	UNSUPPORTED	keld-compat host emulation + keld-wv + keld-guard net scopes	KEL-79,KEL-135,KEL-74	0	0	0		https://electronjs.org/docs/api/structures/serial-port
SerialPort	Structure	deviceInstanceId	property		windows			F05-session-network-protocol	3	UNSUPPORTED	keld-compat host emulation + keld-wv + keld-guard net scopes	KEL-79,KEL-135,KEL-74	0	0	0		https://electronjs.org/docs/api/structures/serial-port
ServiceWorkerInfo	Structure	scriptUrl	property		all			F05-session-network-protocol	2	UNSUPPORTED	keld-compat host emulation + keld-wv + keld-guard net scopes	KEL-79,KEL-135,KEL-74	0	0	0		https://electronjs.org/docs/api/structures/service-worker-info
ServiceWorkerInfo	Structure	scope	property		all			F05-session-network-protocol	2	UNSUPPORTED	keld-compat host emulation + keld-wv + keld-guard net scopes	KEL-79,KEL-135,KEL-74	0	0	0		https://electronjs.org/docs/api/structures/service-worker-info
ServiceWorkerInfo	Structure	renderProcessId	property		all			F05-session-network-protocol	2	UNSUPPORTED	keld-compat host emulation + keld-wv + keld-guard net scopes	KEL-79,KEL-135,KEL-74	0	0	0		https://electronjs.org/docs/api/structures/service-worker-info
ServiceWorkerInfo	Structure	versionId	property		all			F05-session-network-protocol	2	UNSUPPORTED	keld-compat host emulation + keld-wv + keld-guard net scopes	KEL-79,KEL-135,KEL-74	0	0	0		https://electronjs.org/docs/api/structures/service-worker-info
SharedDictionaryInfo	Structure	match	property		all			F05-session-network-protocol	2	UNSUPPORTED	keld-compat host emulation + keld-wv + keld-guard net scopes	KEL-79,KEL-135,KEL-74	0	0	0		https://electronjs.org/docs/api/structures/shared-dictionary-info
SharedDictionaryInfo	Structure	matchDestinations	property		all			F05-session-network-protocol	2	UNSUPPORTED	keld-compat host emulation + keld-wv + keld-guard net scopes	KEL-79,KEL-135,KEL-74	0	0	0		https://electronjs.org/docs/api/structures/shared-dictionary-info
SharedDictionaryInfo	Structure	id	property		all			F05-session-network-protocol	2	UNSUPPORTED	keld-compat host emulation + keld-wv + keld-guard net scopes	KEL-79,KEL-135,KEL-74	0	0	0		https://electronjs.org/docs/api/structures/shared-dictionary-info
SharedDictionaryInfo	Structure	dictionaryUrl	property		all			F05-session-network-protocol	2	UNSUPPORTED	keld-compat host emulation + keld-wv + keld-guard net scopes	KEL-79,KEL-135,KEL-74	0	0	0		https://electronjs.org/docs/api/structures/shared-dictionary-info
SharedDictionaryInfo	Structure	lastFetchTime	property		all			F05-session-network-protocol	2	UNSUPPORTED	keld-compat host emulation + keld-wv + keld-guard net scopes	KEL-79,KEL-135,KEL-74	0	0	0		https://electronjs.org/docs/api/structures/shared-dictionary-info
SharedDictionaryInfo	Structure	responseTime	property		all			F05-session-network-protocol	2	UNSUPPORTED	keld-compat host emulation + keld-wv + keld-guard net scopes	KEL-79,KEL-135,KEL-74	0	0	0		https://electronjs.org/docs/api/structures/shared-dictionary-info
SharedDictionaryInfo	Structure	expirationDuration	property		all			F05-session-network-protocol	2	UNSUPPORTED	keld-compat host emulation + keld-wv + keld-guard net scopes	KEL-79,KEL-135,KEL-74	0	0	0		https://electronjs.org/docs/api/structures/shared-dictionary-info
SharedDictionaryInfo	Structure	lastUsedTime	property		all			F05-session-network-protocol	2	UNSUPPORTED	keld-compat host emulation + keld-wv + keld-guard net scopes	KEL-79,KEL-135,KEL-74	0	0	0		https://electronjs.org/docs/api/structures/shared-dictionary-info
SharedDictionaryInfo	Structure	size	property		all			F05-session-network-protocol	2	UNSUPPORTED	keld-compat host emulation + keld-wv + keld-guard net scopes	KEL-79,KEL-135,KEL-74	0	0	0		https://electronjs.org/docs/api/structures/shared-dictionary-info
SharedDictionaryInfo	Structure	hash	property		all			F05-session-network-protocol	2	UNSUPPORTED	keld-compat host emulation + keld-wv + keld-guard net scopes	KEL-79,KEL-135,KEL-74	0	0	0		https://electronjs.org/docs/api/structures/shared-dictionary-info
SharedDictionaryUsageInfo	Structure	frameOrigin	property		all			F05-session-network-protocol	2	UNSUPPORTED	keld-compat host emulation + keld-wv + keld-guard net scopes	KEL-79,KEL-135,KEL-74	0	0	0		https://electronjs.org/docs/api/structures/shared-dictionary-usage-info
SharedDictionaryUsageInfo	Structure	topFrameSite	property		all			F05-session-network-protocol	2	UNSUPPORTED	keld-compat host emulation + keld-wv + keld-guard net scopes	KEL-79,KEL-135,KEL-74	0	0	0		https://electronjs.org/docs/api/structures/shared-dictionary-usage-info
SharedDictionaryUsageInfo	Structure	totalSizeBytes	property		all			F05-session-network-protocol	2	UNSUPPORTED	keld-compat host emulation + keld-wv + keld-guard net scopes	KEL-79,KEL-135,KEL-74	0	0	0		https://electronjs.org/docs/api/structures/shared-dictionary-usage-info
SharedTextureHandle	Structure	ntHandle	property		windows			F03-webcontents-navigation	never	NEVER	@keld/electron + keld-wv + keld-compat (webContents routing)	KEL-79,KEL-132,KEL-142	0	0	0		https://electronjs.org/docs/api/structures/shared-texture-handle
SharedTextureHandle	Structure	ioSurface	property		macos			F03-webcontents-navigation	never	NEVER	@keld/electron + keld-wv + keld-compat (webContents routing)	KEL-79,KEL-132,KEL-142	0	0	0		https://electronjs.org/docs/api/structures/shared-texture-handle
SharedTextureHandle	Structure	nativePixmap	property		linux			F03-webcontents-navigation	never	NEVER	@keld/electron + keld-wv + keld-compat (webContents routing)	KEL-79,KEL-132,KEL-142	0	0	0		https://electronjs.org/docs/api/structures/shared-texture-handle
SharedTextureImportTextureInfo	Structure	pixelFormat	property		all			F03-webcontents-navigation	never	NEVER	@keld/electron + keld-wv + keld-compat (webContents routing)	KEL-79,KEL-132,KEL-142	0	0	0		https://electronjs.org/docs/api/structures/shared-texture-import-texture-info
SharedTextureImportTextureInfo	Structure	colorSpace	property		all			F03-webcontents-navigation	never	NEVER	@keld/electron + keld-wv + keld-compat (webContents routing)	KEL-79,KEL-132,KEL-142	0	0	0		https://electronjs.org/docs/api/structures/shared-texture-import-texture-info
SharedTextureImportTextureInfo	Structure	codedSize	property		all			F03-webcontents-navigation	never	NEVER	@keld/electron + keld-wv + keld-compat (webContents routing)	KEL-79,KEL-132,KEL-142	0	0	0		https://electronjs.org/docs/api/structures/shared-texture-import-texture-info
SharedTextureImportTextureInfo	Structure	visibleRect	property		all			F03-webcontents-navigation	never	NEVER	@keld/electron + keld-wv + keld-compat (webContents routing)	KEL-79,KEL-132,KEL-142	0	0	0		https://electronjs.org/docs/api/structures/shared-texture-import-texture-info
SharedTextureImportTextureInfo	Structure	timestamp	property		all			F03-webcontents-navigation	never	NEVER	@keld/electron + keld-wv + keld-compat (webContents routing)	KEL-79,KEL-132,KEL-142	0	0	0		https://electronjs.org/docs/api/structures/shared-texture-import-texture-info
SharedTextureImportTextureInfo	Structure	handle	property		all			F03-webcontents-navigation	never	NEVER	@keld/electron + keld-wv + keld-compat (webContents routing)	KEL-79,KEL-132,KEL-142	0	0	0		https://electronjs.org/docs/api/structures/shared-texture-import-texture-info
SharedTextureImportedSubtle	Structure	getVideoFrame	property		all			F03-webcontents-navigation	never	NEVER	@keld/electron + keld-wv + keld-compat (webContents routing)	KEL-79,KEL-132,KEL-142	0	0	0		https://electronjs.org/docs/api/structures/shared-texture-imported-subtle
SharedTextureImportedSubtle	Structure	release	property		all			F03-webcontents-navigation	never	NEVER	@keld/electron + keld-wv + keld-compat (webContents routing)	KEL-79,KEL-132,KEL-142	0	0	0		https://electronjs.org/docs/api/structures/shared-texture-imported-subtle
SharedTextureImportedSubtle	Structure	startTransferSharedTexture	property		all			F03-webcontents-navigation	never	NEVER	@keld/electron + keld-wv + keld-compat (webContents routing)	KEL-79,KEL-132,KEL-142	0	0	0		https://electronjs.org/docs/api/structures/shared-texture-imported-subtle
SharedTextureImportedSubtle	Structure	getFrameCreationSyncToken	property		all			F03-webcontents-navigation	never	NEVER	@keld/electron + keld-wv + keld-compat (webContents routing)	KEL-79,KEL-132,KEL-142	0	0	0		https://electronjs.org/docs/api/structures/shared-texture-imported-subtle
SharedTextureImportedSubtle	Structure	setReleaseSyncToken	property		all			F03-webcontents-navigation	never	NEVER	@keld/electron + keld-wv + keld-compat (webContents routing)	KEL-79,KEL-132,KEL-142	0	0	0		https://electronjs.org/docs/api/structures/shared-texture-imported-subtle
SharedTextureImported	Structure	textureId	property		all			F03-webcontents-navigation	never	NEVER	@keld/electron + keld-wv + keld-compat (webContents routing)	KEL-79,KEL-132,KEL-142	0	0	0		https://electronjs.org/docs/api/structures/shared-texture-imported
SharedTextureImported	Structure	getVideoFrame	property		all			F03-webcontents-navigation	never	NEVER	@keld/electron + keld-wv + keld-compat (webContents routing)	KEL-79,KEL-132,KEL-142	0	0	0		https://electronjs.org/docs/api/structures/shared-texture-imported
SharedTextureImported	Structure	release	property		all			F03-webcontents-navigation	never	NEVER	@keld/electron + keld-wv + keld-compat (webContents routing)	KEL-79,KEL-132,KEL-142	0	0	0		https://electronjs.org/docs/api/structures/shared-texture-imported
SharedTextureImported	Structure	subtle	property		all			F03-webcontents-navigation	never	NEVER	@keld/electron + keld-wv + keld-compat (webContents routing)	KEL-79,KEL-132,KEL-142	0	0	0		https://electronjs.org/docs/api/structures/shared-texture-imported
SharedTextureSubtle	Structure	importSharedTexture	property		all			F03-webcontents-navigation	never	NEVER	@keld/electron + keld-wv + keld-compat (webContents routing)	KEL-79,KEL-132,KEL-142	0	0	0		https://electronjs.org/docs/api/structures/shared-texture-subtle
SharedTextureSubtle	Structure	finishTransferSharedTexture	property		all			F03-webcontents-navigation	never	NEVER	@keld/electron + keld-wv + keld-compat (webContents routing)	KEL-79,KEL-132,KEL-142	0	0	0		https://electronjs.org/docs/api/structures/shared-texture-subtle
SharedTextureSyncToken	Structure	syncToken	property		all			F03-webcontents-navigation	never	NEVER	@keld/electron + keld-wv + keld-compat (webContents routing)	KEL-79,KEL-132,KEL-142	0	0	0		https://electronjs.org/docs/api/structures/shared-texture-sync-token
SharedTextureTransfer	Structure	transfer	property		all	availability_readonly		F03-webcontents-navigation	never	NEVER	@keld/electron + keld-wv + keld-compat (webContents routing)	KEL-79,KEL-132,KEL-142	0	0	0		https://electronjs.org/docs/api/structures/shared-texture-transfer
SharedTextureTransfer	Structure	syncToken	property		all	availability_readonly		F03-webcontents-navigation	never	NEVER	@keld/electron + keld-wv + keld-compat (webContents routing)	KEL-79,KEL-132,KEL-142	0	0	0		https://electronjs.org/docs/api/structures/shared-texture-transfer
SharedTextureTransfer	Structure	pixelFormat	property		all	availability_readonly		F03-webcontents-navigation	never	NEVER	@keld/electron + keld-wv + keld-compat (webContents routing)	KEL-79,KEL-132,KEL-142	0	0	0		https://electronjs.org/docs/api/structures/shared-texture-transfer
SharedTextureTransfer	Structure	codedSize	property		all	availability_readonly		F03-webcontents-navigation	never	NEVER	@keld/electron + keld-wv + keld-compat (webContents routing)	KEL-79,KEL-132,KEL-142	0	0	0		https://electronjs.org/docs/api/structures/shared-texture-transfer
SharedTextureTransfer	Structure	visibleRect	property		all	availability_readonly		F03-webcontents-navigation	never	NEVER	@keld/electron + keld-wv + keld-compat (webContents routing)	KEL-79,KEL-132,KEL-142	0	0	0		https://electronjs.org/docs/api/structures/shared-texture-transfer
SharedTextureTransfer	Structure	timestamp	property		all	availability_readonly		F03-webcontents-navigation	never	NEVER	@keld/electron + keld-wv + keld-compat (webContents routing)	KEL-79,KEL-132,KEL-142	0	0	0		https://electronjs.org/docs/api/structures/shared-texture-transfer
SharedWorkerInfo	Structure	id	property		all			F05-session-network-protocol	2	UNSUPPORTED	keld-compat host emulation + keld-wv + keld-guard net scopes	KEL-79,KEL-135,KEL-74	0	0	0		https://electronjs.org/docs/api/structures/shared-worker-info
SharedWorkerInfo	Structure	url	property		all			F05-session-network-protocol	2	UNSUPPORTED	keld-compat host emulation + keld-wv + keld-guard net scopes	KEL-79,KEL-135,KEL-74	0	0	0		https://electronjs.org/docs/api/structures/shared-worker-info
SharingItem	Structure	texts	property		all			F06-native-desktop	2	UNSUPPORTED	keld-native brokers + keld-guard system grants + @keld/api	KEL-71,KEL-130,KEL-102,KEL-89,KEL-76	0	0	0		https://electronjs.org/docs/api/structures/sharing-item
SharingItem	Structure	filePaths	property		all			F06-native-desktop	2	UNSUPPORTED	keld-native brokers + keld-guard system grants + @keld/api	KEL-71,KEL-130,KEL-102,KEL-89,KEL-76	0	0	0		https://electronjs.org/docs/api/structures/sharing-item
SharingItem	Structure	urls	property		all			F06-native-desktop	2	UNSUPPORTED	keld-native brokers + keld-guard system grants + @keld/api	KEL-71,KEL-130,KEL-102,KEL-89,KEL-76	0	0	0		https://electronjs.org/docs/api/structures/sharing-item
ShortcutDetails	Structure	target	property		all			F06-native-desktop	1	UNSUPPORTED	keld-native brokers + keld-guard system grants + @keld/api	KEL-71,KEL-130,KEL-102,KEL-89,KEL-76	0	0	0		https://electronjs.org/docs/api/structures/shortcut-details
ShortcutDetails	Structure	cwd	property		all			F06-native-desktop	1	UNSUPPORTED	keld-native brokers + keld-guard system grants + @keld/api	KEL-71,KEL-130,KEL-102,KEL-89,KEL-76	0	0	0		https://electronjs.org/docs/api/structures/shortcut-details
ShortcutDetails	Structure	args	property		all			F06-native-desktop	1	UNSUPPORTED	keld-native brokers + keld-guard system grants + @keld/api	KEL-71,KEL-130,KEL-102,KEL-89,KEL-76	0	0	0		https://electronjs.org/docs/api/structures/shortcut-details
ShortcutDetails	Structure	description	property		all			F06-native-desktop	1	UNSUPPORTED	keld-native brokers + keld-guard system grants + @keld/api	KEL-71,KEL-130,KEL-102,KEL-89,KEL-76	0	0	0		https://electronjs.org/docs/api/structures/shortcut-details
ShortcutDetails	Structure	icon	property		all			F06-native-desktop	1	UNSUPPORTED	keld-native brokers + keld-guard system grants + @keld/api	KEL-71,KEL-130,KEL-102,KEL-89,KEL-76	0	0	0		https://electronjs.org/docs/api/structures/shortcut-details
ShortcutDetails	Structure	iconIndex	property		all			F06-native-desktop	1	UNSUPPORTED	keld-native brokers + keld-guard system grants + @keld/api	KEL-71,KEL-130,KEL-102,KEL-89,KEL-76	0	0	0		https://electronjs.org/docs/api/structures/shortcut-details
ShortcutDetails	Structure	appUserModelId	property		all			F06-native-desktop	1	UNSUPPORTED	keld-native brokers + keld-guard system grants + @keld/api	KEL-71,KEL-130,KEL-102,KEL-89,KEL-76	0	0	0		https://electronjs.org/docs/api/structures/shortcut-details
ShortcutDetails	Structure	toastActivatorClsid	property		all			F06-native-desktop	1	UNSUPPORTED	keld-native brokers + keld-guard system grants + @keld/api	KEL-71,KEL-130,KEL-102,KEL-89,KEL-76	0	0	0		https://electronjs.org/docs/api/structures/shortcut-details
Size	Structure	width	property		all			F02-windowing	1	UNSUPPORTED	@keld/electron + keld-core window registry + keld-wv	KEL-139,KEL-142,KEL-143,KEL-135	0	0	0		https://electronjs.org/docs/api/structures/size
Size	Structure	height	property		all			F02-windowing	1	UNSUPPORTED	@keld/electron + keld-core window registry + keld-wv	KEL-139,KEL-142,KEL-143,KEL-135	0	0	0		https://electronjs.org/docs/api/structures/size
Task	Structure	program	property		all			F02-windowing	2	UNSUPPORTED	@keld/electron + keld-core window registry + keld-wv	KEL-139,KEL-142,KEL-143,KEL-135	0	0	0		https://electronjs.org/docs/api/structures/task
Task	Structure	arguments	property		all			F02-windowing	2	UNSUPPORTED	@keld/electron + keld-core window registry + keld-wv	KEL-139,KEL-142,KEL-143,KEL-135	0	0	0		https://electronjs.org/docs/api/structures/task
Task	Structure	title	property		all			F02-windowing	2	UNSUPPORTED	@keld/electron + keld-core window registry + keld-wv	KEL-139,KEL-142,KEL-143,KEL-135	0	0	0		https://electronjs.org/docs/api/structures/task
Task	Structure	description	property		all			F02-windowing	2	UNSUPPORTED	@keld/electron + keld-core window registry + keld-wv	KEL-139,KEL-142,KEL-143,KEL-135	0	0	0		https://electronjs.org/docs/api/structures/task
Task	Structure	iconPath	property		all			F02-windowing	2	UNSUPPORTED	@keld/electron + keld-core window registry + keld-wv	KEL-139,KEL-142,KEL-143,KEL-135	0	0	0		https://electronjs.org/docs/api/structures/task
Task	Structure	iconIndex	property		all			F02-windowing	2	UNSUPPORTED	@keld/electron + keld-core window registry + keld-wv	KEL-139,KEL-142,KEL-143,KEL-135	0	0	0		https://electronjs.org/docs/api/structures/task
Task	Structure	workingDirectory	property		all			F02-windowing	2	UNSUPPORTED	@keld/electron + keld-core window registry + keld-wv	KEL-139,KEL-142,KEL-143,KEL-135	0	0	0		https://electronjs.org/docs/api/structures/task
ThumbarButton	Structure	icon	property		all			F02-windowing	2	UNSUPPORTED	@keld/electron + keld-core window registry + keld-wv	KEL-139,KEL-142,KEL-143,KEL-135	0	0	0		https://electronjs.org/docs/api/structures/thumbar-button
ThumbarButton	Structure	click	property		all			F02-windowing	2	UNSUPPORTED	@keld/electron + keld-core window registry + keld-wv	KEL-139,KEL-142,KEL-143,KEL-135	0	0	0		https://electronjs.org/docs/api/structures/thumbar-button
ThumbarButton	Structure	tooltip	property		all			F02-windowing	2	UNSUPPORTED	@keld/electron + keld-core window registry + keld-wv	KEL-139,KEL-142,KEL-143,KEL-135	0	0	0		https://electronjs.org/docs/api/structures/thumbar-button
ThumbarButton	Structure	flags	property		all			F02-windowing	2	UNSUPPORTED	@keld/electron + keld-core window registry + keld-wv	KEL-139,KEL-142,KEL-143,KEL-135	0	0	0		https://electronjs.org/docs/api/structures/thumbar-button
TraceCategoriesAndOptions	Structure	categoryFilter	property		all			F08-diagnostics-crash-tracing	3	UNSUPPORTED	keld-runtime crash ledger + keld-core census	KEL-105,KEL-116,KEL-90,KEL-129	0	0	0		https://electronjs.org/docs/api/structures/trace-categories-and-options
TraceCategoriesAndOptions	Structure	traceOptions	property		all			F08-diagnostics-crash-tracing	3	UNSUPPORTED	keld-runtime crash ledger + keld-core census	KEL-105,KEL-116,KEL-90,KEL-129	0	0	0		https://electronjs.org/docs/api/structures/trace-categories-and-options
TraceConfig	Structure	recording_mode	property		all			F08-diagnostics-crash-tracing	3	UNSUPPORTED	keld-runtime crash ledger + keld-core census	KEL-105,KEL-116,KEL-90,KEL-129	0	0	0		https://electronjs.org/docs/api/structures/trace-config
TraceConfig	Structure	trace_buffer_size_in_kb	property		all			F08-diagnostics-crash-tracing	3	UNSUPPORTED	keld-runtime crash ledger + keld-core census	KEL-105,KEL-116,KEL-90,KEL-129	0	0	0		https://electronjs.org/docs/api/structures/trace-config
TraceConfig	Structure	trace_buffer_size_in_events	property		all			F08-diagnostics-crash-tracing	3	UNSUPPORTED	keld-runtime crash ledger + keld-core census	KEL-105,KEL-116,KEL-90,KEL-129	0	0	0		https://electronjs.org/docs/api/structures/trace-config
TraceConfig	Structure	enable_argument_filter	property		all			F08-diagnostics-crash-tracing	3	UNSUPPORTED	keld-runtime crash ledger + keld-core census	KEL-105,KEL-116,KEL-90,KEL-129	0	0	0		https://electronjs.org/docs/api/structures/trace-config
TraceConfig	Structure	included_categories	property		all			F08-diagnostics-crash-tracing	3	UNSUPPORTED	keld-runtime crash ledger + keld-core census	KEL-105,KEL-116,KEL-90,KEL-129	0	0	0		https://electronjs.org/docs/api/structures/trace-config
TraceConfig	Structure	excluded_categories	property		all			F08-diagnostics-crash-tracing	3	UNSUPPORTED	keld-runtime crash ledger + keld-core census	KEL-105,KEL-116,KEL-90,KEL-129	0	0	0		https://electronjs.org/docs/api/structures/trace-config
TraceConfig	Structure	included_process_ids	property		all			F08-diagnostics-crash-tracing	3	UNSUPPORTED	keld-runtime crash ledger + keld-core census	KEL-105,KEL-116,KEL-90,KEL-129	0	0	0		https://electronjs.org/docs/api/structures/trace-config
TraceConfig	Structure	histogram_names	property		all			F08-diagnostics-crash-tracing	3	UNSUPPORTED	keld-runtime crash ledger + keld-core census	KEL-105,KEL-116,KEL-90,KEL-129	0	0	0		https://electronjs.org/docs/api/structures/trace-config
TraceConfig	Structure	memory_dump_config	property		all			F08-diagnostics-crash-tracing	3	UNSUPPORTED	keld-runtime crash ledger + keld-core census	KEL-105,KEL-116,KEL-90,KEL-129	0	0	0		https://electronjs.org/docs/api/structures/trace-config
Transaction	Structure	transactionIdentifier	property		all			F06-native-desktop	2	UNSUPPORTED	keld-native brokers + keld-guard system grants + @keld/api	KEL-71,KEL-130,KEL-102,KEL-89,KEL-76	0	0	0		https://electronjs.org/docs/api/structures/transaction
Transaction	Structure	transactionDate	property		all			F06-native-desktop	2	UNSUPPORTED	keld-native brokers + keld-guard system grants + @keld/api	KEL-71,KEL-130,KEL-102,KEL-89,KEL-76	0	0	0		https://electronjs.org/docs/api/structures/transaction
Transaction	Structure	originalTransactionIdentifier	property		all			F06-native-desktop	2	UNSUPPORTED	keld-native brokers + keld-guard system grants + @keld/api	KEL-71,KEL-130,KEL-102,KEL-89,KEL-76	0	0	0		https://electronjs.org/docs/api/structures/transaction
Transaction	Structure	transactionState	property		all			F06-native-desktop	2	UNSUPPORTED	keld-native brokers + keld-guard system grants + @keld/api	KEL-71,KEL-130,KEL-102,KEL-89,KEL-76	0	0	0		https://electronjs.org/docs/api/structures/transaction
Transaction	Structure	errorCode	property		all			F06-native-desktop	2	UNSUPPORTED	keld-native brokers + keld-guard system grants + @keld/api	KEL-71,KEL-130,KEL-102,KEL-89,KEL-76	0	0	0		https://electronjs.org/docs/api/structures/transaction
Transaction	Structure	errorMessage	property		all			F06-native-desktop	2	UNSUPPORTED	keld-native brokers + keld-guard system grants + @keld/api	KEL-71,KEL-130,KEL-102,KEL-89,KEL-76	0	0	0		https://electronjs.org/docs/api/structures/transaction
Transaction	Structure	payment	property		all			F06-native-desktop	2	UNSUPPORTED	keld-native brokers + keld-guard system grants + @keld/api	KEL-71,KEL-130,KEL-102,KEL-89,KEL-76	0	0	0		https://electronjs.org/docs/api/structures/transaction
UploadData	Structure	bytes	property		all			F03-webcontents-navigation	1	UNSUPPORTED	@keld/electron + keld-wv + keld-compat (webContents routing)	KEL-79,KEL-132,KEL-142	0	0	0		https://electronjs.org/docs/api/structures/upload-data
UploadData	Structure	file	property		all			F03-webcontents-navigation	1	UNSUPPORTED	@keld/electron + keld-wv + keld-compat (webContents routing)	KEL-79,KEL-132,KEL-142	0	0	0		https://electronjs.org/docs/api/structures/upload-data
UploadData	Structure	blobUUID	property		all			F03-webcontents-navigation	1	UNSUPPORTED	@keld/electron + keld-wv + keld-compat (webContents routing)	KEL-79,KEL-132,KEL-142	0	0	0		https://electronjs.org/docs/api/structures/upload-data
UploadFile	Structure	type	property		all			F03-webcontents-navigation	1	UNSUPPORTED	@keld/electron + keld-wv + keld-compat (webContents routing)	KEL-79,KEL-132,KEL-142	0	0	0		https://electronjs.org/docs/api/structures/upload-file
UploadFile	Structure	filePath	property		all			F03-webcontents-navigation	1	UNSUPPORTED	@keld/electron + keld-wv + keld-compat (webContents routing)	KEL-79,KEL-132,KEL-142	0	0	0		https://electronjs.org/docs/api/structures/upload-file
UploadFile	Structure	offset	property		all			F03-webcontents-navigation	1	UNSUPPORTED	@keld/electron + keld-wv + keld-compat (webContents routing)	KEL-79,KEL-132,KEL-142	0	0	0		https://electronjs.org/docs/api/structures/upload-file
UploadFile	Structure	length	property		all			F03-webcontents-navigation	1	UNSUPPORTED	@keld/electron + keld-wv + keld-compat (webContents routing)	KEL-79,KEL-132,KEL-142	0	0	0		https://electronjs.org/docs/api/structures/upload-file
UploadFile	Structure	modificationTime	property		all			F03-webcontents-navigation	1	UNSUPPORTED	@keld/electron + keld-wv + keld-compat (webContents routing)	KEL-79,KEL-132,KEL-142	0	0	0		https://electronjs.org/docs/api/structures/upload-file
UploadRawData	Structure	type	property		all			F03-webcontents-navigation	1	UNSUPPORTED	@keld/electron + keld-wv + keld-compat (webContents routing)	KEL-79,KEL-132,KEL-142	0	0	0		https://electronjs.org/docs/api/structures/upload-raw-data
UploadRawData	Structure	bytes	property		all			F03-webcontents-navigation	1	UNSUPPORTED	@keld/electron + keld-wv + keld-compat (webContents routing)	KEL-79,KEL-132,KEL-142	0	0	0		https://electronjs.org/docs/api/structures/upload-raw-data
USBDevice	Structure	configuration	property		all			F05-session-network-protocol	3	UNSUPPORTED	keld-compat host emulation + keld-wv + keld-guard net scopes	KEL-79,KEL-135,KEL-74	0	0	0		https://electronjs.org/docs/api/structures/usb-device
USBDevice	Structure	configurations	property		all			F05-session-network-protocol	3	UNSUPPORTED	keld-compat host emulation + keld-wv + keld-guard net scopes	KEL-79,KEL-135,KEL-74	0	0	0		https://electronjs.org/docs/api/structures/usb-device
USBDevice	Structure	deviceClass	property		all			F05-session-network-protocol	3	UNSUPPORTED	keld-compat host emulation + keld-wv + keld-guard net scopes	KEL-79,KEL-135,KEL-74	0	0	0		https://electronjs.org/docs/api/structures/usb-device
USBDevice	Structure	deviceId	property		all			F05-session-network-protocol	3	UNSUPPORTED	keld-compat host emulation + keld-wv + keld-guard net scopes	KEL-79,KEL-135,KEL-74	0	0	0		https://electronjs.org/docs/api/structures/usb-device
USBDevice	Structure	deviceProtocol	property		all			F05-session-network-protocol	3	UNSUPPORTED	keld-compat host emulation + keld-wv + keld-guard net scopes	KEL-79,KEL-135,KEL-74	0	0	0		https://electronjs.org/docs/api/structures/usb-device
USBDevice	Structure	deviceSubclass	property		all			F05-session-network-protocol	3	UNSUPPORTED	keld-compat host emulation + keld-wv + keld-guard net scopes	KEL-79,KEL-135,KEL-74	0	0	0		https://electronjs.org/docs/api/structures/usb-device
USBDevice	Structure	deviceVersionMajor	property		all			F05-session-network-protocol	3	UNSUPPORTED	keld-compat host emulation + keld-wv + keld-guard net scopes	KEL-79,KEL-135,KEL-74	0	0	0		https://electronjs.org/docs/api/structures/usb-device
USBDevice	Structure	deviceVersionMinor	property		all			F05-session-network-protocol	3	UNSUPPORTED	keld-compat host emulation + keld-wv + keld-guard net scopes	KEL-79,KEL-135,KEL-74	0	0	0		https://electronjs.org/docs/api/structures/usb-device
USBDevice	Structure	deviceVersionSubminor	property		all			F05-session-network-protocol	3	UNSUPPORTED	keld-compat host emulation + keld-wv + keld-guard net scopes	KEL-79,KEL-135,KEL-74	0	0	0		https://electronjs.org/docs/api/structures/usb-device
USBDevice	Structure	manufacturerName	property		all			F05-session-network-protocol	3	UNSUPPORTED	keld-compat host emulation + keld-wv + keld-guard net scopes	KEL-79,KEL-135,KEL-74	0	0	0		https://electronjs.org/docs/api/structures/usb-device
USBDevice	Structure	productId	property		all			F05-session-network-protocol	3	UNSUPPORTED	keld-compat host emulation + keld-wv + keld-guard net scopes	KEL-79,KEL-135,KEL-74	0	0	0		https://electronjs.org/docs/api/structures/usb-device
USBDevice	Structure	productName	property		all			F05-session-network-protocol	3	UNSUPPORTED	keld-compat host emulation + keld-wv + keld-guard net scopes	KEL-79,KEL-135,KEL-74	0	0	0		https://electronjs.org/docs/api/structures/usb-device
USBDevice	Structure	serialNumber	property		all			F05-session-network-protocol	3	UNSUPPORTED	keld-compat host emulation + keld-wv + keld-guard net scopes	KEL-79,KEL-135,KEL-74	0	0	0		https://electronjs.org/docs/api/structures/usb-device
USBDevice	Structure	usbVersionMajor	property		all			F05-session-network-protocol	3	UNSUPPORTED	keld-compat host emulation + keld-wv + keld-guard net scopes	KEL-79,KEL-135,KEL-74	0	0	0		https://electronjs.org/docs/api/structures/usb-device
USBDevice	Structure	usbVersionMinor	property		all			F05-session-network-protocol	3	UNSUPPORTED	keld-compat host emulation + keld-wv + keld-guard net scopes	KEL-79,KEL-135,KEL-74	0	0	0		https://electronjs.org/docs/api/structures/usb-device
USBDevice	Structure	usbVersionSubminor	property		all			F05-session-network-protocol	3	UNSUPPORTED	keld-compat host emulation + keld-wv + keld-guard net scopes	KEL-79,KEL-135,KEL-74	0	0	0		https://electronjs.org/docs/api/structures/usb-device
USBDevice	Structure	vendorId	property		all			F05-session-network-protocol	3	UNSUPPORTED	keld-compat host emulation + keld-wv + keld-guard net scopes	KEL-79,KEL-135,KEL-74	0	0	0		https://electronjs.org/docs/api/structures/usb-device
UserDefaultTypes	Structure	string	property		all			F06-native-desktop	2	UNSUPPORTED	keld-native brokers + keld-guard system grants + @keld/api	KEL-71,KEL-130,KEL-102,KEL-89,KEL-76	0	0	0		https://electronjs.org/docs/api/structures/user-default-types
UserDefaultTypes	Structure	boolean	property		all			F06-native-desktop	2	UNSUPPORTED	keld-native brokers + keld-guard system grants + @keld/api	KEL-71,KEL-130,KEL-102,KEL-89,KEL-76	0	0	0		https://electronjs.org/docs/api/structures/user-default-types
UserDefaultTypes	Structure	integer	property		all			F06-native-desktop	2	UNSUPPORTED	keld-native brokers + keld-guard system grants + @keld/api	KEL-71,KEL-130,KEL-102,KEL-89,KEL-76	0	0	0		https://electronjs.org/docs/api/structures/user-default-types
UserDefaultTypes	Structure	float	property		all			F06-native-desktop	2	UNSUPPORTED	keld-native brokers + keld-guard system grants + @keld/api	KEL-71,KEL-130,KEL-102,KEL-89,KEL-76	0	0	0		https://electronjs.org/docs/api/structures/user-default-types
UserDefaultTypes	Structure	double	property		all			F06-native-desktop	2	UNSUPPORTED	keld-native brokers + keld-guard system grants + @keld/api	KEL-71,KEL-130,KEL-102,KEL-89,KEL-76	0	0	0		https://electronjs.org/docs/api/structures/user-default-types
UserDefaultTypes	Structure	url	property		all			F06-native-desktop	2	UNSUPPORTED	keld-native brokers + keld-guard system grants + @keld/api	KEL-71,KEL-130,KEL-102,KEL-89,KEL-76	0	0	0		https://electronjs.org/docs/api/structures/user-default-types
UserDefaultTypes	Structure	array	property		all			F06-native-desktop	2	UNSUPPORTED	keld-native brokers + keld-guard system grants + @keld/api	KEL-71,KEL-130,KEL-102,KEL-89,KEL-76	0	0	0		https://electronjs.org/docs/api/structures/user-default-types
UserDefaultTypes	Structure	dictionary	property		all			F06-native-desktop	2	UNSUPPORTED	keld-native brokers + keld-guard system grants + @keld/api	KEL-71,KEL-130,KEL-102,KEL-89,KEL-76	0	0	0		https://electronjs.org/docs/api/structures/user-default-types
WebPreferences	Structure	devTools	property		all			F02-windowing	1	UNSUPPORTED	@keld/electron + keld-core window registry + keld-wv	KEL-139,KEL-142,KEL-143,KEL-135	0	0	0		https://electronjs.org/docs/api/structures/web-preferences
WebPreferences	Structure	nodeIntegration	property		all			F02-windowing	1	UNSUPPORTED	@keld/electron + keld-core window registry + keld-wv	KEL-139,KEL-142,KEL-143,KEL-135	0	0	0		https://electronjs.org/docs/api/structures/web-preferences
WebPreferences	Structure	nodeIntegrationInWorker	property		all			F02-windowing	1	UNSUPPORTED	@keld/electron + keld-core window registry + keld-wv	KEL-139,KEL-142,KEL-143,KEL-135	0	0	0		https://electronjs.org/docs/api/structures/web-preferences
WebPreferences	Structure	nodeIntegrationInSubFrames	property		all			F02-windowing	1	UNSUPPORTED	@keld/electron + keld-core window registry + keld-wv	KEL-139,KEL-142,KEL-143,KEL-135	0	0	0		https://electronjs.org/docs/api/structures/web-preferences
WebPreferences	Structure	preload	property		all			F02-windowing	1	UNSUPPORTED	@keld/electron + keld-core window registry + keld-wv	KEL-139,KEL-142,KEL-143,KEL-135	0	0	0		https://electronjs.org/docs/api/structures/web-preferences
WebPreferences	Structure	sandbox	property		all			F02-windowing	1	UNSUPPORTED	@keld/electron + keld-core window registry + keld-wv	KEL-139,KEL-142,KEL-143,KEL-135	0	0	0		https://electronjs.org/docs/api/structures/web-preferences
WebPreferences	Structure	session	property		all			F02-windowing	1	UNSUPPORTED	@keld/electron + keld-core window registry + keld-wv	KEL-139,KEL-142,KEL-143,KEL-135	0	0	0		https://electronjs.org/docs/api/structures/web-preferences
WebPreferences	Structure	partition	property		all			F02-windowing	1	UNSUPPORTED	@keld/electron + keld-core window registry + keld-wv	KEL-139,KEL-142,KEL-143,KEL-135	0	0	0		https://electronjs.org/docs/api/structures/web-preferences
WebPreferences	Structure	zoomFactor	property		all			F02-windowing	1	UNSUPPORTED	@keld/electron + keld-core window registry + keld-wv	KEL-139,KEL-142,KEL-143,KEL-135	0	0	0		https://electronjs.org/docs/api/structures/web-preferences
WebPreferences	Structure	zoomMode	property		all			F02-windowing	1	UNSUPPORTED	@keld/electron + keld-core window registry + keld-wv	KEL-139,KEL-142,KEL-143,KEL-135	0	0	0		https://electronjs.org/docs/api/structures/web-preferences
WebPreferences	Structure	javascript	property		all			F02-windowing	1	UNSUPPORTED	@keld/electron + keld-core window registry + keld-wv	KEL-139,KEL-142,KEL-143,KEL-135	0	0	0		https://electronjs.org/docs/api/structures/web-preferences
WebPreferences	Structure	webSecurity	property		all			F02-windowing	1	UNSUPPORTED	@keld/electron + keld-core window registry + keld-wv	KEL-139,KEL-142,KEL-143,KEL-135	0	0	0		https://electronjs.org/docs/api/structures/web-preferences
WebPreferences	Structure	allowRunningInsecureContent	property		all			F02-windowing	1	UNSUPPORTED	@keld/electron + keld-core window registry + keld-wv	KEL-139,KEL-142,KEL-143,KEL-135	0	0	0		https://electronjs.org/docs/api/structures/web-preferences
WebPreferences	Structure	images	property		all			F02-windowing	1	UNSUPPORTED	@keld/electron + keld-core window registry + keld-wv	KEL-139,KEL-142,KEL-143,KEL-135	0	0	0		https://electronjs.org/docs/api/structures/web-preferences
WebPreferences	Structure	imageAnimationPolicy	property		all			F02-windowing	1	UNSUPPORTED	@keld/electron + keld-core window registry + keld-wv	KEL-139,KEL-142,KEL-143,KEL-135	0	0	0		https://electronjs.org/docs/api/structures/web-preferences
WebPreferences	Structure	textAreasAreResizable	property		all			F02-windowing	1	UNSUPPORTED	@keld/electron + keld-core window registry + keld-wv	KEL-139,KEL-142,KEL-143,KEL-135	0	0	0		https://electronjs.org/docs/api/structures/web-preferences
WebPreferences	Structure	webgl	property		all			F02-windowing	1	UNSUPPORTED	@keld/electron + keld-core window registry + keld-wv	KEL-139,KEL-142,KEL-143,KEL-135	0	0	0		https://electronjs.org/docs/api/structures/web-preferences
WebPreferences	Structure	plugins	property		all			F02-windowing	1	UNSUPPORTED	@keld/electron + keld-core window registry + keld-wv	KEL-139,KEL-142,KEL-143,KEL-135	0	0	0		https://electronjs.org/docs/api/structures/web-preferences
WebPreferences	Structure	experimentalFeatures	property		all			F02-windowing	1	UNSUPPORTED	@keld/electron + keld-core window registry + keld-wv	KEL-139,KEL-142,KEL-143,KEL-135	0	0	0		https://electronjs.org/docs/api/structures/web-preferences
WebPreferences	Structure	scrollBounce	property		macos			F02-windowing	1	UNSUPPORTED	@keld/electron + keld-core window registry + keld-wv	KEL-139,KEL-142,KEL-143,KEL-135	0	0	0		https://electronjs.org/docs/api/structures/web-preferences
WebPreferences	Structure	enableBlinkFeatures	property		all			F02-windowing	1	UNSUPPORTED	@keld/electron + keld-core window registry + keld-wv	KEL-139,KEL-142,KEL-143,KEL-135	0	0	0		https://electronjs.org/docs/api/structures/web-preferences
WebPreferences	Structure	disableBlinkFeatures	property		all			F02-windowing	1	UNSUPPORTED	@keld/electron + keld-core window registry + keld-wv	KEL-139,KEL-142,KEL-143,KEL-135	0	0	0		https://electronjs.org/docs/api/structures/web-preferences
WebPreferences	Structure	defaultFontFamily	property		all			F02-windowing	1	UNSUPPORTED	@keld/electron + keld-core window registry + keld-wv	KEL-139,KEL-142,KEL-143,KEL-135	0	0	0		https://electronjs.org/docs/api/structures/web-preferences
WebPreferences	Structure	defaultFontSize	property		all			F02-windowing	1	UNSUPPORTED	@keld/electron + keld-core window registry + keld-wv	KEL-139,KEL-142,KEL-143,KEL-135	0	0	0		https://electronjs.org/docs/api/structures/web-preferences
WebPreferences	Structure	defaultMonospaceFontSize	property		all			F02-windowing	1	UNSUPPORTED	@keld/electron + keld-core window registry + keld-wv	KEL-139,KEL-142,KEL-143,KEL-135	0	0	0		https://electronjs.org/docs/api/structures/web-preferences
WebPreferences	Structure	minimumFontSize	property		all			F02-windowing	1	UNSUPPORTED	@keld/electron + keld-core window registry + keld-wv	KEL-139,KEL-142,KEL-143,KEL-135	0	0	0		https://electronjs.org/docs/api/structures/web-preferences
WebPreferences	Structure	defaultEncoding	property		all			F02-windowing	1	UNSUPPORTED	@keld/electron + keld-core window registry + keld-wv	KEL-139,KEL-142,KEL-143,KEL-135	0	0	0		https://electronjs.org/docs/api/structures/web-preferences
WebPreferences	Structure	backgroundThrottling	property		all			F02-windowing	1	UNSUPPORTED	@keld/electron + keld-core window registry + keld-wv	KEL-139,KEL-142,KEL-143,KEL-135	0	0	0		https://electronjs.org/docs/api/structures/web-preferences
WebPreferences	Structure	offscreen	property		all			F02-windowing	1	UNSUPPORTED	@keld/electron + keld-core window registry + keld-wv	KEL-139,KEL-142,KEL-143,KEL-135	0	0	0		https://electronjs.org/docs/api/structures/web-preferences
WebPreferences	Structure	contextIsolation	property		all			F02-windowing	1	UNSUPPORTED	@keld/electron + keld-core window registry + keld-wv	KEL-139,KEL-142,KEL-143,KEL-135	0	0	0		https://electronjs.org/docs/api/structures/web-preferences
WebPreferences	Structure	webviewTag	property		all			F02-windowing	1	UNSUPPORTED	@keld/electron + keld-core window registry + keld-wv	KEL-139,KEL-142,KEL-143,KEL-135	0	0	0		https://electronjs.org/docs/api/structures/web-preferences
WebPreferences	Structure	additionalArguments	property		all			F02-windowing	1	UNSUPPORTED	@keld/electron + keld-core window registry + keld-wv	KEL-139,KEL-142,KEL-143,KEL-135	0	0	0		https://electronjs.org/docs/api/structures/web-preferences
WebPreferences	Structure	safeDialogs	property		all			F02-windowing	1	UNSUPPORTED	@keld/electron + keld-core window registry + keld-wv	KEL-139,KEL-142,KEL-143,KEL-135	0	0	0		https://electronjs.org/docs/api/structures/web-preferences
WebPreferences	Structure	safeDialogsMessage	property		all			F02-windowing	1	UNSUPPORTED	@keld/electron + keld-core window registry + keld-wv	KEL-139,KEL-142,KEL-143,KEL-135	0	0	0		https://electronjs.org/docs/api/structures/web-preferences
WebPreferences	Structure	disableDialogs	property		all			F02-windowing	1	UNSUPPORTED	@keld/electron + keld-core window registry + keld-wv	KEL-139,KEL-142,KEL-143,KEL-135	0	0	0		https://electronjs.org/docs/api/structures/web-preferences
WebPreferences	Structure	navigateOnDragDrop	property		all			F02-windowing	1	UNSUPPORTED	@keld/electron + keld-core window registry + keld-wv	KEL-139,KEL-142,KEL-143,KEL-135	0	0	0		https://electronjs.org/docs/api/structures/web-preferences
WebPreferences	Structure	autoplayPolicy	property		all			F02-windowing	1	UNSUPPORTED	@keld/electron + keld-core window registry + keld-wv	KEL-139,KEL-142,KEL-143,KEL-135	0	0	0		https://electronjs.org/docs/api/structures/web-preferences
WebPreferences	Structure	disableHtmlFullscreenWindowResize	property		all			F02-windowing	1	UNSUPPORTED	@keld/electron + keld-core window registry + keld-wv	KEL-139,KEL-142,KEL-143,KEL-135	0	0	0		https://electronjs.org/docs/api/structures/web-preferences
WebPreferences	Structure	accessibleTitle	property		all			F02-windowing	1	UNSUPPORTED	@keld/electron + keld-core window registry + keld-wv	KEL-139,KEL-142,KEL-143,KEL-135	0	0	0		https://electronjs.org/docs/api/structures/web-preferences
WebPreferences	Structure	spellcheck	property		all			F02-windowing	1	UNSUPPORTED	@keld/electron + keld-core window registry + keld-wv	KEL-139,KEL-142,KEL-143,KEL-135	0	0	0		https://electronjs.org/docs/api/structures/web-preferences
WebPreferences	Structure	enableWebSQL	property		all			F02-windowing	1	UNSUPPORTED	@keld/electron + keld-core window registry + keld-wv	KEL-139,KEL-142,KEL-143,KEL-135	0	0	0		https://electronjs.org/docs/api/structures/web-preferences
WebPreferences	Structure	v8CacheOptions	property		all			F02-windowing	1	UNSUPPORTED	@keld/electron + keld-core window registry + keld-wv	KEL-139,KEL-142,KEL-143,KEL-135	0	0	0		https://electronjs.org/docs/api/structures/web-preferences
WebPreferences	Structure	enablePreferredSizeMode	property		all			F02-windowing	1	UNSUPPORTED	@keld/electron + keld-core window registry + keld-wv	KEL-139,KEL-142,KEL-143,KEL-135	0	0	0		https://electronjs.org/docs/api/structures/web-preferences
WebPreferences	Structure	transparent	property		all			F02-windowing	1	UNSUPPORTED	@keld/electron + keld-core window registry + keld-wv	KEL-139,KEL-142,KEL-143,KEL-135	0	0	0		https://electronjs.org/docs/api/structures/web-preferences
WebPreferences	Structure	enableDeprecatedPaste	property		all	stability_deprecated		F02-windowing	1	UNSUPPORTED	@keld/electron + keld-core window registry + keld-wv	KEL-139,KEL-142,KEL-143,KEL-135	0	0	0		https://electronjs.org/docs/api/structures/web-preferences
WebPreferences	Structure	focusOnNavigation	property		all			F02-windowing	1	UNSUPPORTED	@keld/electron + keld-core window registry + keld-wv	KEL-139,KEL-142,KEL-143,KEL-135	0	0	0		https://electronjs.org/docs/api/structures/web-preferences
WebRequestFilter	Structure	urls	property		all			F05-session-network-protocol	2	UNSUPPORTED	keld-compat host emulation + keld-wv + keld-guard net scopes	KEL-79,KEL-135,KEL-74	0	0	0		https://electronjs.org/docs/api/structures/web-request-filter
WebRequestFilter	Structure	excludeUrls	property		all			F05-session-network-protocol	2	UNSUPPORTED	keld-compat host emulation + keld-wv + keld-guard net scopes	KEL-79,KEL-135,KEL-74	0	0	0		https://electronjs.org/docs/api/structures/web-request-filter
WebRequestFilter	Structure	types	property		all			F05-session-network-protocol	2	UNSUPPORTED	keld-compat host emulation + keld-wv + keld-guard net scopes	KEL-79,KEL-135,KEL-74	0	0	0		https://electronjs.org/docs/api/structures/web-request-filter
WebSocketOptions	Structure	protocols	property		all			F05-session-network-protocol	3	UNSUPPORTED	keld-compat host emulation + keld-wv + keld-guard net scopes	KEL-79,KEL-135,KEL-74	0	0	0		https://electronjs.org/docs/api/structures/web-socket-options
WebSocketOptions	Structure	headers	property		all			F05-session-network-protocol	3	UNSUPPORTED	keld-compat host emulation + keld-wv + keld-guard net scopes	KEL-79,KEL-135,KEL-74	0	0	0		https://electronjs.org/docs/api/structures/web-socket-options
WebSocketOptions	Structure	origin	property		all			F05-session-network-protocol	3	UNSUPPORTED	keld-compat host emulation + keld-wv + keld-guard net scopes	KEL-79,KEL-135,KEL-74	0	0	0		https://electronjs.org/docs/api/structures/web-socket-options
WebSocketOptions	Structure	useSessionCookies	property		all			F05-session-network-protocol	3	UNSUPPORTED	keld-compat host emulation + keld-wv + keld-guard net scopes	KEL-79,KEL-135,KEL-74	0	0	0		https://electronjs.org/docs/api/structures/web-socket-options
WebSocketOptions	Structure	session	property		all			F05-session-network-protocol	3	UNSUPPORTED	keld-compat host emulation + keld-wv + keld-guard net scopes	KEL-79,KEL-135,KEL-74	0	0	0		https://electronjs.org/docs/api/structures/web-socket-options
WebSocketOptions	Structure	partition	property		all			F05-session-network-protocol	3	UNSUPPORTED	keld-compat host emulation + keld-wv + keld-guard net scopes	KEL-79,KEL-135,KEL-74	0	0	0		https://electronjs.org/docs/api/structures/web-socket-options
WebSource	Structure	code	property		all			F03-webcontents-navigation	1	UNSUPPORTED	@keld/electron + keld-wv + keld-compat (webContents routing)	KEL-79,KEL-132,KEL-142	0	0	0		https://electronjs.org/docs/api/structures/web-source
WebSource	Structure	url	property		all			F03-webcontents-navigation	1	UNSUPPORTED	@keld/electron + keld-wv + keld-compat (webContents routing)	KEL-79,KEL-132,KEL-142	0	0	0		https://electronjs.org/docs/api/structures/web-source
WebAuthnAccount	Structure	credentialId	property		all			F05-session-network-protocol	2	UNSUPPORTED	keld-compat host emulation + keld-wv + keld-guard net scopes	KEL-79,KEL-135,KEL-74	0	0	0		https://electronjs.org/docs/api/structures/webauthn-account
WebAuthnAccount	Structure	userHandle	property		all			F05-session-network-protocol	2	UNSUPPORTED	keld-compat host emulation + keld-wv + keld-guard net scopes	KEL-79,KEL-135,KEL-74	0	0	0		https://electronjs.org/docs/api/structures/webauthn-account
WebAuthnAccount	Structure	name	property		all			F05-session-network-protocol	2	UNSUPPORTED	keld-compat host emulation + keld-wv + keld-guard net scopes	KEL-79,KEL-135,KEL-74	0	0	0		https://electronjs.org/docs/api/structures/webauthn-account
WebAuthnAccount	Structure	displayName	property		all			F05-session-network-protocol	2	UNSUPPORTED	keld-compat host emulation + keld-wv + keld-guard net scopes	KEL-79,KEL-135,KEL-74	0	0	0		https://electronjs.org/docs/api/structures/webauthn-account
WindowOpenHandlerResponse	Structure	action	property		all			F02-windowing	1	UNSUPPORTED	@keld/electron + keld-core window registry + keld-wv	KEL-139,KEL-142,KEL-143,KEL-135	0	0	0		https://electronjs.org/docs/api/structures/window-open-handler-response
WindowOpenHandlerResponse	Structure	overrideBrowserWindowOptions	property		all			F02-windowing	1	UNSUPPORTED	@keld/electron + keld-core window registry + keld-wv	KEL-139,KEL-142,KEL-143,KEL-135	0	0	0		https://electronjs.org/docs/api/structures/window-open-handler-response
WindowOpenHandlerResponse	Structure	outlivesOpener	property		all			F02-windowing	1	UNSUPPORTED	@keld/electron + keld-core window registry + keld-wv	KEL-139,KEL-142,KEL-143,KEL-135	0	0	0		https://electronjs.org/docs/api/structures/window-open-handler-response
WindowOpenHandlerResponse	Structure	createWindow	property		all			F02-windowing	1	UNSUPPORTED	@keld/electron + keld-core window registry + keld-wv	KEL-139,KEL-142,KEL-143,KEL-135	0	0	0		https://electronjs.org/docs/api/structures/window-open-handler-response
WindowSessionEndEvent	Structure	reasons	property		all			F02-windowing	2	UNSUPPORTED	@keld/electron + keld-core window registry + keld-wv	KEL-139,KEL-142,KEL-143,KEL-135	0	0	0		https://electronjs.org/docs/api/structures/window-session-end-event
WindowStatePersistence	Structure	bounds	property		all			F02-windowing	1	UNSUPPORTED	@keld/electron + keld-core window registry + keld-wv	KEL-139,KEL-142,KEL-143,KEL-135	0	0	0		https://electronjs.org/docs/api/structures/window-state-persistence
WindowStatePersistence	Structure	displayMode	property		all			F02-windowing	1	UNSUPPORTED	@keld/electron + keld-core window registry + keld-wv	KEL-139,KEL-142,KEL-143,KEL-135	0	0	0		https://electronjs.org/docs/api/structures/window-state-persistence
